Exercise;State;opposite_shoulder_x;opposite_shoulder_y;shoulder_x;shoulder_y;elbow_x;elbow_y;wrist_x;wrist_y;thumb_0_x;thumb_0_y;thumb_1_x;thumb_1_y;thumb_2_x;thumb_2_y;index_0_x;index_0_y;index_1_x;index_1_y;index_2_x;index_2_y;index_3_x;index_3_y;middle_finger_0_x;middle_finger_0_y;middle_finger_1_x;middle_finger_1_y;middle_finger_2_x;middle_finger_2_y;middle_finger_3_x;middle_finger_3_y;ring_finger_0_x;ring_finger_0_y;ring_finger_1_x;ring_finger_1_y;ring_finger_2_x;ring_finger_2_y;ring_finger_3_x;ring_finger_3_y;little_finger_0_x;little_finger_0_y;little_finger_1_x;little_finger_1_y;little_finger_2_x;little_finger_2_y;little_finger_3_x;little_finger_3_y;left_eye_x;left_eye_y;right_eye_x;right_eye_y
DO Right;Main Ouverte, Bras Tendu;908.0;102.0;788.0;414.0;816.0;595.0;801.0;804.0;721.0;829.0;697.0;852.0;660.0;869.0;745.0;889.0;731.0;913.0;725.0;932.0;717.0;953.0;781.0;900.0;774.0;926.0;771.0;947.0;771.0;969.0;811.0;898.0;811.0;924.0;812.0;944.0;814.0;964.0;846.0;885.0;854.0;907.0;861.0;926.0;865.0;941.0;648.0;288.0;678.0;212.0
DO Right;Main Ouverte, Bras Tendu;908.0;102.0;788.0;414.0;816.0;595.0;801.0;804.0;721.0;829.0;697.0;852.0;660.0;869.0;745.0;889.0;731.0;913.0;725.0;932.0;717.0;953.0;781.0;900.0;774.0;926.0;771.0;947.0;771.0;969.0;811.0;898.0;811.0;924.0;812.0;944.0;814.0;964.0;846.0;885.0;854.0;907.0;861.0;926.0;865.0;941.0;648.0;288.0;678.0;212.0
DO Right;Main Ouverte, Bras Tendu;908.0;102.0;788.0;414.0;816.0;595.0;801.0;804.0;721.0;829.0;697.0;852.0;660.0;869.0;745.0;889.0;731.0;913.0;725.0;932.0;717.0;953.0;781.0;900.0;774.0;926.0;771.0;947.0;771.0;969.0;811.0;898.0;811.0;924.0;812.0;944.0;814.0;964.0;846.0;885.0;854.0;907.0;861.0;926.0;865.0;941.0;648.0;288.0;678.0;212.0
DO Right;Main Ouverte, Bras Tendu;908.0;102.0;788.0;414.0;816.0;595.0;801.0;804.0;721.0;829.0;697.0;852.0;660.0;869.0;745.0;889.0;731.0;913.0;725.0;932.0;717.0;953.0;781.0;900.0;774.0;926.0;771.0;947.0;771.0;969.0;811.0;898.0;811.0;924.0;812.0;944.0;814.0;964.0;846.0;885.0;854.0;907.0;861.0;926.0;865.0;941.0;648.0;288.0;678.0;212.0
DO Right;Main Ouverte, Bras Tendu;908.0;102.0;788.0;414.0;816.0;595.0;801.0;804.0;721.0;829.0;697.0;852.0;660.0;869.0;745.0;889.0;731.0;913.0;725.0;932.0;717.0;953.0;781.0;900.0;774.0;926.0;771.0;947.0;771.0;969.0;811.0;898.0;811.0;924.0;812.0;944.0;814.0;964.0;846.0;885.0;854.0;907.0;861.0;926.0;865.0;941.0;648.0;288.0;678.0;212.0
DO Right;Main Ouverte, Bras Tendu;908.0;102.0;788.0;414.0;816.0;595.0;801.0;804.0;721.0;829.0;697.0;852.0;660.0;869.0;745.0;889.0;731.0;913.0;725.0;932.0;717.0;953.0;781.0;900.0;774.0;926.0;771.0;947.0;771.0;969.0;811.0;898.0;811.0;924.0;812.0;944.0;814.0;964.0;846.0;885.0;854.0;907.0;861.0;926.0;865.0;941.0;648.0;288.0;678.0;212.0
DO Right;Main Ouverte, Bras Tendu;908.0;102.0;788.0;414.0;816.0;595.0;801.0;804.0;721.0;829.0;697.0;852.0;660.0;869.0;745.0;889.0;731.0;913.0;725.0;932.0;717.0;953.0;781.0;900.0;774.0;926.0;771.0;947.0;771.0;969.0;811.0;898.0;811.0;924.0;812.0;944.0;814.0;964.0;846.0;885.0;854.0;907.0;861.0;926.0;865.0;941.0;650.0;286.0;680.0;213.0
DO Right;Main Ouverte, Bras Tendu;908.0;102.0;788.0;414.0;816.0;595.0;801.0;804.0;721.0;829.0;697.0;852.0;660.0;869.0;745.0;889.0;731.0;913.0;725.0;932.0;717.0;953.0;781.0;900.0;774.0;926.0;771.0;947.0;771.0;969.0;811.0;898.0;811.0;924.0;812.0;944.0;814.0;964.0;846.0;885.0;854.0;907.0;861.0;926.0;865.0;941.0;652.0;286.0;684.0;212.0
DO Right;Main Ouverte, Bras Tendu;908.0;102.0;788.0;414.0;816.0;595.0;801.0;804.0;721.0;829.0;697.0;852.0;660.0;869.0;745.0;889.0;731.0;913.0;725.0;932.0;717.0;953.0;781.0;900.0;774.0;926.0;771.0;947.0;771.0;969.0;811.0;898.0;811.0;924.0;812.0;944.0;814.0;964.0;846.0;885.0;854.0;907.0;861.0;926.0;865.0;941.0;652.0;286.0;684.0;212.0
DO Right;Main Ouverte, Bras Tendu;908.0;102.0;788.0;414.0;816.0;595.0;801.0;804.0;721.0;829.0;697.0;852.0;660.0;869.0;745.0;889.0;731.0;913.0;725.0;932.0;717.0;953.0;781.0;900.0;774.0;926.0;771.0;947.0;771.0;969.0;811.0;898.0;811.0;924.0;812.0;944.0;814.0;964.0;846.0;885.0;854.0;907.0;861.0;926.0;865.0;941.0;652.0;286.0;684.0;212.0
DO Right;Main Ouverte, Bras Tendu;908.0;102.0;788.0;414.0;816.0;595.0;801.0;804.0;721.0;829.0;697.0;852.0;660.0;869.0;745.0;889.0;731.0;913.0;725.0;932.0;717.0;953.0;781.0;900.0;774.0;926.0;771.0;947.0;771.0;969.0;811.0;898.0;811.0;924.0;812.0;944.0;814.0;964.0;846.0;885.0;854.0;907.0;861.0;926.0;865.0;941.0;652.0;286.0;684.0;212.0
DO Right;Main Ouverte, Bras Tendu;908.0;102.0;788.0;414.0;816.0;595.0;801.0;804.0;721.0;829.0;697.0;852.0;660.0;869.0;745.0;889.0;731.0;913.0;725.0;932.0;717.0;953.0;781.0;900.0;774.0;926.0;771.0;947.0;771.0;969.0;811.0;898.0;811.0;924.0;812.0;944.0;814.0;964.0;846.0;885.0;854.0;907.0;861.0;926.0;865.0;941.0;652.0;286.0;684.0;212.0
DO Right;Main Ouverte, Bras Tendu;908.0;102.0;788.0;414.0;816.0;595.0;801.0;804.0;721.0;829.0;697.0;852.0;660.0;869.0;745.0;889.0;731.0;913.0;725.0;932.0;717.0;953.0;781.0;900.0;774.0;926.0;771.0;947.0;771.0;969.0;811.0;898.0;811.0;924.0;812.0;944.0;814.0;964.0;846.0;885.0;854.0;907.0;861.0;926.0;865.0;941.0;652.0;286.0;684.0;212.0
DO Right;Main Ouverte, Bras Tendu;908.0;102.0;788.0;414.0;816.0;595.0;801.0;804.0;721.0;829.0;697.0;852.0;660.0;869.0;745.0;889.0;731.0;913.0;725.0;932.0;717.0;953.0;781.0;900.0;774.0;926.0;771.0;947.0;771.0;969.0;811.0;898.0;811.0;924.0;812.0;944.0;814.0;964.0;846.0;885.0;854.0;907.0;861.0;926.0;865.0;941.0;652.0;286.0;684.0;212.0
DO Right;Main Ouverte, Bras Tendu;908.0;102.0;788.0;414.0;816.0;595.0;801.0;804.0;721.0;829.0;697.0;852.0;660.0;869.0;745.0;889.0;731.0;913.0;725.0;932.0;717.0;953.0;781.0;900.0;774.0;926.0;771.0;947.0;771.0;969.0;811.0;898.0;811.0;924.0;812.0;944.0;814.0;964.0;846.0;885.0;854.0;907.0;861.0;926.0;865.0;941.0;652.0;286.0;684.0;212.0
DO Right;Main Ouverte, Bras Tendu;908.0;102.0;788.0;414.0;816.0;595.0;801.0;804.0;721.0;829.0;697.0;852.0;660.0;869.0;745.0;889.0;731.0;913.0;725.0;932.0;717.0;953.0;781.0;900.0;774.0;926.0;771.0;947.0;771.0;969.0;811.0;898.0;811.0;924.0;812.0;944.0;814.0;964.0;846.0;885.0;854.0;907.0;861.0;926.0;865.0;941.0;652.0;286.0;684.0;212.0
DO Right;Main Ouverte, Bras Tendu;908.0;102.0;788.0;414.0;816.0;595.0;801.0;804.0;721.0;829.0;697.0;852.0;660.0;869.0;745.0;889.0;731.0;913.0;725.0;932.0;717.0;953.0;781.0;900.0;774.0;926.0;771.0;947.0;771.0;969.0;811.0;898.0;811.0;924.0;812.0;944.0;814.0;964.0;846.0;885.0;854.0;907.0;861.0;926.0;865.0;941.0;652.0;286.0;684.0;212.0
DO Right;Main Ouverte, Bras Tendu;908.0;102.0;788.0;414.0;816.0;595.0;801.0;804.0;721.0;829.0;697.0;852.0;660.0;869.0;745.0;889.0;731.0;913.0;725.0;932.0;717.0;953.0;781.0;900.0;774.0;926.0;771.0;947.0;771.0;969.0;811.0;898.0;811.0;924.0;812.0;944.0;814.0;964.0;846.0;885.0;854.0;907.0;861.0;926.0;865.0;941.0;652.0;286.0;684.0;212.0
DO Right;Main Ouverte, Bras Tendu;908.0;102.0;788.0;414.0;816.0;595.0;801.0;804.0;721.0;829.0;697.0;852.0;660.0;869.0;745.0;889.0;731.0;913.0;725.0;932.0;717.0;953.0;781.0;900.0;774.0;926.0;771.0;947.0;771.0;969.0;811.0;898.0;811.0;924.0;812.0;944.0;814.0;964.0;846.0;885.0;854.0;907.0;861.0;926.0;865.0;941.0;652.0;286.0;684.0;212.0
DO Right;Main Ouverte, Bras Tendu;908.0;102.0;788.0;414.0;816.0;595.0;801.0;804.0;721.0;829.0;697.0;852.0;660.0;869.0;745.0;889.0;731.0;913.0;725.0;932.0;717.0;953.0;781.0;900.0;774.0;926.0;771.0;947.0;771.0;969.0;811.0;898.0;811.0;924.0;812.0;944.0;814.0;964.0;846.0;885.0;854.0;907.0;861.0;926.0;865.0;941.0;652.0;286.0;684.0;212.0
DO Right;Main Ouverte, Bras Tendu;908.0;102.0;788.0;414.0;816.0;595.0;801.0;804.0;721.0;829.0;697.0;852.0;660.0;869.0;745.0;889.0;731.0;913.0;725.0;932.0;717.0;953.0;781.0;900.0;774.0;926.0;771.0;947.0;771.0;969.0;811.0;898.0;811.0;924.0;812.0;944.0;814.0;964.0;846.0;885.0;854.0;907.0;861.0;926.0;865.0;941.0;652.0;286.0;684.0;212.0
DO Right;Main Ouverte, Bras Tendu;908.0;102.0;788.0;414.0;816.0;595.0;801.0;804.0;721.0;829.0;697.0;852.0;660.0;869.0;745.0;889.0;731.0;913.0;725.0;932.0;717.0;953.0;781.0;900.0;774.0;926.0;771.0;947.0;771.0;969.0;811.0;898.0;811.0;924.0;812.0;944.0;814.0;964.0;846.0;885.0;854.0;907.0;861.0;926.0;865.0;941.0;652.0;286.0;681.0;211.0
DO Right;Main Ouverte, Bras Tendu;908.0;102.0;788.0;414.0;816.0;595.0;801.0;804.0;721.0;829.0;697.0;852.0;660.0;869.0;745.0;889.0;731.0;913.0;725.0;932.0;717.0;953.0;781.0;900.0;774.0;926.0;771.0;947.0;771.0;969.0;811.0;898.0;811.0;924.0;812.0;944.0;814.0;964.0;846.0;885.0;854.0;907.0;861.0;926.0;865.0;941.0;652.0;286.0;681.0;211.0
DO Right;Main Ouverte, Bras Tendu;908.0;102.0;788.0;414.0;816.0;595.0;801.0;804.0;721.0;829.0;697.0;852.0;660.0;869.0;745.0;889.0;731.0;913.0;725.0;932.0;717.0;953.0;781.0;900.0;774.0;926.0;771.0;947.0;771.0;969.0;811.0;898.0;811.0;924.0;812.0;944.0;814.0;964.0;846.0;885.0;854.0;907.0;861.0;926.0;865.0;941.0;646.0;284.0;677.0;211.0
DO Right;Main Ouverte, Bras Tendu;908.0;102.0;788.0;414.0;816.0;595.0;801.0;804.0;721.0;829.0;697.0;852.0;660.0;869.0;745.0;889.0;731.0;913.0;725.0;932.0;717.0;953.0;781.0;900.0;774.0;926.0;771.0;947.0;771.0;969.0;811.0;898.0;811.0;924.0;812.0;944.0;814.0;964.0;846.0;885.0;854.0;907.0;861.0;926.0;865.0;941.0;646.0;284.0;677.0;211.0
DO Right;Main Ouverte, Bras Tendu;908.0;102.0;788.0;414.0;816.0;595.0;801.0;804.0;721.0;829.0;697.0;852.0;660.0;869.0;745.0;889.0;731.0;913.0;725.0;932.0;717.0;953.0;781.0;900.0;774.0;926.0;771.0;947.0;771.0;969.0;811.0;898.0;811.0;924.0;812.0;944.0;814.0;964.0;846.0;885.0;854.0;907.0;861.0;926.0;865.0;941.0;646.0;284.0;677.0;211.0
DO Right;Main Ouverte, Bras Tendu;908.0;102.0;788.0;414.0;816.0;595.0;801.0;804.0;721.0;829.0;697.0;852.0;660.0;869.0;745.0;889.0;731.0;913.0;725.0;932.0;717.0;953.0;781.0;900.0;774.0;926.0;771.0;947.0;771.0;969.0;811.0;898.0;811.0;924.0;812.0;944.0;814.0;964.0;846.0;885.0;854.0;907.0;861.0;926.0;865.0;941.0;646.0;284.0;677.0;211.0
DO Right;Main Ouverte, Bras Tendu;908.0;102.0;788.0;414.0;816.0;595.0;801.0;804.0;721.0;829.0;697.0;852.0;660.0;869.0;745.0;889.0;731.0;913.0;725.0;932.0;717.0;953.0;781.0;900.0;774.0;926.0;771.0;947.0;771.0;969.0;811.0;898.0;811.0;924.0;812.0;944.0;814.0;964.0;846.0;885.0;854.0;907.0;861.0;926.0;865.0;941.0;646.0;284.0;677.0;211.0
DO Right;Main Ouverte, Bras Tendu;908.0;102.0;788.0;414.0;816.0;595.0;801.0;804.0;721.0;829.0;697.0;852.0;660.0;869.0;745.0;889.0;731.0;913.0;725.0;932.0;717.0;953.0;781.0;900.0;774.0;926.0;771.0;947.0;771.0;969.0;811.0;898.0;811.0;924.0;812.0;944.0;814.0;964.0;846.0;885.0;854.0;907.0;861.0;926.0;865.0;941.0;646.0;284.0;677.0;211.0
DO Right;Main Ouverte, Bras Tendu;908.0;102.0;788.0;414.0;816.0;595.0;801.0;804.0;721.0;829.0;697.0;852.0;660.0;869.0;745.0;889.0;731.0;913.0;725.0;932.0;717.0;953.0;781.0;900.0;774.0;926.0;771.0;947.0;771.0;969.0;811.0;898.0;811.0;924.0;812.0;944.0;814.0;964.0;846.0;885.0;854.0;907.0;861.0;926.0;865.0;941.0;646.0;284.0;677.0;211.0
DO Right;Main Ouverte, Bras Tendu;908.0;102.0;788.0;414.0;816.0;595.0;801.0;804.0;721.0;829.0;697.0;852.0;660.0;869.0;745.0;889.0;731.0;913.0;725.0;932.0;717.0;953.0;781.0;900.0;774.0;926.0;771.0;947.0;771.0;969.0;811.0;898.0;811.0;924.0;812.0;944.0;814.0;964.0;846.0;885.0;854.0;907.0;861.0;926.0;865.0;941.0;646.0;284.0;677.0;211.0
DO Right;Main Ouverte, Bras Tendu;908.0;102.0;788.0;414.0;816.0;595.0;801.0;804.0;721.0;829.0;697.0;852.0;660.0;869.0;745.0;889.0;731.0;913.0;725.0;932.0;722.0;954.0;781.0;900.0;774.0;926.0;772.0;953.0;773.0;976.0;811.0;898.0;811.0;924.0;816.0;948.0;814.0;971.0;846.0;885.0;854.0;907.0;861.0;926.0;865.0;941.0;646.0;284.0;677.0;211.0
DO Right;Main Ouverte, Bras Tendu;908.0;102.0;788.0;414.0;816.0;595.0;801.0;804.0;721.0;829.0;697.0;852.0;660.0;869.0;745.0;889.0;731.0;913.0;725.0;932.0;722.0;954.0;781.0;900.0;774.0;926.0;772.0;953.0;773.0;976.0;811.0;898.0;811.0;924.0;816.0;948.0;814.0;971.0;846.0;885.0;854.0;907.0;861.0;926.0;865.0;941.0;646.0;284.0;677.0;211.0
DO Right;Main Ouverte, Bras Tendu;908.0;102.0;788.0;414.0;816.0;595.0;801.0;804.0;721.0;829.0;697.0;852.0;660.0;869.0;745.0;889.0;731.0;913.0;725.0;932.0;722.0;954.0;781.0;900.0;774.0;926.0;772.0;953.0;773.0;976.0;811.0;898.0;811.0;924.0;816.0;948.0;817.0;968.0;846.0;885.0;854.0;907.0;861.0;926.0;865.0;941.0;646.0;284.0;677.0;211.0
DO Right;Main Ouverte, Bras Tendu;908.0;102.0;788.0;414.0;816.0;595.0;800.0;804.0;717.0;821.0;692.0;843.0;662.0;856.0;739.0;876.0;733.0;905.0;728.0;920.0;715.0;938.0;777.0;891.0;771.0;920.0;769.0;940.0;770.0;957.0;806.0;881.0;810.0;915.0;814.0;936.0;816.0;953.0;838.0;872.0;852.0;901.0;857.0;918.0;861.0;932.0;646.0;284.0;677.0;211.0
DO Right;Main Ouverte, Bras Tendu;908.0;102.0;788.0;414.0;816.0;595.0;802.0;782.0;718.0;796.0;688.0;809.0;657.0;817.0;733.0;852.0;725.0;875.0;720.0;888.0;706.0;899.0;764.0;853.0;764.0;883.0;764.0;901.0;764.0;925.0;803.0;851.0;806.0;878.0;810.0;900.0;814.0;918.0;835.0;846.0;844.0;866.0;852.0;883.0;862.0;901.0;646.0;284.0;677.0;211.0
DO Right;Main Ouverte, Bras Tendu;908.0;102.0;788.0;414.0;816.0;595.0;802.0;782.0;723.0;770.0;691.0;780.0;654.0;790.0;731.0;822.0;722.0;848.0;715.0;861.0;706.0;876.0;768.0;828.0;765.0;861.0;761.0;877.0;760.0;893.0;801.0;830.0;803.0;857.0;809.0;877.0;816.0;896.0;829.0;821.0;843.0;843.0;854.0;858.0;862.0;872.0;646.0;284.0;677.0;211.0
DO Right;Main Ouverte, Bras Tendu;908.0;102.0;788.0;414.0;819.0;586.0;789.0;709.0;715.0;710.0;682.0;712.0;656.0;715.0;729.0;755.0;717.0;782.0;710.0;803.0;701.0;778.0;761.0;765.0;762.0;793.0;756.0;811.0;755.0;832.0;797.0;765.0;800.0;789.0;802.0;814.0;809.0;827.0;826.0;757.0;836.0;782.0;843.0;796.0;858.0;810.0;646.0;284.0;677.0;211.0
DO Right;Intermédiaire;908.0;102.0;788.0;414.0;817.0;573.0;790.0;636.0;709.0;635.0;678.0;634.0;649.0;619.0;720.0;688.0;712.0;718.0;696.0;716.0;689.0;698.0;752.0;698.0;758.0;723.0;744.0;732.0;738.0;716.0;790.0;693.0;794.0;721.0;792.0;734.0;782.0;716.0;820.0;675.0;829.0;706.0;843.0;710.0;838.0;698.0;646.0;284.0;677.0;211.0
DO Right;Intermédiaire;908.0;102.0;788.0;414.0;814.0;570.0;774.0;616.0;697.0;580.0;668.0;577.0;646.0;560.0;723.0;653.0;700.0;672.0;686.0;642.0;693.0;613.0;754.0;661.0;745.0;692.0;741.0;657.0;746.0;613.0;812.0;664.0;797.0;686.0;795.0;646.0;796.0;619.0;845.0;653.0;840.0;634.0;843.0;624.0;846.0;603.0;646.0;284.0;677.0;211.0
DO Right;Intermédiaire;908.0;102.0;788.0;414.0;848.0;658.0;774.0;616.0;721.0;537.0;693.0;522.0;666.0;490.0;729.0;574.0;699.0;564.0;700.0;537.0;702.0;504.0;748.0;590.0;740.0;556.0;746.0;524.0;752.0;496.0;790.0;594.0;796.0;563.0;796.0;530.0;802.0;501.0;827.0;585.0;833.0;556.0;845.0;536.0;844.0;508.0;646.0;284.0;677.0;211.0
DO Right;Intermédiaire;908.0;102.0;788.0;414.0;844.0;650.0;772.0;525.0;724.0;427.0;694.0;402.0;681.0;376.0;713.0;456.0;714.0;425.0;721.0;393.0;730.0;350.0;750.0;473.0;756.0;435.0;766.0;395.0;773.0;361.0;794.0;489.0;804.0;445.0;806.0;409.0;811.0;381.0;826.0;480.0;843.0;459.0;848.0;426.0;848.0;389.0;646.0;284.0;677.0;211.0
DO Right;Intermédiaire;908.0;102.0;788.0;414.0;844.0;650.0;771.0;497.0;714.0;411.0;699.0;361.0;697.0;318.0;724.0;405.0;728.0;365.0;733.0;333.0;739.0;302.0;761.0;417.0;768.0;379.0;778.0;345.0;788.0;312.0;805.0;425.0;810.0;388.0;813.0;360.0;819.0;331.0;827.0;440.0;843.0;398.0;848.0;376.0;849.0;341.0;646.0;284.0;677.0;211.0
DO Right;Intermédiaire;908.0;102.0;781.0;429.0;843.0;641.0;787.0;411.0;733.0;358.0;717.0;315.0;721.0;282.0;745.0;332.0;737.0;282.0;754.0;259.0;769.0;232.0;773.0;337.0;778.0;300.0;793.0;270.0;797.0;249.0;809.0;345.0;819.0;314.0;825.0;288.0;829.0;260.0;837.0;352.0;849.0;321.0;857.0;292.0;853.0;281.0;646.0;284.0;677.0;211.0
DO Right;Intermédiaire;908.0;102.0;781.0;429.0;843.0;628.0;792.0;361.0;739.0;283.0;732.0;248.0;732.0;203.0;756.0;250.0;763.0;211.0;770.0;193.0;780.0;190.0;793.0;264.0;794.0;220.0;811.0;190.0;809.0;206.0;820.0;278.0;836.0;232.0;837.0;208.0;833.0;229.0;850.0;285.0;865.0;249.0;865.0;225.0;858.0;244.0;648.0;286.0;677.0;211.0
DO Right;Intermédiaire;908.0;102.0;781.0;429.0;843.0;628.0;797.0;321.0;755.0;257.0;740.0;216.0;744.0;179.0;765.0;218.0;776.0;184.0;786.0;172.0;768.0;202.0;796.0;229.0;808.0;188.0;819.0;189.0;805.0;205.0;825.0;245.0;837.0;202.0;844.0;203.0;838.0;221.0;854.0;257.0;867.0;220.0;873.0;205.0;869.0;222.0;648.0;286.0;677.0;211.0
DO Right;Intermédiaire;908.0;102.0;781.0;429.0;848.0;612.0;806.0;301.0;765.0;214.0;761.0;174.0;755.0;146.0;779.0;184.0;796.0;140.0;806.0;132.0;795.0;150.0;808.0;190.0;826.0;147.0;834.0;138.0;827.0;156.0;835.0;203.0;848.0;164.0;856.0;154.0;854.0;166.0;865.0;216.0;878.0;188.0;880.0;173.0;874.0;181.0;648.0;286.0;677.0;211.0
DO Right;Main Fermée, Bras Fléchi;908.0;102.0;781.0;429.0;848.0;612.0;818.0;281.0;779.0;214.0;769.0;162.0;768.0;126.0;793.0;157.0;812.0;124.0;806.0;137.0;806.0;155.0;820.0;166.0;842.0;133.0;850.0;152.0;837.0;162.0;846.0;182.0;865.0;147.0;864.0;164.0;852.0;174.0;870.0;188.0;885.0;168.0;882.0;178.0;874.0;186.0;648.0;286.0;677.0;211.0
DO Right;Main Fermée, Bras Fléchi;908.0;102.0;781.0;429.0;848.0;612.0;824.0;268.0;786.0;211.0;771.0;162.0;780.0;130.0;796.0;163.0;812.0;124.0;806.0;137.0;806.0;155.0;820.0;166.0;846.0;134.0;854.0;154.0;837.0;162.0;846.0;178.0;872.0;149.0;864.0;164.0;852.0;174.0;870.0;187.0;894.0;172.0;891.0;194.0;885.0;210.0;648.0;286.0;677.0;211.0
DO Right;Main Fermée, Bras Fléchi;908.0;102.0;781.0;429.0;848.0;612.0;835.0;261.0;794.0;198.0;782.0;170.0;796.0;140.0;801.0;161.0;825.0;141.0;820.0;162.0;814.0;178.0;827.0;162.0;858.0;146.0;850.0;171.0;840.0;185.0;854.0;170.0;881.0;157.0;874.0;173.0;865.0;190.0;878.0;178.0;898.0;173.0;893.0;194.0;880.0;206.0;648.0;286.0;677.0;211.0
DO Right;Main Fermée, Bras Fléchi;905.0;97.0;786.0;426.0;851.0;579.0;848.0;254.0;797.0;205.0;802.0;180.0;814.0;165.0;825.0;165.0;833.0;168.0;834.0;180.0;826.0;187.0;846.0;163.0;850.0;170.0;849.0;178.0;843.0;185.0;870.0;168.0;874.0;179.0;868.0;190.0;853.0;194.0;893.0;180.0;906.0;189.0;899.0;202.0;888.0;206.0;677.0;214.0;650.0;289.0
DO Right;Main Fermée, Bras Fléchi;905.0;100.0;788.0;408.0;853.0;573.0;849.0;261.0;809.0;214.0;811.0;185.0;822.0;181.0;816.0;177.0;833.0;166.0;840.0;179.0;825.0;189.0;841.0;170.0;859.0;165.0;854.0;182.0;842.0;187.0;868.0;172.0;884.0;179.0;881.0;193.0;866.0;194.0;893.0;187.0;904.0;196.0;898.0;208.0;882.0;206.0;681.0;214.0;650.0;288.0
DO Right;Main Fermée, Bras Fléchi;906.0;100.0;782.0;406.0;858.0;568.0;853.0;259.0;819.0;216.0;830.0;196.0;845.0;210.0;836.0;173.0;849.0;182.0;845.0;189.0;838.0;197.0;859.0;171.0;872.0;187.0;865.0;196.0;853.0;196.0;880.0;184.0;892.0;192.0;884.0;200.0;868.0;200.0;907.0;192.0;916.0;209.0;908.0;216.0;898.0;212.0;678.0;216.0;649.0;289.0
DO Right;Main Fermée, Bras Fléchi;906.0;100.0;782.0;406.0;858.0;568.0;853.0;259.0;819.0;216.0;830.0;196.0;845.0;210.0;836.0;173.0;849.0;182.0;845.0;189.0;838.0;197.0;859.0;171.0;872.0;187.0;865.0;196.0;853.0;196.0;880.0;184.0;892.0;192.0;884.0;200.0;868.0;200.0;907.0;192.0;916.0;209.0;908.0;216.0;898.0;212.0;678.0;216.0;649.0;289.0
DO Right;Main Fermée, Bras Fléchi;910.0;96.0;786.0;416.0;856.0;569.0;861.0;266.0;820.0;218.0;829.0;198.0;844.0;203.0;844.0;179.0;856.0;187.0;853.0;205.0;848.0;198.0;861.0;177.0;873.0;189.0;870.0;193.0;862.0;197.0;888.0;184.0;898.0;201.0;891.0;205.0;880.0;201.0;910.0;195.0;923.0;209.0;914.0;216.0;902.0;213.0;681.0;212.0;646.0;291.0
DO Right;Main Fermée, Bras Fléchi;909.0;96.0;786.0;413.0;858.0;573.0;860.0;253.0;819.0;210.0;827.0;188.0;842.0;197.0;837.0;172.0;849.0;179.0;848.0;186.0;840.0;184.0;864.0;173.0;875.0;182.0;872.0;190.0;864.0;186.0;888.0;174.0;896.0;188.0;896.0;193.0;888.0;195.0;910.0;192.0;922.0;205.0;915.0;213.0;909.0;212.0;681.0;214.0;650.0;290.0
DO Right;Main Fermée, Bras Fléchi;909.0;93.0;789.0;414.0;853.0;576.0;854.0;260.0;812.0;210.0;812.0;181.0;834.0;186.0;829.0;162.0;837.0;147.0;844.0;161.0;843.0;172.0;856.0;163.0;869.0;156.0;873.0;168.0;859.0;177.0;882.0;168.0;897.0;162.0;897.0;177.0;886.0;181.0;905.0;176.0;917.0;178.0;914.0;190.0;904.0;194.0;678.0;214.0;648.0;290.0
DO Right;Main Fermée, Bras Fléchi;909.0;96.0;764.0;420.0;851.0;578.0;858.0;249.0;805.0;201.0;805.0;161.0;820.0;164.0;830.0;156.0;834.0;142.0;842.0;152.0;836.0;168.0;846.0;153.0;861.0;145.0;869.0;156.0;857.0;165.0;880.0;162.0;890.0;158.0;888.0;170.0;881.0;174.0;901.0;169.0;913.0;176.0;907.0;189.0;897.0;187.0;678.0;214.0;646.0;286.0
DO Right;Main Fermée, Bras Fléchi;915.0;97.0;765.0;420.0;848.0;581.0;849.0;248.0;797.0;186.0;798.0;145.0;803.0;112.0;817.0;136.0;832.0;104.0;838.0;122.0;829.0;144.0;848.0;140.0;860.0;112.0;866.0;122.0;858.0;137.0;872.0;156.0;878.0;124.0;880.0;136.0;876.0;144.0;896.0;163.0;902.0;141.0;908.0;156.0;902.0;171.0;681.0;212.0;648.0;291.0
DO Right;Main Fermée, Bras Fléchi;913.0;92.0;785.0;408.0;845.0;585.0;840.0;252.0;778.0;177.0;779.0;144.0;760.0;115.0;805.0;147.0;810.0;99.0;828.0;99.0;825.0;122.0;834.0;149.0;848.0;100.0;854.0;120.0;848.0;129.0;858.0;153.0;873.0;113.0;885.0;130.0;873.0;138.0;889.0;173.0;897.0;129.0;905.0;141.0;899.0;153.0;682.0;217.0;651.0;285.0
DO Right;Intermédiaire;913.0;92.0;785.0;408.0;845.0;585.0;832.0;268.0;777.0;190.0;768.0;150.0;749.0;124.0;797.0;161.0;796.0;104.0;817.0;86.0;819.0;105.0;828.0;164.0;835.0;107.0;851.0;90.0;858.0;112.0;856.0;174.0;865.0;123.0;877.0;112.0;875.0;130.0;883.0;186.0;896.0;149.0;902.0;133.0;902.0;146.0;682.0;217.0;651.0;285.0
DO Right;Intermédiaire;913.0;92.0;785.0;408.0;845.0;585.0;825.0;301.0;761.0;219.0;752.0;181.0;734.0;152.0;789.0;189.0;776.0;145.0;789.0;105.0;800.0;83.0;813.0;190.0;817.0;139.0;828.0;109.0;845.0;81.0;843.0;198.0;857.0;161.0;862.0;132.0;873.0;110.0;872.0;225.0;889.0;184.0;897.0;161.0;902.0;144.0;682.0;217.0;651.0;285.0
DO Right;Intermédiaire;913.0;92.0;785.0;408.0;838.0;600.0;814.0;339.0;762.0;275.0;732.0;238.0;717.0;205.0;773.0;249.0;760.0;200.0;761.0;162.0;770.0;128.0;796.0;256.0;802.0;202.0;810.0;165.0;819.0;132.0;826.0;266.0;841.0;214.0;850.0;173.0;857.0;145.0;861.0;277.0;878.0;229.0;885.0;203.0;889.0;176.0;682.0;217.0;651.0;285.0
DO Right;Intermédiaire;913.0;92.0;785.0;408.0;837.0;604.0;806.0;364.0;752.0;313.0;742.0;277.0;740.0;256.0;768.0;297.0;756.0;246.0;749.0;206.0;752.0;185.0;796.0;301.0;796.0;244.0;801.0;208.0;804.0;172.0;829.0;301.0;834.0;249.0;837.0;221.0;844.0;189.0;859.0;313.0;869.0;264.0;878.0;241.0;881.0;216.0;683.0;212.0;652.0;286.0
DO Right;Intermédiaire;913.0;92.0;785.0;408.0;834.0;613.0;788.0;429.0;740.0;374.0;725.0;347.0;740.0;313.0;760.0;373.0;760.0;337.0;764.0;307.0;770.0;275.0;779.0;377.0;782.0;337.0;789.0;302.0;790.0;275.0;804.0;387.0;819.0;334.0;821.0;306.0;825.0;285.0;844.0;397.0;857.0;360.0;862.0;332.0;866.0;310.0;683.0;212.0;652.0;286.0
DO Right;Intermédiaire;913.0;92.0;785.0;408.0;838.0;622.0;785.0;536.0;722.0;465.0;701.0;438.0;667.0;400.0;730.0;480.0;710.0;440.0;707.0;411.0;709.0;382.0;752.0;480.0;756.0;435.0;762.0;413.0;766.0;398.0;793.0;481.0;798.0;446.0;803.0;426.0;809.0;413.0;827.0;489.0;843.0;456.0;849.0;436.0;854.0;419.0;683.0;212.0;652.0;286.0
DO Right;Intermédiaire;913.0;92.0;785.0;408.0;838.0;622.0;777.0;568.0;728.0;530.0;704.0;489.0;680.0;468.0;729.0;517.0;725.0;492.0;725.0;474.0;728.0;454.0;752.0;536.0;755.0;502.0;754.0;480.0;754.0;459.0;787.0;542.0;793.0;505.0;793.0;489.0;795.0;468.0;818.0;547.0;832.0;523.0;838.0;505.0;841.0;478.0;683.0;212.0;652.0;286.0
DO Right;Intermédiaire;916.0;101.0;793.0;430.0;826.0;592.0;777.0;573.0;721.0;561.0;685.0;563.0;635.0;562.0;725.0;587.0;710.0;629.0;683.0;616.0;685.0;586.0;761.0;614.0;745.0;654.0;738.0;614.0;741.0;578.0;806.0;614.0;771.0;646.0;772.0;612.0;779.0;589.0;826.0;622.0;805.0;651.0;804.0;630.0;809.0;594.0;685.0;214.0;654.0;288.0
DO Right;Main Ouverte, Bras Tendu;920.0;96.0;808.0;428.0;814.0;594.0;784.0;643.0;728.0;632.0;675.0;653.0;636.0;654.0;726.0;669.0;715.0;696.0;706.0;724.0;681.0;736.0;756.0;676.0;744.0;707.0;745.0;720.0;737.0;753.0;776.0;691.0;774.0;708.0;777.0;729.0;776.0;756.0;820.0;680.0;822.0;708.0;821.0;728.0;829.0;742.0;686.0;216.0;657.0;290.0
DO Right;Main Ouverte, Bras Tendu;926.0;110.0;792.0;434.0;817.0;568.0;788.0;669.0;723.0;675.0;674.0;693.0;635.0;701.0;726.0;717.0;704.0;734.0;692.0;762.0;683.0;780.0;746.0;739.0;742.0;755.0;741.0;774.0;737.0;798.0;778.0;745.0;778.0;761.0;778.0;786.0;779.0;806.0;813.0;739.0;820.0;752.0;824.0;771.0;832.0;793.0;685.0;213.0;652.0;291.0
DO Right;Main Ouverte, Bras Tendu;926.0;110.0;792.0;434.0;817.0;568.0;777.0;737.0;710.0;757.0;670.0;764.0;633.0;771.0;716.0;803.0;705.0;827.0;693.0;849.0;678.0;877.0;748.0;816.0;742.0;842.0;740.0;868.0;737.0;897.0;779.0;818.0;779.0;848.0;779.0;875.0;780.0;906.0;814.0;810.0;825.0;836.0;828.0;856.0;833.0;877.0;685.0;213.0;652.0;291.0
DO Right;Main Ouverte, Bras Tendu;910.0;106.0;797.0;430.0;812.0;588.0;786.0;793.0;701.0;812.0;670.0;837.0;637.0;843.0;725.0;866.0;712.0;898.0;700.0;917.0;689.0;946.0;753.0;885.0;748.0;913.0;742.0;939.0;745.0;966.0;786.0;897.0;787.0;920.0;788.0;945.0;788.0;964.0;825.0;881.0;828.0;908.0;832.0;923.0;838.0;940.0;685.0;216.0;653.0;290.0
DO Right;Main Ouverte, Bras Tendu;920.0;94.0;800.0;437.0;810.0;606.0;784.0;796.0;693.0;834.0;665.0;859.0;636.0;873.0;720.0;896.0;712.0;918.0;705.0;942.0;693.0;971.0;760.0;912.0;750.0;934.0;749.0;960.0;749.0;994.0;786.0;920.0;787.0;946.0;789.0;972.0;789.0;998.0;822.0;910.0;832.0;930.0;838.0;954.0;844.0;969.0;686.0;214.0;656.0;293.0
DO Right;Main Ouverte, Bras Tendu;909.0;96.0;792.0;421.0;816.0;597.0;789.0;825.0;706.0;868.0;673.0;890.0;644.0;905.0;730.0;930.0;721.0;950.0;707.0;981.0;696.0;1004.0;763.0;942.0;755.0;981.0;749.0;1010.0;754.0;1033.0;793.0;947.0;795.0;981.0;794.0;1004.0;796.0;1028.0;828.0;933.0;834.0;954.0;843.0;978.0;846.0;997.0;689.0;214.0;654.0;294.0
DO Right;Main Ouverte, Bras Tendu;918.0;96.0;789.0;428.0;811.0;617.0;790.0;836.0;707.0;873.0;680.0;899.0;650.0;910.0;733.0;937.0;717.0;977.0;706.0;1002.0;702.0;1020.0;762.0;954.0;758.0;992.0;756.0;1020.0;754.0;1044.0;795.0;953.0;798.0;996.0;801.0;1022.0;800.0;1043.0;829.0;948.0;843.0;976.0;849.0;995.0;853.0;1016.0;686.0;214.0;656.0;289.0
DO Right;Main Ouverte, Bras Tendu;918.0;96.0;789.0;428.0;811.0;617.0;790.0;836.0;707.0;873.0;680.0;899.0;650.0;910.0;733.0;937.0;717.0;977.0;706.0;1002.0;702.0;1020.0;762.0;954.0;758.0;992.0;756.0;1020.0;754.0;1044.0;795.0;953.0;798.0;996.0;801.0;1022.0;800.0;1043.0;829.0;948.0;843.0;976.0;849.0;995.0;853.0;1016.0;686.0;214.0;656.0;289.0
DO Right;Main Ouverte, Bras Tendu;918.0;96.0;789.0;428.0;811.0;617.0;796.0;825.0;715.0;856.0;684.0;877.0;653.0;886.0;729.0;916.0;717.0;945.0;708.0;977.0;700.0;1001.0;764.0;929.0;757.0;965.0;756.0;994.0;756.0;1022.0;797.0;930.0;802.0;966.0;804.0;997.0;805.0;1020.0;833.0;917.0;846.0;953.0;853.0;972.0;862.0;987.0;686.0;214.0;656.0;289.0
DO Right;Main Ouverte, Bras Tendu;918.0;96.0;789.0;428.0;813.0;602.0;797.0;784.0;714.0;817.0;680.0;834.0;648.0;841.0;728.0;873.0;717.0;902.0;708.0;920.0;697.0;945.0;760.0;888.0;758.0;913.0;755.0;940.0;755.0;970.0;796.0;883.0;800.0;920.0;805.0;946.0;808.0;970.0;832.0;874.0;841.0;906.0;856.0;923.0;866.0;944.0;686.0;214.0;656.0;289.0
DO Right;Main Ouverte, Bras Tendu;918.0;96.0;789.0;428.0;816.0;601.0;800.0;761.0;722.0;785.0;684.0;797.0;649.0;806.0;729.0;835.0;718.0;865.0;706.0;885.0;699.0;908.0;758.0;848.0;756.0;886.0;752.0;912.0;752.0;931.0;797.0;849.0;802.0;883.0;808.0;910.0;811.0;936.0;832.0;850.0;838.0;873.0;848.0;890.0;864.0;914.0;686.0;214.0;656.0;289.0
DO Right;Main Ouverte, Bras Tendu;918.0;96.0;789.0;428.0;819.0;589.0;788.0;701.0;731.0;716.0;686.0;729.0;645.0;730.0;730.0;760.0;718.0;784.0;707.0;806.0;696.0;820.0;754.0;772.0;758.0;805.0;754.0;827.0;752.0;853.0;795.0;779.0;798.0;812.0;805.0;833.0;809.0;857.0;827.0;777.0;833.0;797.0;851.0;811.0;866.0;826.0;686.0;214.0;656.0;289.0
DO Right;Intermédiaire;918.0;96.0;789.0;428.0;813.0;582.0;800.0;629.0;729.0;640.0;691.0;640.0;658.0;628.0;728.0;683.0;723.0;706.0;709.0;720.0;696.0;707.0;764.0;693.0;757.0;717.0;756.0;730.0;744.0;734.0;800.0;701.0;793.0;726.0;804.0;742.0;820.0;740.0;828.0;702.0;833.0;721.0;850.0;725.0;869.0;726.0;686.0;214.0;656.0;289.0
DO Right;Intermédiaire;918.0;96.0;789.0;428.0;813.0;582.0;789.0;605.0;733.0;593.0;701.0;594.0;656.0;574.0;733.0;636.0;710.0;654.0;694.0;637.0;700.0;620.0;766.0;661.0;754.0;684.0;746.0;667.0;749.0;643.0;802.0;669.0;816.0;669.0;814.0;648.0;817.0;625.0;844.0;666.0;865.0;667.0;860.0;641.0;854.0;617.0;686.0;214.0;656.0;289.0
DO Right;Intermédiaire;914.0;108.0;792.0;420.0;832.0;642.0;789.0;587.0;722.0;539.0;701.0;494.0;683.0;460.0;741.0;558.0;731.0;529.0;733.0;499.0;734.0;481.0;763.0;561.0;762.0;512.0;765.0;497.0;769.0;481.0;809.0;561.0;812.0;532.0;819.0;509.0;816.0;491.0;830.0;570.0;859.0;533.0;860.0;515.0;864.0;500.0;686.0;212.0;656.0;290.0
DO Right;Intermédiaire;913.0;104.0;787.0;427.0;841.0;635.0;774.0;497.0;720.0;443.0;708.0;400.0;686.0;361.0;736.0;436.0;731.0;390.0;726.0;360.0;732.0;337.0;763.0;450.0;771.0;394.0;781.0;365.0;781.0;338.0;805.0;467.0;817.0;401.0;822.0;379.0;830.0;372.0;830.0;469.0;851.0;435.0;857.0;414.0;864.0;392.0;684.0;213.0;652.0;289.0
DO Right;Intermédiaire;914.0;104.0;797.0;422.0;834.0;634.0;781.0;460.0;736.0;404.0;720.0;354.0;694.0;324.0;732.0;385.0;731.0;338.0;734.0;309.0;741.0;283.0;763.0;402.0;763.0;348.0;777.0;324.0;786.0;302.0;806.0;414.0;806.0;382.0;818.0;355.0;824.0;324.0;840.0;419.0;857.0;390.0;864.0;371.0;862.0;349.0;685.0;217.0;652.0;290.0
DO Right;Intermédiaire;916.0;101.0;786.0;419.0;836.0;614.0;801.0;389.0;744.0;328.0;736.0;301.0;736.0;272.0;754.0;318.0;744.0;276.0;746.0;243.0;760.0;210.0;778.0;322.0;781.0;269.0;794.0;246.0;804.0;218.0;814.0;324.0;821.0;286.0;835.0;254.0;836.0;232.0;844.0;329.0;859.0;299.0;866.0;277.0;866.0;251.0;683.0;221.0;650.0;288.0
DO Right;Intermédiaire;915.0;96.0;789.0;403.0;829.0;619.0;803.0;333.0;748.0;288.0;745.0;250.0;770.0;220.0;757.0;245.0;756.0;203.0;776.0;178.0;781.0;162.0;782.0;251.0;794.0;208.0;800.0;190.0;812.0;172.0;821.0;258.0;828.0;216.0;830.0;198.0;836.0;190.0;842.0;273.0;859.0;228.0;861.0;212.0;868.0;205.0;688.0;211.0;657.0;291.0
DO Right;Intermédiaire;920.0;99.0;780.0;411.0;832.0;605.0;806.0;308.0;760.0;245.0;761.0;224.0;776.0;209.0;755.0;219.0;762.0;172.0;774.0;155.0;789.0;150.0;786.0;219.0;796.0;176.0;810.0;164.0;816.0;160.0;824.0;232.0;827.0;187.0;836.0;177.0;844.0;173.0;842.0;242.0;862.0;198.0;866.0;205.0;867.0;216.0;686.0;214.0;653.0;290.0
DO Right;Intermédiaire;914.0;96.0;760.0;409.0;845.0;617.0;809.0;298.0;758.0;226.0;756.0;201.0;779.0;189.0;769.0;189.0;776.0;141.0;780.0;138.0;787.0;141.0;794.0;190.0;809.0;136.0;822.0;147.0;818.0;160.0;822.0;185.0;829.0;145.0;841.0;142.0;845.0;149.0;858.0;195.0;864.0;161.0;873.0;160.0;873.0;172.0;686.0;219.0;650.0;291.0
DO Right;Intermédiaire;913.0;102.0;773.0;413.0;838.0;601.0;821.0;273.0;770.0;210.0;773.0;172.0;788.0;179.0;777.0;166.0;793.0;128.0;798.0;125.0;812.0;124.0;797.0;161.0;822.0;120.0;826.0;123.0;833.0;139.0;838.0;177.0;850.0;132.0;854.0;146.0;857.0;156.0;859.0;193.0;873.0;154.0;877.0;170.0;877.0;189.0;676.0;219.0;652.0;294.0
DO Right;Intermédiaire;913.0;102.0;773.0;413.0;838.0;601.0;821.0;273.0;770.0;210.0;773.0;172.0;788.0;179.0;777.0;166.0;793.0;128.0;798.0;125.0;812.0;124.0;797.0;161.0;822.0;120.0;826.0;123.0;833.0;139.0;838.0;177.0;850.0;132.0;854.0;146.0;857.0;156.0;859.0;193.0;873.0;154.0;877.0;170.0;877.0;189.0;680.0;214.0;652.0;294.0
DO Right;Main Fermée, Bras Fléchi;908.0;102.0;784.0;412.0;841.0;589.0;829.0;259.0;778.0;216.0;785.0;192.0;797.0;189.0;793.0;165.0;816.0;147.0;820.0;164.0;808.0;178.0;822.0;171.0;843.0;149.0;849.0;165.0;834.0;174.0;854.0;176.0;869.0;174.0;869.0;185.0;858.0;188.0;878.0;195.0;883.0;184.0;890.0;194.0;881.0;208.0;678.0;214.0;649.0;290.0
DO Right;Main Fermée, Bras Fléchi;913.0;101.0;768.0;414.0;838.0;590.0;834.0;265.0;795.0;209.0;805.0;196.0;821.0;201.0;803.0;176.0;825.0;170.0;825.0;187.0;814.0;188.0;838.0;176.0;854.0;179.0;852.0;187.0;834.0;188.0;853.0;179.0;868.0;184.0;857.0;197.0;848.0;194.0;877.0;193.0;896.0;204.0;886.0;214.0;875.0;214.0;678.0;216.0;649.0;283.0
DO Right;Main Fermée, Bras Fléchi;910.0;106.0;771.0;411.0;845.0;582.0;842.0;260.0;808.0;219.0;817.0;192.0;828.0;205.0;826.0;182.0;842.0;178.0;843.0;188.0;840.0;197.0;854.0;185.0;868.0;194.0;867.0;196.0;849.0;200.0;876.0;192.0;883.0;203.0;880.0;212.0;865.0;208.0;894.0;208.0;907.0;221.0;897.0;226.0;884.0;224.0;680.0;216.0;648.0;288.0
DO Right;Main Fermée, Bras Fléchi;917.0;110.0;771.0;414.0;843.0;573.0;851.0;265.0;818.0;228.0;825.0;211.0;842.0;216.0;834.0;192.0;854.0;198.0;850.0;201.0;829.0;205.0;854.0;187.0;866.0;193.0;858.0;198.0;850.0;198.0;875.0;198.0;881.0;205.0;875.0;211.0;864.0;208.0;897.0;205.0;909.0;220.0;899.0;226.0;889.0;225.0;678.0;214.0;646.0;289.0
DO Right;Main Fermée, Bras Fléchi;914.0;101.0;788.0;408.0;849.0;577.0;854.0;257.0;825.0;222.0;834.0;209.0;850.0;220.0;837.0;187.0;854.0;195.0;851.0;203.0;840.0;208.0;867.0;189.0;877.0;201.0;874.0;206.0;864.0;206.0;896.0;200.0;906.0;211.0;900.0;214.0;885.0;210.0;910.0;216.0;916.0;224.0;908.0;232.0;899.0;232.0;681.0;214.0;649.0;289.0
DO Right;Main Fermée, Bras Fléchi;914.0;101.0;788.0;408.0;849.0;577.0;854.0;257.0;825.0;222.0;834.0;209.0;850.0;220.0;837.0;187.0;854.0;195.0;851.0;203.0;840.0;208.0;867.0;189.0;877.0;201.0;874.0;206.0;864.0;206.0;896.0;200.0;906.0;211.0;900.0;214.0;885.0;210.0;910.0;216.0;916.0;224.0;908.0;232.0;899.0;232.0;681.0;214.0;649.0;289.0
DO Right;Main Fermée, Bras Fléchi;920.0;97.0;789.0;421.0;851.0;572.0;857.0;251.0;814.0;210.0;822.0;192.0;835.0;204.0;835.0;172.0;854.0;174.0;852.0;180.0;837.0;185.0;860.0;172.0;872.0;180.0;865.0;189.0;851.0;190.0;873.0;180.0;883.0;190.0;878.0;195.0;870.0;190.0;908.0;190.0;913.0;201.0;908.0;218.0;893.0;210.0;677.0;216.0;650.0;289.0
DO Right;Main Fermée, Bras Fléchi;918.0;93.0;785.0;410.0;840.0;592.0;858.0;252.0;810.0;202.0;832.0;187.0;845.0;202.0;826.0;161.0;844.0;161.0;843.0;168.0;828.0;171.0;860.0;158.0;866.0;172.0;864.0;174.0;854.0;176.0;882.0;174.0;886.0;180.0;884.0;196.0;876.0;196.0;902.0;179.0;908.0;196.0;896.0;206.0;884.0;203.0;678.0;213.0;653.0;286.0
DO Right;Main Fermée, Bras Fléchi;909.0;92.0;787.0;411.0;840.0;580.0;854.0;251.0;808.0;196.0;805.0;177.0;822.0;176.0;819.0;156.0;829.0;145.0;835.0;152.0;835.0;160.0;843.0;147.0;852.0;138.0;853.0;154.0;845.0;164.0;865.0;160.0;873.0;156.0;874.0;163.0;865.0;176.0;891.0;172.0;901.0;172.0;904.0;179.0;888.0;194.0;682.0;211.0;650.0;289.0
DO Right;Main Fermée, Bras Fléchi;908.0;101.0;769.0;418.0;841.0;581.0;842.0;251.0;798.0;206.0;797.0;182.0;811.0;180.0;804.0;148.0;826.0;113.0;837.0;134.0;826.0;150.0;835.0;140.0;854.0;125.0;858.0;146.0;837.0;160.0;852.0;158.0;876.0;145.0;883.0;166.0;866.0;179.0;882.0;168.0;898.0;163.0;898.0;177.0;889.0;185.0;680.0;214.0;649.0;285.0
DO Right;Intermédiaire;908.0;102.0;770.0;409.0;835.0;581.0;833.0;253.0;778.0;204.0;774.0;172.0;774.0;145.0;789.0;161.0;796.0;124.0;806.0;113.0;814.0;113.0;816.0;156.0;835.0;116.0;843.0;121.0;843.0;133.0;856.0;166.0;856.0;128.0;864.0;132.0;865.0;144.0;869.0;181.0;882.0;148.0;884.0;152.0;886.0;162.0;678.0;216.0;646.0;288.0
DO Right;Intermédiaire;913.0;98.0;784.0;411.0;833.0;587.0;824.0;268.0;768.0;216.0;763.0;185.0;769.0;133.0;785.0;178.0;784.0;134.0;790.0;129.0;803.0;123.0;806.0;170.0;816.0;125.0;824.0;128.0;829.0;132.0;841.0;182.0;849.0;134.0;856.0;141.0;853.0;154.0;868.0;189.0;876.0;150.0;878.0;160.0;878.0;166.0;681.0;213.0;651.0;289.0
DO Right;Intermédiaire;914.0;107.0;781.0;414.0;832.0;592.0;812.0;302.0;757.0;242.0;744.0;196.0;739.0;165.0;757.0;204.0;768.0;165.0;778.0;137.0;796.0;129.0;800.0;212.0;804.0;164.0;816.0;142.0;819.0;133.0;832.0;217.0;834.0;174.0;841.0;163.0;843.0;154.0;856.0;227.0;864.0;193.0;864.0;174.0;869.0;165.0;684.0;210.0;650.0;285.0
DO Right;Intermédiaire;913.0;98.0;787.0;410.0;830.0;603.0;804.0;366.0;753.0;313.0;732.0;278.0;757.0;246.0;750.0;291.0;730.0;257.0;744.0;219.0;746.0;189.0;779.0;288.0;782.0;243.0;787.0;210.0;798.0;168.0;816.0;291.0;820.0;254.0;827.0;214.0;834.0;185.0;844.0;302.0;857.0;261.0;864.0;241.0;861.0;212.0;676.0;209.0;646.0;285.0
DO Right;Intermédiaire;910.0;107.0;790.0;425.0;830.0;604.0;793.0;393.0;745.0;346.0;740.0;307.0;748.0;280.0;746.0;332.0;736.0;290.0;739.0;246.0;738.0;220.0;766.0;323.0;771.0;284.0;777.0;252.0;782.0;225.0;795.0;340.0;804.0;301.0;817.0;261.0;832.0;225.0;845.0;340.0;857.0;307.0;856.0;277.0;854.0;248.0;683.0;216.0;651.0;289.0
DO Right;Intermédiaire;916.0;110.0;787.0;450.0;843.0;621.0;778.0;492.0;726.0;442.0;706.0;393.0;684.0;347.0;722.0;427.0;721.0;382.0;718.0;349.0;720.0;332.0;756.0;427.0;752.0;380.0;758.0;347.0;766.0;320.0;796.0;440.0;802.0;396.0;802.0;363.0;808.0;342.0;832.0;441.0;837.0;414.0;848.0;387.0;848.0;357.0;683.0;214.0;646.0;289.0
DO Right;Intermédiaire;901.0;91.0;794.0;416.0;841.0;627.0;784.0;566.0;731.0;534.0;699.0;492.0;665.0;456.0;729.0;531.0;722.0;506.0;721.0;482.0;718.0;460.0;755.0;540.0;750.0;506.0;753.0;480.0;753.0;461.0;784.0;547.0;792.0;516.0;795.0;492.0;794.0;469.0;817.0;549.0;832.0;526.0;838.0;499.0;843.0;482.0;680.0;214.0;650.0;284.0
DO Right;Intermédiaire;907.0;108.0;793.0;426.0;838.0;627.0;774.0;552.0;699.0;508.0;677.0;514.0;650.0;498.0;731.0;548.0;705.0;566.0;694.0;545.0;702.0;523.0;760.0;569.0;737.0;580.0;738.0;555.0;756.0;525.0;789.0;569.0;780.0;590.0;770.0;566.0;773.0;547.0;820.0;589.0;835.0;581.0;833.0;563.0;836.0;540.0;685.0;213.0;650.0;289.0
DO Right;Intermédiaire;916.0;99.0;788.0;416.0;816.0;547.0;793.0;601.0;708.0;597.0;680.0;606.0;641.0;593.0;722.0;634.0;716.0;659.0;702.0;674.0;701.0;689.0;760.0;651.0;747.0;670.0;747.0;690.0;746.0;702.0;787.0;659.0;785.0;684.0;785.0;688.0;782.0;709.0;811.0;658.0;818.0;675.0;825.0;688.0;836.0;702.0;677.0;211.0;652.0;293.0
DO Right;Main Ouverte, Bras Tendu;913.0;113.0;792.0;409.0;811.0;557.0;793.0;677.0;713.0;689.0;683.0;683.0;650.0;688.0;732.0;723.0;705.0;755.0;698.0;771.0;682.0;795.0;757.0;741.0;749.0;765.0;741.0;793.0;741.0;819.0;782.0;747.0;785.0;776.0;786.0;798.0;781.0;822.0;814.0;739.0;820.0;758.0;830.0;792.0;835.0;804.0;681.0;213.0;648.0;291.0
DO Right;Main Ouverte, Bras Tendu;910.0;107.0;796.0;422.0;808.0;571.0;781.0;706.0;707.0;721.0;666.0;724.0;643.0;730.0;715.0;765.0;707.0;792.0;696.0;819.0;690.0;848.0;754.0;792.0;748.0;819.0;746.0;841.0;740.0;869.0;782.0;792.0;784.0;816.0;785.0;842.0;785.0;881.0;816.0;786.0;821.0;803.0;828.0;829.0;835.0;856.0;685.0;211.0;649.0;289.0
DO Right;Main Ouverte, Bras Tendu;906.0;105.0;792.0;414.0;805.0;571.0;782.0;770.0;699.0;780.0;675.0;798.0;641.0;801.0;725.0;850.0;710.0;874.0;700.0;893.0;691.0;916.0;748.0;860.0;749.0;888.0;747.0;918.0;746.0;942.0;781.0;870.0;786.0;894.0;781.0;917.0;786.0;947.0;821.0;862.0;825.0;875.0;833.0;894.0;836.0;922.0;678.0;217.0;648.0;290.0
DO Right;Main Ouverte, Bras Tendu;912.0;94.0;794.0;419.0;806.0;598.0;784.0;802.0;702.0;827.0;682.0;843.0;640.0;861.0;722.0;900.0;712.0;929.0;699.0;955.0;693.0;971.0;757.0;906.0;755.0;948.0;748.0;973.0;748.0;994.0;784.0;913.0;786.0;952.0;787.0;979.0;788.0;1004.0;819.0;907.0;825.0;925.0;827.0;950.0;840.0;965.0;681.0;214.0;649.0;289.0
DO Right;Main Ouverte, Bras Tendu;906.0;107.0;790.0;411.0;808.0;594.0;788.0;811.0;708.0;846.0;680.0;868.0;648.0;881.0;723.0;910.0;717.0;946.0;702.0;969.0;696.0;990.0;755.0;930.0;750.0;968.0;753.0;994.0;747.0;1020.0;790.0;930.0;790.0;966.0;789.0;988.0;787.0;1012.0;821.0;918.0;829.0;938.0;834.0;962.0;842.0;984.0;682.0;213.0;650.0;290.0
DO Right;Main Ouverte, Bras Tendu;917.0;106.0;792.0;417.0;811.0;600.0;785.0;834.0;709.0;862.0;682.0;881.0;648.0;892.0;725.0;926.0;716.0;957.0;701.0;986.0;694.0;1006.0;757.0;941.0;753.0;989.0;749.0;1012.0;749.0;1038.0;792.0;941.0;792.0;979.0;792.0;1003.0;790.0;1030.0;822.0;933.0;833.0;952.0;835.0;978.0;840.0;998.0;681.0;212.0;649.0;286.0
DO Right;Main Ouverte, Bras Tendu;917.0;106.0;792.0;417.0;811.0;600.0;785.0;834.0;709.0;862.0;682.0;881.0;648.0;892.0;725.0;926.0;716.0;957.0;701.0;986.0;694.0;1006.0;757.0;941.0;753.0;989.0;749.0;1012.0;749.0;1038.0;792.0;941.0;792.0;979.0;792.0;1003.0;790.0;1030.0;822.0;933.0;833.0;952.0;835.0;978.0;840.0;998.0;681.0;212.0;649.0;286.0
DO Right;Main Ouverte, Bras Tendu;913.0;94.0;788.0;421.0;808.0;605.0;786.0;820.0;707.0;852.0;680.0;868.0;646.0;877.0;732.0;914.0;717.0;936.0;707.0;960.0;704.0;989.0;760.0;934.0;753.0;963.0;754.0;984.0;754.0;1010.0;789.0;929.0;796.0;961.0;794.0;984.0;795.0;1009.0;827.0;917.0;835.0;941.0;837.0;961.0;844.0;984.0;676.0;212.0;644.0;285.0
DO Right;Main Ouverte, Bras Tendu;915.0;105.0;790.0;418.0;810.0;586.0;785.0;787.0;702.0;809.0;677.0;828.0;638.0;833.0;726.0;874.0;716.0;904.0;705.0;926.0;697.0;941.0;757.0;882.0;746.0;923.0;752.0;946.0;750.0;970.0;790.0;888.0;790.0;920.0;790.0;944.0;793.0;964.0;820.0;873.0;830.0;905.0;840.0;924.0;840.0;944.0;681.0;214.0;648.0;286.0
DO Right;Main Ouverte, Bras Tendu;910.0;104.0;793.0;408.0;813.0;572.0;782.0;742.0;708.0;749.0;675.0;761.0;636.0;771.0;726.0;805.0;705.0;836.0;704.0;853.0;697.0;876.0;750.0;826.0;748.0;849.0;748.0;870.0;747.0;897.0;785.0;830.0;789.0;854.0;786.0;877.0;789.0;901.0;813.0;821.0;824.0;842.0;834.0;858.0;838.0;884.0;678.0;213.0;648.0;286.0
DO Right;Main Ouverte, Bras Tendu;909.0;106.0;784.0;420.0;810.0;565.0;784.0;714.0;705.0;723.0;670.0;729.0;641.0;737.0;717.0;768.0;712.0;796.0;701.0;813.0;693.0;834.0;750.0;782.0;748.0;804.0;746.0;833.0;746.0;856.0;782.0;787.0;786.0;810.0;788.0;840.0;792.0;864.0;814.0;778.0;822.0;801.0;830.0;822.0;838.0;844.0;680.0;212.0;652.0;288.0
DO Right;Intermédiaire;910.0;100.0;784.0;416.0;817.0;560.0;781.0;649.0;706.0;643.0;670.0;638.0;645.0;637.0;714.0;684.0;705.0;714.0;678.0;724.0;681.0;700.0;748.0;698.0;742.0;732.0;744.0;746.0;742.0;736.0;782.0;700.0;784.0;738.0;784.0;746.0;777.0;738.0;816.0;702.0;827.0;737.0;827.0;724.0;826.0;709.0;680.0;220.0;644.0;288.0
DO Right;Intermédiaire;909.0;99.0;788.0;412.0;832.0;652.0;757.0;577.0;689.0;539.0;665.0;539.0;646.0;515.0;718.0;595.0;691.0;626.0;697.0;580.0;709.0;541.0;741.0;597.0;728.0;628.0;737.0;570.0;744.0;545.0;769.0;621.0;781.0;645.0;788.0;595.0;793.0;566.0;793.0;619.0;818.0;637.0;826.0;611.0;826.0;580.0;677.0;218.0;645.0;297.0
DO Right;Intermédiaire;910.0;101.0;780.0;418.0;833.0;626.0;766.0;549.0;706.0;524.0;677.0;502.0;665.0;485.0;705.0;563.0;689.0;532.0;697.0;507.0;693.0;478.0;730.0;571.0;730.0;548.0;739.0;516.0;740.0;497.0;764.0;576.0;782.0;577.0;785.0;553.0;788.0;510.0;792.0;589.0;822.0;560.0;826.0;539.0;826.0;514.0;676.0;214.0;650.0;290.0
DO Right;Intermédiaire;906.0;105.0;785.0;432.0;829.0;637.0;764.0;534.0;715.0;482.0;688.0;401.0;685.0;364.0;705.0;444.0;706.0;397.0;712.0;363.0;737.0;465.0;744.0;413.0;752.0;386.0;760.0;370.0;780.0;482.0;788.0;437.0;792.0;403.0;798.0;371.0;818.0;476.0;821.0;449.0;821.0;418.0;825.0;400.0;681.0;213.0;649.0;289.0;650.0;290.0
DO Right;Intermédiaire;901.0;104.0;795.0;433.0;826.0;620.0;768.0;454.0;714.0;381.0;714.0;354.0;716.0;320.0;730.0;373.0;728.0;318.0;734.0;288.0;742.0;265.0;758.0;377.0;764.0;324.0;771.0;285.0;780.0;274.0;788.0;373.0;796.0;331.0;796.0;302.0;804.0;285.0;817.0;394.0;827.0;354.0;828.0;336.0;828.0;309.0;674.0;214.0;648.0;288.0
DO Right;Intermédiaire;905.0;99.0;785.0;418.0;830.0;625.0;773.0;402.0;731.0;347.0;720.0;310.0;728.0;277.0;729.0;318.0;734.0;284.0;746.0;258.0;753.0;246.0;757.0;330.0;769.0;281.0;774.0;268.0;781.0;256.0;792.0;328.0;794.0;288.0;803.0;275.0;808.0;264.0;818.0;345.0;834.0;299.0;836.0;291.0;836.0;284.0;681.0;212.0;645.0;292.0
DO Right;Intermédiaire;907.0;101.0;774.0;420.0;828.0;624.0;789.0;352.0;737.0;290.0;729.0;269.0;729.0;242.0;746.0;253.0;742.0;227.0;752.0;214.0;771.0;201.0;772.0;261.0;781.0;225.0;789.0;210.0;788.0;220.0;804.0;268.0;813.0;237.0;818.0;222.0;816.0;227.0;827.0;282.0;842.0;249.0;845.0;237.0;844.0;245.0;681.0;214.0;646.0;291.0
DO Right;Intermédiaire;910.0;107.0;780.0;420.0;827.0;616.0;794.0;318.0;753.0;259.0;753.0;226.0;769.0;187.0;760.0;218.0;769.0;181.0;780.0;181.0;776.0;195.0;782.0;219.0;804.0;176.0;809.0;186.0;800.0;200.0;812.0;228.0;828.0;192.0;829.0;197.0;826.0;209.0;837.0;241.0;852.0;201.0;862.0;214.0;853.0;222.0;681.0;213.0;648.0;289.0
DO Right;Intermédiaire;906.0;98.0;780.0;421.0;828.0;600.0;802.0;312.0;764.0;240.0;765.0;213.0;782.0;213.0;769.0;196.0;784.0;155.0;795.0;152.0;792.0;170.0;793.0;210.0;812.0;165.0;832.0;165.0;816.0;180.0;825.0;211.0;849.0;170.0;849.0;178.0;840.0;189.0;848.0;217.0;866.0;188.0;869.0;196.0;865.0;205.0;675.0;212.0;650.0;286.0
DO Right;Intermédiaire;910.0;99.0;779.0;412.0;830.0;605.0;810.0;284.0;772.0;220.0;774.0;186.0;794.0;196.0;794.0;168.0;803.0;136.0;813.0;134.0;816.0;139.0;812.0;171.0;829.0;145.0;840.0;147.0;840.0;152.0;834.0;188.0;859.0;157.0;861.0;168.0;856.0;176.0;859.0;201.0;878.0;182.0;883.0;187.0;878.0;196.0;680.0;216.0;648.0;292.0
DO Right;Intermédiaire;907.0;107.0;768.0;421.0;835.0;610.0;828.0;273.0;788.0;210.0;798.0;190.0;819.0;190.0;805.0;170.0;822.0;140.0;838.0;150.0;832.0;170.0;834.0;165.0;851.0;144.0;859.0;148.0;849.0;171.0;850.0;180.0;873.0;168.0;878.0;185.0;857.0;200.0;878.0;201.0;893.0;185.0;893.0;200.0;880.0;212.0;678.0;218.0;648.0;290.0
DO Right;Main Fermée, Bras Fléchi;909.0;98.0;772.0;405.0;845.0;589.0;834.0;254.0;796.0;208.0;796.0;180.0;821.0;186.0;812.0;161.0;838.0;136.0;850.0;160.0;840.0;168.0;842.0;169.0;865.0;152.0;872.0;169.0;853.0;180.0;865.0;180.0;885.0;170.0;891.0;189.0;881.0;194.0;884.0;195.0;901.0;187.0;904.0;210.0;893.0;211.0;678.0;218.0;648.0;293.0
DO Right;Main Fermée, Bras Fléchi;910.0;109.0;777.0;413.0;837.0;594.0;837.0;264.0;811.0;213.0;817.0;194.0;829.0;197.0;827.0;177.0;843.0;168.0;846.0;182.0;835.0;190.0;848.0;176.0;867.0;176.0;870.0;189.0;852.0;194.0;869.0;187.0;888.0;182.0;886.0;194.0;873.0;198.0;894.0;197.0;912.0;202.0;908.0;214.0;899.0;214.0;681.0;213.0;646.0;289.0
DO Right;Main Fermée, Bras Fléchi;902.0;102.0;769.0;412.0;842.0;579.0;853.0;267.0;826.0;217.0;838.0;196.0;851.0;200.0;848.0;174.0;864.0;172.0;864.0;187.0;857.0;190.0;876.0;182.0;889.0;180.0;892.0;185.0;884.0;197.0;893.0;197.0;908.0;197.0;908.0;208.0;897.0;210.0;915.0;210.0;930.0;210.0;928.0;222.0;918.0;229.0;674.0;213.0;649.0;294.0
DO Right;Main Fermée, Bras Fléchi;906.0;106.0;778.0;411.0;846.0;586.0;860.0;267.0;830.0;218.0;833.0;205.0;846.0;204.0;850.0;189.0;872.0;184.0;873.0;195.0;860.0;214.0;874.0;192.0;886.0;192.0;886.0;203.0;873.0;205.0;892.0;197.0;905.0;203.0;900.0;212.0;884.0;214.0;914.0;208.0;924.0;218.0;918.0;226.0;908.0;224.0;684.0;212.0;645.0;288.0
DO Right;Main Fermée, Bras Fléchi;906.0;106.0;778.0;411.0;846.0;586.0;860.0;267.0;830.0;218.0;833.0;205.0;846.0;204.0;850.0;189.0;872.0;184.0;873.0;195.0;860.0;214.0;874.0;192.0;886.0;192.0;886.0;203.0;873.0;205.0;892.0;197.0;905.0;203.0;900.0;212.0;884.0;214.0;914.0;208.0;924.0;218.0;918.0;226.0;908.0;224.0;684.0;212.0;645.0;288.0
DO Right;Main Fermée, Bras Fléchi;906.0;106.0;778.0;411.0;846.0;586.0;860.0;267.0;830.0;218.0;833.0;205.0;846.0;204.0;850.0;189.0;872.0;184.0;873.0;195.0;860.0;214.0;874.0;192.0;886.0;192.0;886.0;203.0;873.0;205.0;892.0;197.0;905.0;203.0;900.0;212.0;884.0;214.0;914.0;208.0;924.0;218.0;918.0;226.0;908.0;224.0;684.0;212.0;645.0;288.0
DO Right;Main Fermée, Bras Fléchi;906.0;106.0;778.0;411.0;846.0;586.0;860.0;267.0;830.0;218.0;833.0;205.0;846.0;204.0;850.0;189.0;872.0;184.0;873.0;195.0;860.0;214.0;874.0;192.0;886.0;192.0;886.0;203.0;873.0;205.0;892.0;197.0;905.0;203.0;900.0;212.0;884.0;214.0;914.0;208.0;924.0;218.0;918.0;226.0;908.0;224.0;684.0;212.0;645.0;288.0
DO Right;Main Fermée, Bras Fléchi;907.0;102.0;784.0;411.0;842.0;577.0;851.0;259.0;822.0;209.0;828.0;188.0;840.0;195.0;841.0;176.0;860.0;173.0;854.0;185.0;843.0;184.0;859.0;169.0;873.0;180.0;867.0;189.0;860.0;187.0;878.0;178.0;890.0;186.0;884.0;193.0;874.0;188.0;901.0;187.0;912.0;198.0;912.0;210.0;897.0;204.0;677.0;218.0;649.0;289.0
DO Right;Main Fermée, Bras Fléchi;917.0;107.0;782.0;410.0;834.0;579.0;842.0;246.0;803.0;201.0;806.0;179.0;830.0;188.0;826.0;164.0;832.0;145.0;841.0;158.0;834.0;179.0;856.0;172.0;861.0;158.0;858.0;170.0;852.0;182.0;875.0;168.0;883.0;163.0;882.0;171.0;877.0;186.0;898.0;179.0;901.0;171.0;904.0;188.0;900.0;206.0;682.0;217.0;650.0;290.0
DO Right;Main Fermée, Bras Fléchi;915.0;98.0;777.0;412.0;838.0;586.0;845.0;245.0;801.0;204.0;802.0;182.0;817.0;181.0;816.0;155.0;820.0;142.0;833.0;153.0;821.0;169.0;834.0;154.0;842.0;142.0;857.0;152.0;844.0;166.0;846.0;162.0;862.0;146.0;865.0;163.0;856.0;174.0;881.0;165.0;891.0;165.0;891.0;182.0;884.0;192.0;680.0;211.0;651.0;288.0
DO Right;Main Fermée, Bras Fléchi;915.0;96.0;785.0;422.0;834.0;586.0;832.0;253.0;780.0;200.0;785.0;164.0;805.0;177.0;802.0;145.0;811.0;123.0;817.0;121.0;826.0;124.0;822.0;149.0;841.0;125.0;846.0;132.0;844.0;144.0;843.0;165.0;860.0;141.0;866.0;149.0;861.0;157.0;872.0;170.0;880.0;154.0;886.0;162.0;886.0;179.0;680.0;212.0;649.0;289.0
DO Right;Intermédiaire;910.0;100.0;784.0;416.0;832.0;593.0;811.0;264.0;766.0;209.0;761.0;178.0;771.0;147.0;774.0;171.0;777.0;130.0;790.0;123.0;802.0;125.0;804.0;172.0;820.0;125.0;834.0;131.0;834.0;136.0;832.0;177.0;845.0;141.0;853.0;146.0;856.0;157.0;860.0;188.0;872.0;162.0;878.0;162.0;880.0;173.0;681.0;216.0;649.0;290.0
DO Right;Intermédiaire;909.0;101.0;785.0;411.0;834.0;595.0;811.0;291.0;757.0;224.0;752.0;192.0;753.0;141.0;769.0;194.0;766.0;141.0;781.0;131.0;796.0;133.0;795.0;193.0;809.0;148.0;821.0;140.0;825.0;148.0;825.0;192.0;837.0;149.0;843.0;148.0;845.0;161.0;853.0;197.0;865.0;164.0;865.0;168.0;868.0;174.0;681.0;216.0;648.0;289.0
DO Right;Intermédiaire;909.0;104.0;782.0;429.0;832.0;603.0;794.0;340.0;741.0;276.0;740.0;244.0;742.0;217.0;746.0;244.0;747.0;195.0;762.0;157.0;774.0;140.0;778.0;246.0;782.0;188.0;793.0;164.0;810.0;147.0;804.0;254.0;816.0;200.0;820.0;178.0;832.0;153.0;841.0;265.0;844.0;228.0;849.0;206.0;853.0;184.0;677.0;216.0;646.0;289.0
DO Right;Intermédiaire;910.0;105.0;795.0;434.0;827.0;612.0;777.0;396.0;734.0;323.0;717.0;278.0;738.0;240.0;725.0;316.0;715.0;272.0;720.0;237.0;730.0;205.0;746.0;316.0;755.0;275.0;765.0;241.0;773.0;204.0;784.0;331.0;795.0;288.0;805.0;251.0;805.0;233.0;822.0;337.0;834.0;298.0;834.0;275.0;835.0;252.0;680.0;216.0;648.0;288.0
DO Right;Intermédiaire;916.0;106.0;801.0;432.0;827.0;605.0;761.0;445.0;717.0;385.0;714.0;358.0;726.0;315.0;720.0;361.0;705.0;326.0;707.0;290.0;714.0;268.0;742.0;369.0;741.0;328.0;748.0;294.0;762.0;270.0;777.0;366.0;787.0;326.0;795.0;299.0;796.0;275.0;809.0;385.0;818.0;354.0;826.0;329.0;829.0;308.0;680.0;211.0;648.0;285.0
DO Right;Intermédiaire;914.0;113.0;788.0;432.0;824.0;618.0;756.0;528.0;708.0;454.0;688.0;411.0;656.0;385.0;696.0;445.0;682.0;420.0;682.0;392.0;685.0;371.0;722.0;462.0;722.0;419.0;728.0;392.0;731.0;363.0;762.0;482.0;771.0;442.0;774.0;410.0;774.0;387.0;801.0;482.0;806.0;453.0;809.0;432.0;814.0;406.0;678.0;214.0;649.0;290.0
DO Right;Intermédiaire;906.0;107.0;785.0;413.0;830.0;612.0;758.0;585.0;691.0;534.0;673.0;507.0;637.0;491.0;682.0;568.0;661.0;537.0;661.0;506.0;666.0;477.0;714.0;581.0;708.0;561.0;708.0;530.0;713.0;498.0;746.0;580.0;750.0;563.0;750.0;544.0;753.0;521.0;772.0;582.0;793.0;587.0;793.0;564.0;796.0;541.0;676.0;209.0;649.0;286.0
DO Right;Intermédiaire;916.0;105.0;796.0;414.0;819.0;578.0;748.0;582.0;685.0;546.0;657.0;541.0;629.0;536.0;699.0;597.0;668.0;611.0;666.0;596.0;662.0;573.0;721.0;604.0;713.0;638.0;708.0;613.0;710.0;593.0;747.0;614.0;748.0;641.0;752.0;614.0;747.0;597.0;770.0;618.0;794.0;635.0;796.0;616.0;798.0;593.0;678.0;221.0;648.0;292.0
DO Right;Intermédiaire;915.0;112.0;795.0;412.0;804.0;561.0;773.0;643.0;689.0;646.0;654.0;646.0;621.0;653.0;688.0;682.0;674.0;710.0;672.0;725.0;656.0;730.0;721.0;697.0;715.0;724.0;714.0;736.0;707.0;755.0;755.0;704.0;755.0;726.0;748.0;742.0;748.0;766.0;788.0;700.0;790.0;717.0;792.0;733.0;798.0;756.0;677.0;217.0;648.0;289.0
DO Right;Main Ouverte, Bras Tendu;916.0;108.0;803.0;420.0;803.0;568.0;760.0;717.0;685.0;731.0;659.0;734.0;629.0;744.0;693.0;780.0;685.0;809.0;676.0;821.0;664.0;856.0;726.0;797.0;722.0;829.0;720.0;854.0;715.0;880.0;756.0;801.0;764.0;832.0;760.0;856.0;761.0;881.0;797.0;792.0;801.0;818.0;808.0;836.0;811.0;860.0;681.0;211.0;648.0;289.0
DO Right;Main Ouverte, Bras Tendu;915.0;105.0;792.0;412.0;801.0;573.0;765.0;754.0;692.0;762.0;658.0;774.0;629.0;786.0;699.0;824.0;690.0;852.0;678.0;875.0;670.0;899.0;733.0;842.0;726.0;866.0;721.0;896.0;724.0;922.0;764.0;845.0;764.0;869.0;763.0;902.0;761.0;930.0;798.0;834.0;809.0;867.0;810.0;885.0;816.0;908.0;678.0;213.0;644.0;290.0
DO Right;Main Ouverte, Bras Tendu;914.0;101.0;796.0;417.0;803.0;588.0;769.0;797.0;693.0;824.0;662.0;844.0;632.0;865.0;712.0;902.0;699.0;930.0;686.0;950.0;684.0;979.0;741.0;912.0;739.0;949.0;731.0;979.0;734.0;1001.0;773.0;916.0;777.0;945.0;774.0;974.0;777.0;996.0;806.0;904.0;817.0;924.0;824.0;952.0;829.0;972.0;677.0;216.0;649.0;290.0
DO Right;Main Ouverte, Bras Tendu;916.0;108.0;795.0;418.0;812.0;600.0;781.0;832.0;696.0;866.0;676.0;894.0;642.0;908.0;720.0;937.0;710.0;974.0;704.0;1000.0;696.0;1026.0;752.0;956.0;749.0;993.0;744.0;1021.0;749.0;1045.0;786.0;957.0;787.0;990.0;787.0;1019.0;792.0;1046.0;817.0;937.0;826.0;963.0;828.0;985.0;842.0;1011.0;680.0;217.0;645.0;288.0
DO Right;Main Ouverte, Bras Tendu;916.0;108.0;795.0;418.0;812.0;600.0;781.0;848.0;702.0;878.0;681.0;900.0;658.0;920.0;720.0;937.0;710.0;974.0;701.0;1006.0;696.0;1032.0;752.0;956.0;749.0;993.0;749.0;1030.0;749.0;1054.0;786.0;957.0;787.0;990.0;788.0;1021.0;790.0;1051.0;817.0;937.0;826.0;963.0;833.0;990.0;838.0;1017.0;680.0;217.0;645.0;288.0
DO Right;Main Ouverte, Bras Tendu;916.0;108.0;795.0;418.0;812.0;600.0;781.0;848.0;702.0;878.0;681.0;900.0;658.0;920.0;720.0;937.0;710.0;974.0;701.0;1006.0;696.0;1032.0;752.0;956.0;749.0;993.0;749.0;1030.0;749.0;1054.0;786.0;957.0;787.0;990.0;788.0;1021.0;790.0;1051.0;817.0;937.0;826.0;963.0;833.0;990.0;838.0;1017.0;680.0;217.0;645.0;288.0
DO Right;Main Ouverte, Bras Tendu;916.0;108.0;795.0;418.0;812.0;600.0;781.0;848.0;701.0;870.0;678.0;886.0;651.0;901.0;720.0;937.0;708.0;973.0;698.0;994.0;694.0;1016.0;752.0;956.0;749.0;993.0;749.0;1030.0;749.0;1054.0;786.0;957.0;787.0;990.0;788.0;1021.0;790.0;1051.0;817.0;937.0;826.0;963.0;833.0;990.0;838.0;1017.0;680.0;217.0;645.0;288.0
DO Right;Main Ouverte, Bras Tendu;916.0;108.0;795.0;418.0;812.0;600.0;784.0;828.0;699.0;849.0;673.0;867.0;641.0;883.0;720.0;916.0;710.0;947.0;700.0;973.0;692.0;998.0;752.0;928.0;746.0;971.0;748.0;998.0;746.0;1025.0;786.0;929.0;786.0;970.0;792.0;996.0;793.0;1022.0;819.0;917.0;828.0;952.0;836.0;974.0;841.0;1000.0;680.0;217.0;645.0;288.0
DO Right;Main Ouverte, Bras Tendu;920.0;107.0;797.0;409.0;810.0;593.0;776.0;781.0;697.0;794.0;668.0;811.0;635.0;822.0;723.0;859.0;705.0;892.0;694.0;906.0;684.0;933.0;746.0;875.0;745.0;904.0;738.0;933.0;736.0;961.0;773.0;877.0;779.0;910.0;784.0;936.0;787.0;965.0;811.0;872.0;817.0;897.0;828.0;914.0;837.0;941.0;677.0;221.0;646.0;291.0
DO Right;Main Ouverte, Bras Tendu;909.0;101.0;797.0;426.0;805.0;584.0;771.0;714.0;699.0;728.0;664.0;741.0;634.0;739.0;714.0;780.0;701.0;809.0;686.0;833.0;681.0;857.0;746.0;798.0;736.0;824.0;739.0;850.0;734.0;874.0;776.0;796.0;776.0;824.0;778.0;846.0;779.0;875.0;808.0;800.0;817.0;819.0;826.0;840.0;829.0;867.0;677.0;211.0;645.0;289.0
DO Right;Intermédiaire;910.0;107.0;794.0;417.0;812.0;578.0;773.0;680.0;704.0;682.0;670.0;694.0;630.0;694.0;709.0;728.0;696.0;757.0;684.0;772.0;678.0;793.0;741.0;748.0;736.0;774.0;734.0;795.0;728.0;818.0;773.0;750.0;776.0;784.0;778.0;804.0;776.0;828.0;803.0;748.0;812.0;769.0;819.0;787.0;826.0;804.0;677.0;211.0;645.0;289.0
DO Right;Intermédiaire;914.0;114.0;794.0;418.0;810.0;569.0;758.0;616.0;686.0;604.0;657.0;594.0;638.0;566.0;718.0;645.0;689.0;670.0;684.0;651.0;694.0;624.0;745.0;668.0;732.0;688.0;728.0;662.0;733.0;640.0;774.0;665.0;771.0;698.0;766.0;685.0;763.0;653.0;804.0;672.0;813.0;691.0;817.0;667.0;812.0;644.0;677.0;214.0;648.0;290.0
DO Right;Intermédiaire;912.0;112.0;795.0;417.0;829.0;644.0;761.0;573.0;701.0;523.0;675.0;501.0;659.0;477.0;709.0;561.0;691.0;558.0;694.0;541.0;697.0;517.0;746.0;562.0;731.0;573.0;736.0;547.0;740.0;505.0;773.0;577.0;788.0;582.0;789.0;561.0;789.0;533.0;793.0;584.0;820.0;585.0;829.0;565.0;833.0;544.0;678.0;216.0;648.0;289.0
DO Right;Intermédiaire;914.0;102.0;792.0;422.0;825.0;643.0;761.0;578.0;707.0;518.0;686.0;472.0;675.0;442.0;720.0;529.0;700.0;478.0;704.0;449.0;707.0;410.0;738.0;525.0;742.0;491.0;750.0;462.0;747.0;443.0;778.0;532.0;784.0;493.0;792.0;475.0;801.0;452.0;804.0;541.0;819.0;518.0;828.0;489.0;838.0;467.0;680.0;217.0;649.0;291.0
DO Right;Intermédiaire;914.0;113.0;796.0;436.0;827.0;626.0;768.0;491.0;720.0;416.0;706.0;377.0;697.0;325.0;725.0;412.0;721.0;374.0;724.0;334.0;730.0;307.0;744.0;410.0;761.0;357.0;761.0;328.0;771.0;298.0;786.0;434.0;803.0;377.0;812.0;348.0;822.0;321.0;826.0;441.0;838.0;406.0;849.0;388.0;850.0;353.0;680.0;217.0;646.0;292.0
DO Right;Intermédiaire;910.0;104.0;789.0;428.0;830.0;618.0;789.0;408.0;739.0;336.0;722.0;297.0;717.0;249.0;737.0;316.0;739.0;288.0;750.0;254.0;755.0;227.0;771.0;324.0;773.0;284.0;792.0;251.0;803.0;233.0;803.0;329.0;824.0;299.0;835.0;266.0;840.0;251.0;840.0;340.0;858.0;314.0;868.0;283.0;873.0;267.0;681.0;214.0;648.0;291.0
DO Right;Intermédiaire;910.0;105.0;787.0;420.0;830.0;612.0;802.0;373.0;750.0;313.0;739.0;277.0;774.0;246.0;753.0;290.0;752.0;260.0;754.0;226.0;768.0;192.0;782.0;289.0;798.0;249.0;802.0;221.0;818.0;197.0;822.0;307.0;832.0;269.0;845.0;238.0;851.0;214.0;849.0;323.0;865.0;284.0;874.0;259.0;881.0;242.0;677.0;216.0;648.0;291.0
DO Right;Intermédiaire;913.0;96.0;781.0;416.0;824.0;600.0;812.0;333.0;776.0;258.0;774.0;220.0;795.0;202.0;771.0;228.0;779.0;177.0;787.0;157.0;798.0;126.0;805.0;229.0;819.0;189.0;836.0;154.0;850.0;139.0;842.0;245.0;853.0;204.0;866.0;176.0;869.0;153.0;858.0;256.0;877.0;225.0;888.0;205.0;890.0;188.0;678.0;216.0;648.0;285.0
DO Right;Intermédiaire;910.0;108.0;774.0;416.0;833.0;609.0;825.0;298.0;779.0;240.0;781.0;208.0;797.0;204.0;794.0;194.0;795.0;140.0;812.0;126.0;829.0;107.0;817.0;198.0;834.0;140.0;844.0;129.0;858.0;130.0;849.0;206.0;859.0;166.0;873.0;155.0;880.0;155.0;870.0;218.0;885.0;187.0;899.0;177.0;910.0;186.0;680.0;213.0;648.0;291.0
DO Right;Intermédiaire;914.0;98.0;781.0;418.0;832.0;598.0;830.0;293.0;790.0;237.0;794.0;194.0;813.0;197.0;801.0;177.0;801.0;126.0;820.0;117.0;836.0;109.0;825.0;177.0;845.0;131.0;856.0;131.0;862.0;141.0;865.0;185.0;875.0;149.0;882.0;152.0;874.0;174.0;890.0;195.0;897.0;172.0;910.0;169.0;910.0;186.0;681.0;213.0;649.0;290.0
DO Right;Intermédiaire;910.0;104.0;777.0;403.0;830.0;596.0;838.0;268.0;802.0;203.0;804.0;176.0;846.0;182.0;827.0;155.0;829.0;118.0;843.0;117.0;852.0;131.0;845.0;156.0;862.0;129.0;873.0;129.0;875.0;136.0;868.0;178.0;882.0;146.0;893.0;146.0;894.0;150.0;897.0;180.0;909.0;163.0;908.0;170.0;912.0;180.0;648.0;289.0;678.0;214.0
DO Right;Intermédiaire;913.0;100.0;789.0;408.0;835.0;589.0;854.0;264.0;814.0;209.0;816.0;190.0;837.0;188.0;836.0;170.0;840.0;136.0;852.0;152.0;850.0;165.0;866.0;164.0;874.0;145.0;882.0;161.0;872.0;179.0;878.0;176.0;896.0;157.0;898.0;171.0;889.0;185.0;900.0;190.0;913.0;178.0;920.0;182.0;915.0;197.0;681.0;216.0;649.0;289.0
DO Right;Main Fermée, Bras Fléchi;910.0;101.0;770.0;418.0;834.0;595.0;851.0;275.0;814.0;214.0;820.0;186.0;850.0;197.0;835.0;168.0;850.0;154.0;856.0;174.0;838.0;180.0;861.0;172.0;878.0;157.0;880.0;176.0;867.0;189.0;883.0;181.0;899.0;173.0;899.0;188.0;880.0;197.0;905.0;194.0;917.0;186.0;920.0;201.0;907.0;210.0;680.0;218.0;649.0;291.0
DO Right;Main Fermée, Bras Fléchi;915.0;99.0;786.0;410.0;838.0;571.0;856.0;275.0;824.0;220.0;836.0;201.0;866.0;212.0;840.0;187.0;853.0;173.0;864.0;186.0;851.0;195.0;869.0;185.0;880.0;179.0;882.0;189.0;870.0;195.0;888.0;193.0;898.0;189.0;901.0;198.0;891.0;203.0;913.0;201.0;920.0;196.0;924.0;205.0;914.0;213.0;678.0;213.0;650.0;288.0
DO Right;Main Fermée, Bras Fléchi;914.0;105.0;774.0;413.0;844.0;573.0;868.0;273.0;832.0;219.0;838.0;205.0;858.0;193.0;848.0;192.0;862.0;190.0;866.0;198.0;851.0;205.0;875.0;187.0;884.0;190.0;882.0;200.0;874.0;213.0;897.0;202.0;912.0;196.0;910.0;208.0;894.0;224.0;922.0;216.0;931.0;216.0;929.0;226.0;914.0;243.0;680.0;214.0;648.0;289.0
DO Right;Main Fermée, Bras Fléchi;914.0;105.0;774.0;413.0;844.0;573.0;868.0;273.0;832.0;219.0;838.0;205.0;858.0;193.0;848.0;192.0;862.0;190.0;866.0;198.0;851.0;205.0;875.0;187.0;884.0;190.0;882.0;200.0;874.0;213.0;897.0;202.0;912.0;196.0;910.0;208.0;894.0;224.0;922.0;216.0;931.0;216.0;929.0;226.0;914.0;243.0;680.0;214.0;648.0;289.0
DO Right;Main Fermée, Bras Fléchi;914.0;105.0;774.0;413.0;844.0;573.0;868.0;273.0;832.0;219.0;838.0;205.0;858.0;193.0;848.0;192.0;862.0;190.0;866.0;198.0;851.0;205.0;875.0;187.0;884.0;190.0;882.0;200.0;874.0;213.0;897.0;202.0;912.0;196.0;910.0;208.0;894.0;224.0;922.0;216.0;931.0;216.0;929.0;226.0;914.0;243.0;680.0;214.0;648.0;289.0
DO Right;Main Fermée, Bras Fléchi;917.0;101.0;785.0;416.0;844.0;579.0;867.0;254.0;829.0;218.0;841.0;195.0;861.0;205.0;842.0;176.0;857.0;169.0;865.0;181.0;852.0;192.0;870.0;184.0;885.0;180.0;884.0;190.0;872.0;198.0;896.0;186.0;908.0;184.0;909.0;195.0;893.0;206.0;914.0;202.0;925.0;198.0;928.0;211.0;917.0;220.0;680.0;216.0;650.0;288.0
DO Right;Main Fermée, Bras Fléchi;907.0;100.0;771.0;411.0;841.0;587.0;867.0;261.0;832.0;206.0;840.0;188.0;858.0;190.0;849.0;173.0;866.0;176.0;866.0;182.0;850.0;188.0;875.0;169.0;890.0;177.0;886.0;182.0;870.0;187.0;899.0;185.0;908.0;184.0;906.0;192.0;894.0;197.0;915.0;195.0;924.0;188.0;924.0;201.0;915.0;210.0;682.0;216.0;649.0;286.0
DO Right;Main Fermée, Bras Fléchi;914.0;102.0;778.0;416.0;835.0;592.0;865.0;243.0;814.0;198.0;819.0;174.0;848.0;177.0;838.0;154.0;850.0;142.0;858.0;155.0;853.0;163.0;868.0;160.0;874.0;147.0;884.0;163.0;878.0;172.0;886.0;173.0;899.0;165.0;904.0;176.0;898.0;184.0;910.0;186.0;918.0;179.0;918.0;188.0;915.0;197.0;682.0;217.0;648.0;288.0
DO Right;Intermédiaire;912.0;97.0;763.0;413.0;837.0;589.0;852.0;259.0;797.0;204.0;805.0;172.0;818.0;150.0;822.0;157.0;840.0;120.0;846.0;139.0;842.0;153.0;846.0;155.0;864.0;137.0;866.0;153.0;857.0;169.0;857.0;170.0;884.0;146.0;886.0;160.0;874.0;180.0;893.0;182.0;905.0;164.0;910.0;178.0;899.0;192.0;680.0;212.0;648.0;293.0
DO Right;Intermédiaire;913.0;97.0;771.0;413.0;836.0;595.0;843.0;258.0;804.0;201.0;802.0;173.0;822.0;176.0;809.0;157.0;818.0;125.0;832.0;120.0;838.0;121.0;835.0;160.0;851.0;128.0;857.0;131.0;853.0;142.0;862.0;169.0;874.0;137.0;882.0;144.0;878.0;152.0;886.0;177.0;893.0;155.0;899.0;162.0;898.0;166.0;682.0;213.0;649.0;289.0
DO Right;Intermédiaire;909.0;93.0;774.0;417.0;833.0;593.0;827.0;286.0;778.0;230.0;776.0;189.0;780.0;161.0;787.0;196.0;778.0;148.0;792.0;131.0;805.0;134.0;812.0;188.0;821.0;142.0;833.0;147.0;834.0;153.0;848.0;192.0;850.0;145.0;857.0;152.0;859.0;158.0;870.0;203.0;876.0;165.0;880.0;172.0;880.0;178.0;680.0;212.0;648.0;286.0
DO Right;Intermédiaire;909.0;96.0;772.0;420.0;836.0;598.0;809.0;318.0;760.0;262.0;756.0;232.0;770.0;200.0;757.0;229.0;757.0;187.0;780.0;161.0;793.0;145.0;789.0;233.0;797.0;181.0;808.0;165.0;824.0;150.0;818.0;238.0;829.0;196.0;836.0;174.0;842.0;164.0;849.0;248.0;860.0;209.0;865.0;195.0;866.0;182.0;681.0;214.0;649.0;289.0
DO Right;Intermédiaire;909.0;106.0;790.0;424.0;830.0;605.0;796.0;354.0;749.0;299.0;742.0;269.0;754.0;241.0;742.0;276.0;740.0;235.0;739.0;211.0;760.0;178.0;765.0;272.0;778.0;218.0;786.0;194.0;804.0;166.0;805.0;278.0;818.0;240.0;827.0;206.0;833.0;184.0;841.0;292.0;845.0;262.0;859.0;232.0;854.0;214.0;677.0;212.0;650.0;288.0
DO Right;Intermédiaire;907.0;97.0;794.0;422.0;840.0;611.0;776.0;409.0;732.0;362.0;725.0;331.0;724.0;291.0;728.0;344.0;712.0;316.0;710.0;288.0;710.0;266.0;748.0;345.0;750.0;307.0;757.0;276.0;763.0;252.0;780.0;361.0;798.0;312.0;801.0;286.0;806.0;265.0;820.0;366.0;834.0;333.0;836.0;313.0;840.0;286.0;677.0;216.0;650.0;289.0
DO Right;Intermédiaire;906.0;108.0;787.0;428.0;832.0;614.0;758.0;505.0;702.0;442.0;683.0;392.0;656.0;368.0;702.0;444.0;683.0;396.0;678.0;362.0;686.0;334.0;720.0;446.0;720.0;403.0;733.0;376.0;739.0;340.0;762.0;458.0;771.0;410.0;774.0;384.0;779.0;361.0;808.0;470.0;812.0;436.0;818.0;406.0;822.0;388.0;678.0;213.0;648.0;288.0
DO Right;Intermédiaire;904.0;104.0;785.0;416.0;827.0;625.0;749.0;558.0;700.0;486.0;672.0;449.0;650.0;412.0;700.0;508.0;693.0;481.0;689.0;454.0;690.0;422.0;728.0;522.0;720.0;478.0;721.0;449.0;726.0;414.0;753.0;525.0;764.0;484.0;765.0;462.0;770.0;440.0;790.0;523.0;800.0;496.0;802.0;475.0;810.0;451.0;678.0;214.0;649.0;289.0
DO Right;Intermédiaire;916.0;106.0;797.0;413.0;821.0;604.0;720.0;545.0;656.0;528.0;633.0;525.0;621.0;499.0;688.0;578.0;667.0;606.0;649.0;588.0;645.0;569.0;714.0;594.0;691.0;610.0;693.0;588.0;698.0;570.0;728.0;597.0;750.0;617.0;754.0;597.0;755.0;578.0;768.0;601.0;781.0;621.0;789.0;608.0;792.0;572.0;678.0;217.0;649.0;289.0
DO Right;Intermédiaire;902.0;109.0;789.0;411.0;811.0;552.0;752.0;630.0;659.0;621.0;635.0;625.0;610.0;618.0;678.0;667.0;662.0;681.0;644.0;709.0;637.0;690.0;709.0;677.0;704.0;707.0;699.0;718.0;693.0;736.0;740.0;678.0;739.0;698.0;740.0;721.0;736.0;736.0;780.0;674.0;782.0;696.0;785.0;707.0;785.0;725.0;680.0;213.0;649.0;290.0
DO Right;Intermédiaire;913.0;101.0;795.0;419.0;811.0;566.0;750.0;668.0;669.0;662.0;640.0;668.0;603.0;666.0;680.0;704.0;666.0;732.0;649.0;748.0;642.0;763.0;713.0;722.0;702.0;739.0;697.0;755.0;697.0;777.0;738.0;720.0;738.0;738.0;741.0;766.0;737.0;785.0;772.0;712.0;777.0;737.0;785.0;753.0;790.0;776.0;678.0;216.0;649.0;289.0
DO Right;Main Ouverte, Bras Tendu;908.0;100.0;788.0;429.0;803.0;573.0;762.0;720.0;675.0;736.0;645.0;741.0;608.0;744.0;686.0;788.0;669.0;809.0;656.0;833.0;644.0;853.0;720.0;798.0;709.0;825.0;704.0;848.0;700.0;876.0;752.0;801.0;750.0;830.0;747.0;853.0;745.0;885.0;781.0;800.0;793.0;817.0;797.0;836.0;800.0;858.0;681.0;212.0;646.0;289.0
DO Right;Main Ouverte, Bras Tendu;913.0;106.0;792.0;411.0;800.0;588.0;760.0;771.0;682.0;788.0;649.0;805.0;621.0;816.0;694.0;848.0;683.0;872.0;665.0;896.0;660.0;915.0;726.0;864.0;720.0;892.0;715.0;920.0;714.0;946.0;757.0;866.0;760.0;900.0;760.0;926.0;760.0;961.0;789.0;857.0;798.0;880.0;806.0;905.0;813.0;929.0;677.0;216.0;648.0;289.0
DO Right;Main Ouverte, Bras Tendu;910.0;97.0;792.0;420.0;802.0;592.0;764.0;782.0;681.0;810.0;661.0;828.0;621.0;841.0;699.0;878.0;686.0;902.0;676.0;936.0;667.0;955.0;731.0;894.0;724.0;918.0;724.0;953.0;720.0;976.0;768.0;890.0;763.0;928.0;765.0;958.0;766.0;976.0;797.0;885.0;804.0;913.0;813.0;934.0;821.0;961.0;680.0;213.0;645.0;286.0
DO Right;Main Ouverte, Bras Tendu;907.0;105.0;795.0;416.0;806.0;605.0;771.0;822.0;694.0;856.0;668.0;874.0;629.0;884.0;710.0;916.0;699.0;954.0;690.0;972.0;672.0;1002.0;742.0;931.0;736.0;972.0;734.0;994.0;737.0;1019.0;778.0;936.0;777.0;966.0;777.0;990.0;777.0;1021.0;808.0;922.0;819.0;945.0;826.0;970.0;829.0;997.0;677.0;214.0;646.0;290.0
DO Right;Main Ouverte, Bras Tendu;907.0;105.0;795.0;416.0;806.0;605.0;777.0;844.0;697.0;872.0;670.0;889.0;634.0;910.0;718.0;932.0;705.0;961.0;694.0;994.0;685.0;1017.0;750.0;942.0;744.0;988.0;738.0;1019.0;738.0;1046.0;781.0;947.0;784.0;986.0;784.0;1010.0;786.0;1042.0;813.0;932.0;824.0;968.0;832.0;986.0;837.0;1009.0;677.0;214.0;646.0;290.0
DO Right;Main Ouverte, Bras Tendu;907.0;105.0;795.0;416.0;806.0;605.0;777.0;844.0;697.0;872.0;670.0;889.0;634.0;910.0;718.0;932.0;705.0;961.0;694.0;994.0;686.0;1020.0;750.0;942.0;744.0;988.0;742.0;1017.0;738.0;1046.0;781.0;947.0;784.0;986.0;784.0;1010.0;786.0;1042.0;813.0;932.0;824.0;968.0;832.0;986.0;837.0;1009.0;677.0;214.0;646.0;290.0
DO Right;Main Ouverte, Bras Tendu;907.0;105.0;795.0;416.0;806.0;605.0;781.0;838.0;699.0;864.0;670.0;885.0;638.0;899.0;718.0;920.0;705.0;957.0;694.0;982.0;688.0;1005.0;750.0;942.0;747.0;976.0;742.0;1001.0;742.0;1032.0;781.0;947.0;784.0;977.0;787.0;1003.0;788.0;1025.0;813.0;932.0;826.0;956.0;834.0;978.0;842.0;997.0;677.0;214.0;646.0;290.0
DO Right;Main Ouverte, Bras Tendu;907.0;105.0;795.0;416.0;806.0;605.0;773.0;803.0;693.0;829.0;667.0;848.0;633.0;858.0;717.0;886.0;702.0;920.0;693.0;940.0;681.0;961.0;752.0;901.0;742.0;938.0;739.0;962.0;740.0;989.0;780.0;902.0;779.0;937.0;784.0;965.0;786.0;996.0;816.0;892.0;824.0;921.0;830.0;939.0;838.0;962.0;677.0;214.0;646.0;290.0
DO Right;Main Ouverte, Bras Tendu;907.0;105.0;795.0;416.0;806.0;605.0;773.0;778.0;694.0;796.0;665.0;811.0;632.0;824.0;715.0;860.0;702.0;892.0;691.0;914.0;680.0;932.0;740.0;880.0;736.0;912.0;740.0;933.0;737.0;956.0;777.0;876.0;782.0;910.0;785.0;934.0;787.0;965.0;812.0;864.0;825.0;898.0;833.0;909.0;837.0;931.0;677.0;214.0;646.0;290.0
DO Right;Intermédiaire;907.0;105.0;795.0;416.0;808.0;587.0;769.0;729.0;692.0;738.0;660.0;749.0;628.0;757.0;713.0;792.0;696.0;818.0;688.0;836.0;680.0;858.0;744.0;804.0;736.0;829.0;737.0;852.0;737.0;883.0;776.0;796.0;782.0;832.0;781.0;858.0;781.0;880.0;806.0;790.0;811.0;813.0;824.0;830.0;832.0;854.0;677.0;214.0;646.0;290.0
DO Right;Intermédiaire;907.0;105.0;795.0;416.0;816.0;568.0;769.0;652.0;690.0;656.0;660.0;665.0;626.0;668.0;708.0;701.0;699.0;725.0;689.0;742.0;673.0;734.0;740.0;716.0;734.0;741.0;733.0;772.0;732.0;760.0;772.0;715.0;773.0;733.0;776.0;769.0;774.0;755.0;805.0;700.0;810.0;741.0;828.0;747.0;824.0;721.0;677.0;214.0;646.0;290.0
DO Right;Intermédiaire;907.0;105.0;795.0;416.0;816.0;568.0;757.0;624.0;712.0;609.0;673.0;619.0;635.0;613.0;714.0;668.0;691.0;700.0;681.0;681.0;686.0;658.0;750.0;683.0;729.0;726.0;726.0;699.0;733.0;667.0;782.0;684.0;773.0;715.0;768.0;676.0;764.0;693.0;803.0;688.0;824.0;722.0;828.0;697.0;825.0;675.0;677.0;214.0;646.0;290.0
DO Right;Intermédiaire;906.0;105.0;794.0;416.0;828.0;633.0;760.0;605.0;696.0;536.0;670.0;516.0;645.0;506.0;712.0;586.0;689.0;574.0;688.0;550.0;700.0;525.0;744.0;597.0;738.0;554.0;740.0;536.0;750.0;507.0;764.0;594.0;777.0;562.0;780.0;541.0;785.0;509.0;798.0;602.0;816.0;579.0;822.0;550.0;830.0;523.0;677.0;213.0;646.0;291.0
DO Right;Intermédiaire;906.0;101.0;779.0;438.0;822.0;627.0;769.0;540.0;692.0;484.0;685.0;453.0;665.0;386.0;697.0;474.0;690.0;442.0;691.0;413.0;699.0;384.0;730.0;485.0;730.0;450.0;732.0;419.0;736.0;395.0;776.0;483.0;784.0;449.0;788.0;422.0;788.0;405.0;809.0;490.0;825.0;446.0;826.0;428.0;826.0;408.0;677.0;217.0;644.0;286.0
DO Right;Intermédiaire;910.0;106.0;785.0;429.0;836.0;625.0;764.0;488.0;706.0;434.0;686.0;397.0;674.0;348.0;705.0;422.0;693.0;386.0;699.0;356.0;706.0;328.0;737.0;425.0;738.0;373.0;742.0;344.0;748.0;324.0;781.0;441.0;782.0;395.0;788.0;368.0;793.0;333.0;813.0;443.0;821.0;403.0;830.0;381.0;827.0;361.0;676.0;214.0;645.0;293.0
DO Right;Intermédiaire;906.0;93.0;801.0;435.0;825.0;632.0;769.0;408.0;725.0;362.0;709.0;339.0;730.0;316.0;718.0;346.0;717.0;312.0;717.0;285.0;730.0;248.0;750.0;332.0;753.0;301.0;758.0;273.0;770.0;253.0;787.0;340.0;792.0;294.0;797.0;270.0;797.0;256.0;819.0;349.0;832.0;316.0;828.0;301.0;828.0;291.0;681.0;218.0;649.0;291.0
DO Right;Intermédiaire;907.0;105.0;787.0;421.0;830.0;617.0;776.0;340.0;739.0;304.0;723.0;275.0;713.0;242.0;733.0;258.0;737.0;227.0;740.0;198.0;750.0;180.0;764.0;252.0;769.0;216.0;772.0;201.0;781.0;189.0;790.0;272.0;796.0;233.0;800.0;214.0;793.0;205.0;825.0;281.0;828.0;252.0;835.0;230.0;824.0;229.0;680.0;213.0;644.0;289.0
DO Right;Intermédiaire;917.0;99.0;779.0;421.0;829.0;611.0;785.0;339.0;741.0;277.0;732.0;253.0;726.0;214.0;746.0;235.0;739.0;203.0;753.0;178.0;768.0;164.0;771.0;230.0;774.0;197.0;787.0;178.0;793.0;172.0;801.0;233.0;802.0;212.0;805.0;194.0;813.0;190.0;830.0;242.0;832.0;225.0;834.0;209.0;840.0;208.0;682.0;212.0;648.0;291.0
DO Right;Intermédiaire;907.0;100.0;796.0;420.0;824.0;612.0;796.0;308.0;750.0;249.0;753.0;204.0;770.0;178.0;754.0;196.0;758.0;162.0;772.0;142.0;784.0;149.0;781.0;194.0;794.0;154.0;805.0;154.0;806.0;166.0;803.0;210.0;825.0;162.0;829.0;174.0;829.0;186.0;836.0;214.0;844.0;182.0;849.0;192.0;850.0;202.0;680.0;216.0;648.0;289.0
DO Right;Intermédiaire;914.0;105.0;793.0;414.0;829.0;600.0;800.0;274.0;756.0;233.0;757.0;196.0;777.0;179.0;777.0;178.0;781.0;139.0;790.0;130.0;798.0;129.0;792.0;171.0;813.0;133.0;825.0;145.0;822.0;150.0;825.0;181.0;841.0;149.0;842.0;156.0;840.0;166.0;843.0;189.0;861.0;176.0;864.0;185.0;853.0;197.0;681.0;213.0;648.0;290.0
DO Right;Intermédiaire;913.0;94.0;797.0;417.0;830.0;587.0;813.0;261.0;764.0;212.0;760.0;178.0;792.0;180.0;781.0;165.0;789.0;136.0;798.0;131.0;800.0;141.0;802.0;165.0;813.0;144.0;825.0;139.0;826.0;149.0;838.0;179.0;843.0;153.0;849.0;164.0;848.0;168.0;852.0;196.0;864.0;184.0;865.0;189.0;860.0;197.0;678.0;216.0;649.0;291.0
DO Right;Intermédiaire;913.0;104.0;787.0;417.0;834.0;592.0;819.0;256.0;778.0;216.0;778.0;187.0;792.0;177.0;801.0;170.0;812.0;158.0;813.0;163.0;809.0;179.0;819.0;174.0;845.0;157.0;850.0;168.0;838.0;182.0;848.0;193.0;866.0;170.0;865.0;176.0;850.0;194.0;867.0;201.0;880.0;189.0;881.0;202.0;876.0;214.0;680.0;213.0;650.0;285.0
DO Right;Main Fermée, Bras Fléchi;907.0;110.0;792.0;414.0;833.0;589.0;835.0;254.0;792.0;222.0;794.0;205.0;812.0;208.0;798.0;171.0;814.0;178.0;812.0;186.0;803.0;182.0;825.0;173.0;834.0;177.0;830.0;188.0;821.0;186.0;840.0;174.0;858.0;184.0;850.0;192.0;838.0;189.0;872.0;188.0;889.0;205.0;877.0;212.0;865.0;210.0;682.0;217.0;649.0;290.0
DO Right;Main Fermée, Bras Fléchi;909.0;100.0;766.0;413.0;840.0;594.0;838.0;267.0;798.0;234.0;800.0;211.0;820.0;216.0;813.0;180.0;830.0;188.0;824.0;203.0;812.0;198.0;838.0;184.0;858.0;195.0;851.0;206.0;840.0;204.0;857.0;188.0;867.0;201.0;860.0;214.0;853.0;210.0;880.0;202.0;892.0;214.0;888.0;222.0;873.0;221.0;683.0;218.0;646.0;290.0
DO Right;Main Fermée, Bras Fléchi;902.0;104.0;794.0;410.0;845.0;579.0;843.0;270.0;808.0;236.0;808.0;212.0;834.0;222.0;818.0;194.0;832.0;190.0;838.0;198.0;832.0;205.0;844.0;188.0;860.0;197.0;851.0;206.0;840.0;206.0;869.0;205.0;881.0;218.0;872.0;222.0;859.0;219.0;890.0;214.0;905.0;228.0;892.0;236.0;877.0;229.0;682.0;217.0;652.0;289.0
DO Right;Main Fermée, Bras Fléchi;909.0;100.0;787.0;409.0;843.0;578.0;842.0;282.0;804.0;229.0;811.0;217.0;830.0;226.0;817.0;190.0;837.0;201.0;830.0;212.0;818.0;204.0;840.0;186.0;858.0;202.0;849.0;205.0;837.0;201.0;870.0;195.0;881.0;211.0;875.0;219.0;858.0;212.0;888.0;209.0;900.0;222.0;893.0;233.0;885.0;230.0;678.0;218.0;649.0;288.0
DO Right;Main Fermée, Bras Fléchi;909.0;100.0;787.0;409.0;843.0;578.0;842.0;282.0;804.0;229.0;811.0;217.0;830.0;226.0;817.0;190.0;837.0;201.0;830.0;212.0;818.0;204.0;840.0;186.0;858.0;202.0;849.0;205.0;837.0;201.0;870.0;195.0;881.0;211.0;875.0;219.0;858.0;212.0;888.0;209.0;900.0;222.0;893.0;233.0;885.0;230.0;678.0;218.0;649.0;288.0
DO Right;Main Fermée, Bras Fléchi;912.0;104.0;790.0;412.0;837.0;587.0;843.0;265.0;802.0;214.0;810.0;197.0;819.0;203.0;811.0;172.0;830.0;177.0;825.0;189.0;812.0;185.0;833.0;163.0;850.0;177.0;846.0;196.0;835.0;192.0;864.0;174.0;881.0;185.0;876.0;198.0;861.0;196.0;890.0;186.0;899.0;200.0;894.0;210.0;886.0;205.0;683.0;217.0;649.0;289.0
DO Right;Intermédiaire;909.0;102.0;787.0;414.0;837.0;588.0;836.0;258.0;790.0;206.0;797.0;182.0;816.0;186.0;802.0;150.0;826.0;163.0;821.0;180.0;806.0;172.0;827.0;152.0;842.0;163.0;837.0;179.0;819.0;177.0;843.0;153.0;862.0;165.0;852.0;179.0;838.0;169.0;870.0;171.0;894.0;188.0;888.0;201.0;862.0;195.0;682.0;216.0;649.0;290.0
DO Right;Intermédiaire;915.0;99.0;793.0;408.0;835.0;585.0;835.0;258.0;787.0;210.0;786.0;185.0;804.0;192.0;790.0;160.0;811.0;132.0;825.0;156.0;817.0;172.0;821.0;150.0;843.0;139.0;850.0;161.0;835.0;173.0;848.0;162.0;862.0;153.0;870.0;171.0;844.0;182.0;873.0;174.0;888.0;182.0;885.0;195.0;867.0;192.0;682.0;216.0;651.0;286.0
DO Right;Intermédiaire;915.0;99.0;794.0;416.0;832.0;597.0;827.0;260.0;777.0;208.0;776.0;182.0;774.0;147.0;788.0;162.0;800.0;130.0;805.0;148.0;802.0;169.0;811.0;162.0;826.0;136.0;834.0;155.0;825.0;171.0;840.0;166.0;852.0;150.0;852.0;166.0;849.0;180.0;870.0;178.0;873.0;166.0;875.0;185.0;870.0;192.0;678.0;216.0;651.0;290.0
DO Right;Intermédiaire;917.0;102.0;779.0;413.0;834.0;587.0;817.0;288.0;763.0;226.0;755.0;188.0;768.0;154.0;772.0;192.0;779.0;153.0;786.0;140.0;792.0;133.0;804.0;192.0;805.0;148.0;813.0;138.0;813.0;145.0;827.0;203.0;835.0;156.0;841.0;162.0;837.0;169.0;852.0;197.0;857.0;178.0;857.0;166.0;857.0;177.0;681.0;214.0;650.0;288.0
DO Right;Intermédiaire;917.0;107.0;785.0;424.0;833.0;593.0;812.0;310.0;758.0;244.0;740.0;194.0;758.0;156.0;765.0;214.0;773.0;165.0;776.0;172.0;772.0;179.0;797.0;204.0;800.0;164.0;806.0;154.0;808.0;163.0;826.0;218.0;830.0;169.0;833.0;158.0;833.0;171.0;849.0;214.0;858.0;179.0;857.0;179.0;854.0;181.0;683.0;219.0;646.0;288.0
DO Right;Intermédiaire;915.0;100.0;790.0;418.0;834.0;604.0;801.0;344.0;753.0;308.0;736.0;268.0;733.0;209.0;766.0;264.0;758.0;232.0;763.0;210.0;766.0;192.0;789.0;266.0;792.0;216.0;796.0;205.0;802.0;192.0;828.0;264.0;827.0;233.0;826.0;213.0;828.0;201.0;851.0;269.0;858.0;238.0;854.0;225.0;852.0;213.0;682.0;217.0;651.0;286.0
DO Right;Intermédiaire;914.0;105.0;795.0;428.0;834.0;616.0;797.0;411.0;746.0;363.0;729.0;333.0;720.0;283.0;756.0;356.0;742.0;307.0;747.0;278.0;749.0;246.0;788.0;361.0;786.0;308.0;789.0;280.0;798.0;250.0;819.0;369.0;819.0;322.0;819.0;285.0;826.0;258.0;849.0;364.0;853.0;331.0;856.0;307.0;852.0;278.0;682.0;213.0;651.0;292.0
DO Right;Intermédiaire;914.0;108.0;790.0;427.0;833.0;616.0;800.0;454.0;750.0;405.0;723.0;360.0;708.0;307.0;748.0;389.0;746.0;352.0;742.0;325.0;749.0;302.0;780.0;406.0;786.0;363.0;785.0;321.0;797.0;293.0;816.0;412.0;824.0;370.0;829.0;336.0;832.0;313.0;859.0;418.0;866.0;379.0;858.0;358.0;861.0;330.0;682.0;216.0;650.0;288.0
DO Right;Intermédiaire;923.0;97.0;800.0;421.0;828.0;632.0;789.0;534.0;740.0;494.0;712.0;442.0;704.0;401.0;747.0;506.0;749.0;462.0;748.0;435.0;748.0;419.0;792.0;513.0;790.0;474.0;792.0;440.0;795.0;420.0;828.0;517.0;832.0;474.0;828.0;448.0;834.0;437.0;846.0;521.0;860.0;490.0;868.0;464.0;867.0;449.0;680.0;214.0;645.0;291.0
DO Right;Intermédiaire;917.0;108.0;798.0;417.0;821.0;553.0;802.0;572.0;752.0;541.0;713.0;523.0;708.0;496.0;772.0;593.0;754.0;594.0;750.0;579.0;746.0;555.0;809.0;604.0;806.0;595.0;809.0;578.0;808.0;554.0;848.0;613.0;850.0;602.0;849.0;581.0;849.0;569.0;869.0;626.0;885.0;620.0;886.0;600.0;886.0;587.0;677.0;214.0;649.0;293.0
DO Right;Intermédiaire;910.0;102.0;801.0;403.0;817.0;537.0;806.0;589.0;748.0;585.0;718.0;571.0;707.0;553.0;766.0;637.0;765.0;666.0;776.0;650.0;785.0;625.0;801.0;646.0;806.0;676.0;813.0;651.0;818.0;629.0;829.0;656.0;837.0;682.0;845.0;665.0;846.0;642.0;856.0;654.0;888.0;684.0;901.0;672.0;891.0;626.0;680.0;219.0;648.0;293.0
DO Right;Intermédiaire;909.0;107.0;793.0;417.0;818.0;558.0;818.0;669.0;756.0;670.0;732.0;669.0;702.0;660.0;782.0;707.0;777.0;730.0;769.0;758.0;766.0;780.0;819.0;722.0;818.0;755.0;812.0;780.0;818.0;803.0;844.0;732.0;851.0;766.0;851.0;788.0;856.0;806.0;877.0;736.0;885.0;756.0;898.0;773.0;909.0;794.0;678.0;219.0;649.0;293.0
DO Right;Main Ouverte, Bras Tendu;912.0;107.0;789.0;428.0;821.0;561.0;828.0;725.0;766.0;740.0;741.0;750.0;708.0;758.0;787.0;798.0;779.0;827.0;774.0;849.0;769.0;875.0;818.0;817.0;817.0;848.0;819.0;873.0;832.0;897.0;851.0;825.0;854.0;860.0;860.0;878.0;867.0;902.0;874.0;824.0;888.0;844.0;905.0;859.0;917.0;876.0;681.0;217.0;646.0;289.0
DO Right;Main Ouverte, Bras Tendu;912.0;97.0;788.0;413.0;825.0;576.0;829.0;754.0;771.0;771.0;742.0;779.0;714.0;788.0;792.0;837.0;779.0;866.0;777.0;891.0;776.0;916.0;820.0;854.0;820.0;889.0;828.0;914.0;840.0;933.0;851.0;857.0;858.0;890.0;869.0;915.0;874.0;938.0;881.0;848.0;892.0;874.0;909.0;896.0;923.0;913.0;681.0;218.0;645.0;291.0
DO Right;Main Ouverte, Bras Tendu;906.0;98.0;790.0;418.0;825.0;582.0;833.0;793.0;773.0;810.0;748.0;834.0;720.0;842.0;790.0;889.0;785.0;912.0;779.0;936.0;778.0;961.0;828.0;904.0;826.0;931.0;830.0;957.0;840.0;982.0;853.0;898.0;861.0;929.0;870.0;958.0;880.0;986.0;885.0;889.0;899.0;920.0;913.0;934.0;925.0;954.0;681.0;217.0;648.0;290.0
DO Right;Main Ouverte, Bras Tendu;913.0;101.0;789.0;424.0;824.0;594.0;835.0;809.0;781.0;835.0;753.0;850.0;715.0;866.0;792.0;907.0;787.0;934.0;782.0;963.0;782.0;987.0;828.0;921.0;826.0;965.0;834.0;986.0;842.0;1011.0;853.0;924.0;861.0;961.0;873.0;984.0;880.0;1005.0;886.0;916.0;901.0;944.0;915.0;961.0;931.0;978.0;681.0;219.0;646.0;290.0
DO Right;Main Ouverte, Bras Tendu;913.0;101.0;789.0;424.0;824.0;594.0;835.0;809.0;781.0;835.0;753.0;850.0;715.0;866.0;792.0;907.0;787.0;934.0;782.0;963.0;782.0;987.0;828.0;921.0;826.0;965.0;834.0;986.0;842.0;1011.0;853.0;924.0;861.0;961.0;873.0;984.0;880.0;1005.0;886.0;916.0;901.0;944.0;915.0;961.0;931.0;978.0;681.0;219.0;646.0;290.0
DO Right;Main Ouverte, Bras Tendu;916.0;105.0;789.0;425.0;820.0;598.0;829.0;797.0;768.0;835.0;745.0;850.0;712.0;858.0;784.0;902.0;784.0;932.0;782.0;949.0;778.0;977.0;819.0;912.0;819.0;946.0;824.0;966.0;832.0;992.0;853.0;916.0;861.0;947.0;869.0;972.0;880.0;998.0;882.0;906.0;902.0;925.0;915.0;950.0;930.0;965.0;677.0;213.0;644.0;289.0
DO Right;Main Ouverte, Bras Tendu;910.0;105.0;789.0;413.0;819.0;587.0;826.0;772.0;765.0;788.0;744.0;813.0;706.0;821.0;782.0;861.0;780.0;889.0;773.0;910.0;773.0;931.0;817.0;875.0;820.0;907.0;825.0;933.0;833.0;957.0;848.0;876.0;856.0;905.0;862.0;930.0;872.0;958.0;878.0;872.0;894.0;893.0;912.0;909.0;925.0;926.0;678.0;216.0;646.0;290.0
DO Right;Main Ouverte, Bras Tendu;916.0;102.0;790.0;414.0;822.0;578.0;822.0;760.0;764.0;772.0;738.0;788.0;708.0;787.0;782.0;837.0;773.0;861.0;771.0;886.0;772.0;910.0;821.0;849.0;821.0;880.0;820.0;901.0;829.0;926.0;850.0;853.0;858.0;883.0;867.0;899.0;877.0;923.0;878.0;838.0;897.0;867.0;908.0;885.0;922.0;905.0;678.0;218.0;648.0;288.0
DO Right;Main Ouverte, Bras Tendu;908.0;107.0;785.0;417.0;811.0;550.0;827.0;700.0;764.0;710.0;730.0;718.0;701.0;721.0;786.0;753.0;779.0;774.0;773.0;795.0;770.0;822.0;826.0;765.0;819.0;795.0;822.0;819.0;828.0;840.0;853.0;772.0;858.0;794.0;868.0;821.0;875.0;845.0;883.0;765.0;898.0;787.0;914.0;805.0;926.0;821.0;680.0;219.0;645.0;290.0
DO Right;Main Ouverte, Bras Tendu;909.0;107.0;784.0;402.0;821.0;568.0;828.0;605.0;755.0;633.0;726.0;633.0;704.0;626.0;790.0;664.0;785.0;684.0;780.0;704.0;774.0;720.0;825.0;675.0;822.0;699.0;825.0;720.0;824.0;738.0;853.0;678.0;857.0;709.0;864.0;731.0;878.0;746.0;882.0;682.0;894.0;700.0;913.0;701.0;926.0;692.0;677.0;214.0;646.0;291.0
DO Right;Intermédiaire;910.0;102.0;786.0;411.0;820.0;563.0;832.0;604.0;753.0;595.0;732.0;579.0;714.0;562.0;784.0;621.0;780.0;652.0;786.0;641.0;793.0;625.0;816.0;646.0;817.0;673.0;824.0;659.0;824.0;638.0;846.0;642.0;854.0;672.0;862.0;662.0;865.0;640.0;874.0;650.0;886.0;664.0;896.0;651.0;900.0;633.0;681.0;214.0;645.0;290.0
DO Right;Intermédiaire;913.0;102.0;793.0;430.0;836.0;649.0;825.0;555.0;780.0;522.0;749.0;488.0;721.0;474.0;781.0;533.0;779.0;512.0;777.0;496.0;779.0;469.0;826.0;553.0;826.0;532.0;828.0;515.0;832.0;491.0;860.0;555.0;867.0;540.0;873.0;520.0;874.0;497.0;883.0;558.0;917.0;523.0;916.0;498.0;920.0;475.0;677.0;217.0;646.0;291.0
DO Right;Intermédiaire;910.0;110.0;793.0;401.0;836.0;640.0;821.0;467.0;779.0;425.0;740.0;372.0;742.0;341.0;784.0;427.0;784.0;393.0;785.0;366.0;789.0;336.0;819.0;438.0;830.0;389.0;832.0;363.0;833.0;345.0;874.0;443.0;880.0;416.0;881.0;389.0;881.0;373.0;878.0;467.0;907.0;434.0;915.0;402.0;917.0;374.0;683.0;212.0;649.0;288.0
DO Right;Intermédiaire;912.0;106.0;793.0;408.0;836.0;633.0;834.0;449.0;779.0;384.0;757.0;332.0;760.0;299.0;784.0;380.0;774.0;346.0;784.0;323.0;781.0;296.0;817.0;396.0;821.0;365.0;827.0;334.0;832.0;307.0;866.0;411.0;874.0;362.0;882.0;338.0;885.0;310.0;881.0;412.0;901.0;365.0;908.0;339.0;913.0;316.0;677.0;216.0;648.0;289.0
DO Right;Intermédiaire;913.0;97.0;779.0;412.0;837.0;609.0;842.0;368.0;780.0;316.0;773.0;281.0;771.0;230.0;793.0;305.0;789.0;266.0;794.0;235.0;794.0;202.0;827.0;306.0;830.0;259.0;837.0;227.0;843.0;205.0;867.0;309.0;880.0;254.0;881.0;226.0;880.0;201.0;899.0;316.0;912.0;275.0;910.0;248.0;908.0;217.0;678.0;217.0;648.0;289.0
DO Right;Intermédiaire;915.0;101.0;787.0;410.0;841.0;611.0;837.0;328.0;774.0;258.0;776.0;222.0;778.0;188.0;800.0;238.0;798.0;196.0;810.0;160.0;810.0;138.0;830.0;242.0;838.0;189.0;843.0;161.0;846.0;144.0;872.0;243.0;875.0;205.0;873.0;172.0;873.0;152.0;892.0;256.0;904.0;211.0;905.0;193.0;897.0;170.0;680.0;216.0;649.0;289.0
DO Right;Intermédiaire;908.0;99.0;784.0;408.0;830.0;605.0;834.0;314.0;777.0;241.0;774.0;210.0;780.0;164.0;795.0;214.0;801.0;172.0;806.0;145.0;820.0;125.0;830.0;217.0;836.0;165.0;845.0;138.0;856.0;139.0;861.0;221.0;869.0;174.0;873.0;157.0;873.0;147.0;888.0;237.0;902.0;187.0;896.0;166.0;886.0;165.0;681.0;213.0;649.0;290.0
DO Right;Intermédiaire;910.0;94.0;770.0;413.0;836.0;604.0;833.0;278.0;773.0;227.0;774.0;190.0;786.0;148.0;797.0;178.0;806.0;132.0;814.0;128.0;819.0;126.0;834.0;174.0;841.0;136.0;854.0;136.0;851.0;144.0;856.0;178.0;862.0;148.0;870.0;145.0;874.0;154.0;882.0;192.0;897.0;168.0;885.0;164.0;883.0;170.0;683.0;214.0;650.0;286.0
DO Right;Intermédiaire;909.0;92.0;777.0;405.0;829.0;603.0;833.0;267.0;778.0;210.0;777.0;171.0;802.0;152.0;808.0;165.0;809.0;133.0;816.0;129.0;821.0;130.0;824.0;164.0;841.0;123.0;848.0;129.0;845.0;139.0;857.0;173.0;869.0;141.0;866.0;146.0;865.0;155.0;883.0;172.0;889.0;155.0;885.0;157.0;885.0;171.0;684.0;214.0;650.0;289.0
DO Right;Intermédiaire;912.0;91.0;780.0;409.0;835.0;598.0;827.0;273.0;780.0;211.0;784.0;178.0;804.0;177.0;800.0;163.0;811.0;132.0;811.0;141.0;809.0;152.0;830.0;163.0;844.0;132.0;846.0;136.0;845.0;145.0;850.0;169.0;860.0;142.0;867.0;149.0;861.0;160.0;885.0;182.0;886.0;162.0;888.0;166.0;884.0;176.0;684.0;214.0;650.0;289.0
DO Right;Main Fermée, Bras Fléchi;909.0;96.0;772.0;416.0;836.0;590.0;824.0;268.0;781.0;221.0;784.0;192.0;808.0;189.0;800.0;168.0;817.0;152.0;820.0;165.0;817.0;177.0;828.0;174.0;838.0;156.0;845.0;171.0;841.0;186.0;854.0;186.0;865.0;170.0;867.0;180.0;862.0;194.0;876.0;197.0;885.0;184.0;886.0;196.0;878.0;206.0;681.0;213.0;650.0;286.0
DO Right;Main Fermée, Bras Fléchi;910.0;98.0;779.0;409.0;843.0;586.0;820.0;274.0;785.0;227.0;792.0;203.0;805.0;214.0;798.0;190.0;811.0;198.0;811.0;202.0;802.0;205.0;824.0;190.0;840.0;201.0;836.0;206.0;824.0;205.0;848.0;193.0;859.0;206.0;854.0;217.0;845.0;211.0;876.0;200.0;886.0;221.0;882.0;227.0;872.0;224.0;683.0;216.0;650.0;291.0
DO Right;Main Fermée, Bras Fléchi;910.0;98.0;776.0;410.0;840.0;572.0;827.0;259.0;792.0;233.0;795.0;211.0;809.0;218.0;802.0;184.0;819.0;197.0;819.0;205.0;802.0;208.0;828.0;192.0;840.0;203.0;835.0;212.0;826.0;209.0;853.0;202.0;860.0;211.0;858.0;224.0;848.0;220.0;873.0;209.0;886.0;222.0;882.0;228.0;867.0;232.0;678.0;214.0;648.0;288.0
DO Right;Main Fermée, Bras Fléchi;910.0;99.0;784.0;404.0;842.0;581.0;833.0;277.0;800.0;225.0;802.0;214.0;821.0;219.0;813.0;198.0;829.0;204.0;828.0;208.0;816.0;208.0;835.0;197.0;846.0;216.0;843.0;221.0;833.0;220.0;857.0;203.0;867.0;209.0;866.0;217.0;856.0;217.0;890.0;212.0;896.0;222.0;892.0;232.0;876.0;226.0;680.0;217.0;648.0;289.0
DO Right;Main Fermée, Bras Fléchi;909.0;98.0;786.0;405.0;846.0;579.0;833.0;277.0;802.0;232.0;808.0;197.0;826.0;208.0;821.0;188.0;841.0;200.0;836.0;206.0;819.0;201.0;844.0;189.0;859.0;198.0;856.0;211.0;841.0;206.0;865.0;194.0;874.0;203.0;867.0;214.0;859.0;211.0;889.0;203.0;894.0;212.0;892.0;220.0;882.0;216.0;683.0;217.0;650.0;288.0
DO Right;Main Fermée, Bras Fléchi;909.0;104.0;772.0;409.0;842.0;581.0;842.0;273.0;802.0;213.0;813.0;194.0;826.0;201.0;824.0;181.0;835.0;184.0;835.0;200.0;826.0;198.0;848.0;185.0;865.0;193.0;856.0;205.0;841.0;203.0;872.0;192.0;881.0;201.0;874.0;210.0;860.0;208.0;894.0;204.0;902.0;216.0;897.0;222.0;885.0;219.0;681.0;216.0;651.0;291.0
DO Right;Main Fermée, Bras Fléchi;909.0;104.0;781.0;406.0;850.0;579.0;848.0;266.0;804.0;216.0;812.0;178.0;837.0;200.0;822.0;170.0;845.0;181.0;837.0;194.0;816.0;192.0;846.0;166.0;859.0;180.0;857.0;198.0;844.0;189.0;870.0;180.0;885.0;190.0;882.0;201.0;861.0;197.0;894.0;188.0;907.0;202.0;904.0;209.0;889.0;205.0;683.0;216.0;651.0;289.0
DO Right;Main Fermée, Bras Fléchi;912.0;97.0;774.0;410.0;838.0;590.0;852.0;264.0;802.0;208.0;804.0;184.0;821.0;190.0;821.0;158.0;841.0;157.0;840.0;170.0;824.0;179.0;844.0;162.0;858.0;171.0;856.0;184.0;834.0;182.0;862.0;165.0;872.0;176.0;869.0;190.0;857.0;189.0;889.0;177.0;901.0;188.0;901.0;203.0;882.0;197.0;680.0;217.0;649.0;289.0
DO Right;Main Fermée, Bras Fléchi;916.0;91.0;776.0;419.0;836.0;592.0;852.0;266.0;802.0;198.0;805.0;171.0;833.0;178.0;825.0;158.0;840.0;141.0;851.0;163.0;840.0;172.0;853.0;157.0;865.0;152.0;870.0;164.0;860.0;177.0;876.0;170.0;891.0;170.0;891.0;184.0;874.0;193.0;901.0;180.0;907.0;187.0;898.0;203.0;891.0;198.0;682.0;216.0;650.0;292.0
DO Right;Main Fermée, Bras Fléchi;908.0;98.0;784.0;412.0;834.0;594.0;853.0;273.0;802.0;206.0;804.0;177.0;833.0;186.0;817.0;148.0;834.0;126.0;851.0;146.0;827.0;164.0;850.0;160.0;860.0;134.0;874.0;161.0;857.0;179.0;868.0;171.0;886.0;149.0;886.0;166.0;876.0;180.0;896.0;181.0;904.0;170.0;905.0;186.0;896.0;202.0;682.0;216.0;650.0;289.0
DO Right;Intermédiaire;905.0;96.0;782.0;419.0;838.0;595.0;848.0;291.0;800.0;216.0;794.0;161.0;814.0;128.0;818.0;184.0;826.0;138.0;838.0;129.0;835.0;144.0;843.0;185.0;848.0;142.0;862.0;138.0;864.0;148.0;868.0;192.0;876.0;156.0;878.0;154.0;881.0;161.0;896.0;194.0;902.0;173.0;897.0;166.0;897.0;174.0;684.0;214.0;648.0;286.0
DO Right;Intermédiaire;907.0;93.0;771.0;416.0;840.0;594.0;841.0;286.0;797.0;234.0;787.0;180.0;801.0;139.0;810.0;194.0;825.0;148.0;830.0;145.0;826.0;156.0;843.0;198.0;851.0;155.0;857.0;144.0;852.0;157.0;870.0;197.0;876.0;161.0;881.0;155.0;875.0;165.0;893.0;209.0;904.0;181.0;896.0;171.0;893.0;181.0;681.0;217.0;651.0;288.0
DO Right;Intermédiaire;912.0;98.0;774.0;412.0;838.0;604.0;840.0;322.0;782.0;260.0;776.0;232.0;776.0;192.0;802.0;236.0;805.0;195.0;813.0;171.0;824.0;162.0;835.0;237.0;841.0;192.0;845.0;176.0;851.0;179.0;867.0;237.0;870.0;197.0;870.0;184.0;875.0;188.0;896.0;245.0;896.0;218.0;897.0;204.0;896.0;198.0;683.0;214.0;649.0;290.0
DO Right;Intermédiaire;904.0;104.0;779.0;422.0;837.0;614.0;830.0;392.0;773.0;320.0;768.0;290.0;778.0;258.0;787.0;308.0;788.0;264.0;788.0;243.0;792.0;221.0;824.0;310.0;832.0;266.0;835.0;241.0;843.0;210.0;856.0;323.0;864.0;282.0;868.0;254.0;874.0;227.0;890.0;325.0;891.0;302.0;893.0;276.0;894.0;251.0;681.0;218.0;648.0;289.0
DO Right;Intermédiaire;907.0;101.0;781.0;405.0;835.0;619.0;824.0;418.0;768.0;356.0;756.0;316.0;744.0;284.0;776.0;347.0;778.0;317.0;779.0;290.0;773.0;261.0;816.0;354.0;816.0;317.0;833.0;283.0;832.0;260.0;852.0;371.0;862.0;326.0;862.0;299.0;867.0;273.0;888.0;378.0;896.0;338.0;892.0;316.0;893.0;294.0;681.0;216.0;648.0;288.0
DO Right;Intermédiaire;910.0;97.0;788.0;408.0;834.0;620.0;827.0;496.0;754.0;440.0;741.0;403.0;731.0;369.0;777.0;458.0;768.0;428.0;770.0;401.0;768.0;380.0;808.0;466.0;813.0;429.0;817.0;405.0;819.0;386.0;850.0;472.0;849.0;445.0;856.0;418.0;856.0;398.0;877.0;474.0;884.0;446.0;886.0;428.0;885.0;410.0;681.0;218.0;649.0;290.0
DO Right;Intermédiaire;910.0;93.0;795.0;412.0;821.0;549.0;800.0;608.0;758.0;541.0;747.0;507.0;721.0;485.0;758.0;577.0;758.0;549.0;761.0;521.0;771.0;502.0;803.0;585.0;810.0;565.0;812.0;538.0;812.0;521.0;845.0;598.0;850.0;576.0;856.0;557.0;854.0;538.0;876.0;603.0;878.0;584.0;882.0;566.0;882.0;542.0;683.0;214.0;648.0;290.0
DO Right;Intermédiaire;904.0;101.0;788.0;413.0;825.0;548.0;811.0;581.0;738.0;553.0;723.0;549.0;709.0;529.0;779.0;602.0;769.0;621.0;762.0;606.0;760.0;582.0;794.0;620.0;796.0;644.0;810.0;621.0;814.0;601.0;822.0;622.0;828.0;642.0;837.0;626.0;845.0;594.0;846.0;626.0;866.0;646.0;868.0;625.0;870.0;605.0;677.0;216.0;650.0;289.0
DO Right;Intermédiaire;909.0;106.0;793.0;411.0;814.0;555.0;822.0;637.0;755.0;640.0;725.0;645.0;710.0;630.0;774.0;675.0;766.0;694.0;763.0;721.0;752.0;738.0;805.0;693.0;810.0;718.0;805.0;740.0;806.0;753.0;841.0;696.0;842.0;720.0;842.0;747.0;844.0;771.0;867.0;700.0;873.0;724.0;881.0;736.0;891.0;757.0;677.0;216.0;646.0;288.0
DO Right;Main Ouverte, Bras Tendu;906.0;108.0;787.0;419.0;816.0;570.0;819.0;714.0;753.0;718.0;726.0;725.0;702.0;724.0;771.0;774.0;765.0;800.0;758.0;826.0;754.0;853.0;805.0;789.0;804.0;820.0;805.0;846.0;811.0;872.0;833.0;792.0;841.0;822.0;844.0;852.0;851.0;877.0;861.0;793.0;876.0;813.0;888.0;838.0;894.0;854.0;682.0;213.0;649.0;292.0
DO Right;Main Ouverte, Bras Tendu;912.0;104.0;792.0;417.0;819.0;580.0;816.0;744.0;757.0;753.0;726.0;766.0;705.0;771.0;768.0;819.0;762.0;852.0;756.0;880.0;755.0;899.0;804.0;836.0;801.0;865.0;802.0;886.0;809.0;909.0;834.0;841.0;836.0;874.0;841.0;896.0;846.0;915.0;864.0;836.0;873.0;856.0;883.0;878.0;886.0;899.0;682.0;216.0;651.0;294.0
DO Right;Main Ouverte, Bras Tendu;909.0;96.0;787.0;410.0;819.0;580.0;817.0;787.0;754.0;811.0;725.0;830.0;700.0;843.0;769.0;888.0;758.0;920.0;758.0;936.0;753.0;963.0;801.0;897.0;801.0;941.0;806.0;965.0;814.0;981.0;832.0;905.0;833.0;940.0;843.0;957.0;850.0;980.0;861.0;884.0;874.0;918.0;884.0;934.0;897.0;955.0;681.0;216.0;650.0;291.0
DO Right;Main Ouverte, Bras Tendu;916.0;105.0;789.0;420.0;819.0;602.0;812.0;828.0;745.0;853.0;725.0;874.0;689.0;897.0;766.0;928.0;758.0;958.0;755.0;978.0;754.0;1002.0;802.0;938.0;797.0;976.0;806.0;1001.0;811.0;1019.0;826.0;945.0;837.0;966.0;844.0;997.0;852.0;1020.0;861.0;921.0;873.0;945.0;883.0;968.0;896.0;987.0;681.0;214.0;648.0;290.0
DO Right;Main Ouverte, Bras Tendu;914.0;100.0;787.0;420.0;818.0;611.0;811.0;837.0;748.0;862.0;724.0;891.0;686.0;910.0;766.0;934.0;756.0;970.0;753.0;990.0;752.0;1016.0;803.0;949.0;801.0;986.0;804.0;1010.0;809.0;1041.0;828.0;944.0;835.0;984.0;844.0;1009.0;852.0;1030.0;859.0;929.0;870.0;956.0;881.0;977.0;893.0;1002.0;681.0;214.0;650.0;289.0
DO Right;Main Ouverte, Bras Tendu;913.0;101.0;792.0;419.0;819.0;606.0;809.0;837.0;740.0;870.0;718.0;892.0;685.0;910.0;763.0;936.0;755.0;966.0;748.0;995.0;748.0;1022.0;797.0;950.0;794.0;982.0;795.0;1012.0;804.0;1040.0;825.0;949.0;830.0;984.0;837.0;1010.0;846.0;1030.0;858.0;930.0;870.0;961.0;882.0;985.0;890.0;1000.0;681.0;216.0;649.0;289.0
DO Right;Main Ouverte, Bras Tendu;910.0;102.0;789.0;412.0;814.0;600.0;809.0;818.0;741.0;850.0;718.0;870.0;684.0;891.0;762.0;913.0;750.0;947.0;749.0;972.0;749.0;996.0;794.0;926.0;793.0;965.0;800.0;986.0;809.0;1011.0;825.0;928.0;834.0;957.0;842.0;981.0;844.0;1001.0;857.0;908.0;865.0;933.0;881.0;953.0;890.0;971.0;680.0;218.0;646.0;291.0
DO Right;Main Ouverte, Bras Tendu;909.0;100.0;790.0;413.0;812.0;594.0;808.0;800.0;737.0;833.0;709.0;853.0;684.0;867.0;760.0;893.0;754.0;923.0;749.0;950.0;747.0;978.0;794.0;907.0;794.0;942.0;798.0;968.0;804.0;990.0;824.0;906.0;833.0;936.0;841.0;960.0;848.0;985.0;852.0;896.0;869.0;917.0;884.0;932.0;892.0;955.0;680.0;217.0;648.0;290.0
DO Right;Main Ouverte, Bras Tendu;908.0;100.0;788.0;417.0;814.0;579.0;809.0;750.0;734.0;780.0;709.0;794.0;682.0;810.0;763.0;835.0;757.0;866.0;750.0;890.0;744.0;909.0;795.0;841.0;800.0;877.0;800.0;901.0;808.0;926.0;826.0;843.0;835.0;876.0;844.0;893.0;852.0;915.0;854.0;832.0;872.0;853.0;885.0;873.0;892.0;886.0;678.0;212.0;651.0;289.0
DO Right;Intermédiaire;906.0;106.0;784.0;414.0;816.0;587.0;811.0;694.0;749.0;708.0;718.0;714.0;686.0;716.0;777.0;742.0;762.0;770.0;758.0;795.0;754.0;816.0;802.0;757.0;801.0;787.0;803.0;813.0;810.0;836.0;834.0;757.0;838.0;795.0;844.0;818.0;856.0;833.0;864.0;754.0;877.0;777.0;889.0;787.0;902.0;789.0;678.0;217.0;649.0;292.0
DO Right;Intermédiaire;910.0;100.0;788.0;412.0;817.0;574.0;816.0;661.0;745.0;672.0;717.0;672.0;685.0;666.0;771.0;702.0;761.0;718.0;762.0;742.0;754.0;764.0;809.0;715.0;805.0;744.0;806.0;764.0;808.0;785.0;837.0;721.0;843.0;746.0;850.0;771.0;864.0;788.0;868.0;718.0;882.0;731.0;890.0;742.0;905.0;747.0;682.0;214.0;649.0;286.0
DO Right;Intermédiaire;906.0;98.0;790.0;408.0;818.0;564.0;804.0;597.0;737.0;590.0;717.0;581.0;697.0;563.0;780.0;626.0;760.0;656.0;764.0;629.0;764.0;594.0;806.0;634.0;808.0;664.0;806.0;637.0;818.0;602.0;835.0;634.0;841.0;661.0;850.0;643.0;845.0;611.0;869.0;649.0;899.0;646.0;899.0;627.0;901.0;609.0;677.0;216.0;650.0;290.0
DO Right;Intermédiaire;908.0;101.0;790.0;416.0;834.0;640.0;817.0;574.0;760.0;525.0;737.0;498.0;715.0;469.0;764.0;534.0;765.0;509.0;768.0;483.0;769.0;465.0;810.0;548.0;814.0;524.0;819.0;502.0;821.0;470.0;841.0;558.0;851.0;533.0;857.0;510.0;859.0;489.0;873.0;566.0;902.0;545.0;909.0;513.0;909.0;470.0;682.0;218.0;648.0;290.0
DO Right;Intermédiaire;909.0;105.0;794.0;414.0;838.0;641.0;812.0;522.0;758.0;482.0;744.0;448.0;733.0;396.0;773.0;482.0;770.0;440.0;774.0;418.0;781.0;406.0;811.0;490.0;814.0;452.0;824.0;425.0;832.0;397.0;841.0;496.0;854.0;460.0;859.0;432.0;866.0;405.0;869.0;504.0;886.0;470.0;902.0;446.0;898.0;422.0;681.0;214.0;649.0;290.0
DO Right;Intermédiaire;905.0;97.0;792.0;405.0;833.0;635.0;818.0;450.0;766.0;378.0;752.0;320.0;769.0;288.0;777.0;371.0;777.0;348.0;787.0;313.0;793.0;286.0;809.0;386.0;824.0;348.0;835.0;308.0;841.0;288.0;853.0;394.0;867.0;355.0;869.0;322.0;874.0;291.0;877.0;408.0;891.0;372.0;897.0;346.0;896.0;323.0;682.0;217.0;650.0;285.0
DO Right;Intermédiaire;908.0;98.0;786.0;413.0;830.0;625.0;821.0;381.0;768.0;312.0;766.0;275.0;773.0;241.0;785.0;305.0;784.0;270.0;798.0;240.0;806.0;213.0;821.0;320.0;829.0;270.0;841.0;234.0;854.0;210.0;854.0;328.0;867.0;281.0;873.0;249.0;881.0;225.0;883.0;336.0;893.0;298.0;897.0;270.0;897.0;248.0;681.0;216.0;649.0;289.0
DO Right;Intermédiaire;907.0;100.0;780.0;411.0;834.0;616.0;821.0;362.0;776.0;292.0;773.0;251.0;782.0;209.0;793.0;283.0;801.0;227.0;805.0;197.0;822.0;174.0;822.0;278.0;834.0;229.0;846.0;196.0;864.0;174.0;858.0;291.0;870.0;242.0;878.0;212.0;883.0;190.0;889.0;300.0;894.0;258.0;898.0;242.0;899.0;214.0;682.0;218.0;652.0;289.0
DO Right;Intermédiaire;915.0;98.0;782.0;411.0;835.0;609.0;824.0;317.0;788.0;243.0;789.0;202.0;795.0;171.0;803.0;212.0;802.0;168.0;827.0;153.0;842.0;133.0;828.0;220.0;845.0;177.0;860.0;158.0;869.0;163.0;864.0;224.0;876.0;188.0;880.0;171.0;881.0;178.0;891.0;234.0;902.0;206.0;904.0;192.0;900.0;201.0;682.0;218.0;652.0;289.0
DO Right;Intermédiaire;904.0;96.0;779.0;409.0;833.0;597.0;828.0;293.0;782.0;219.0;788.0;187.0;810.0;155.0;808.0;173.0;817.0;137.0;834.0;130.0;843.0;134.0;837.0;181.0;853.0;136.0;861.0;139.0;861.0;152.0;861.0;195.0;877.0;158.0;882.0;162.0;877.0;176.0;889.0;204.0;898.0;170.0;908.0;176.0;904.0;189.0;682.0;218.0;650.0;291.0
DO Right;Intermédiaire;913.0;100.0;779.0;411.0;835.0;595.0;826.0;280.0;786.0;211.0;787.0;173.0;809.0;134.0;811.0;161.0;819.0;126.0;845.0;131.0;838.0;154.0;836.0;165.0;853.0;137.0;862.0;132.0;861.0;145.0;867.0;180.0;875.0;153.0;884.0;160.0;877.0;170.0;888.0;194.0;900.0;165.0;902.0;172.0;898.0;187.0;680.0;217.0;650.0;293.0
DO Right;Intermédiaire;915.0;98.0;780.0;411.0;833.0;589.0;824.0;270.0;793.0;205.0;801.0;177.0;821.0;177.0;813.0;157.0;829.0;128.0;830.0;138.0;825.0;152.0;837.0;161.0;857.0;132.0;860.0;138.0;858.0;141.0;866.0;164.0;881.0;141.0;882.0;153.0;875.0;161.0;884.0;182.0;898.0;160.0;901.0;171.0;894.0;176.0;682.0;213.0;651.0;289.0
DO Right;Intermédiaire;912.0;99.0;778.0;409.0;835.0;590.0;830.0;267.0;801.0;208.0;806.0;176.0;832.0;188.0;824.0;162.0;841.0;132.0;848.0;146.0;840.0;161.0;851.0;160.0;867.0;146.0;872.0;156.0;861.0;176.0;876.0;170.0;886.0;153.0;892.0;173.0;882.0;186.0;894.0;184.0;906.0;170.0;907.0;179.0;893.0;194.0;682.0;217.0;649.0;288.0
DO Right;Intermédiaire;907.0;101.0;781.0;409.0;835.0;584.0;834.0;268.0;803.0;208.0;809.0;179.0;834.0;193.0;825.0;164.0;841.0;146.0;850.0;168.0;836.0;186.0;856.0;171.0;868.0;154.0;870.0;170.0;859.0;187.0;877.0;174.0;890.0;162.0;890.0;180.0;881.0;193.0;894.0;187.0;910.0;177.0;908.0;194.0;899.0;201.0;683.0;217.0;649.0;292.0
DO Right;Main Fermée, Bras Fléchi;913.0;99.0;777.0;405.0;840.0;584.0;842.0;270.0;802.0;213.0;810.0;187.0;830.0;197.0;826.0;169.0;848.0;176.0;843.0;190.0;820.0;188.0;849.0;171.0;866.0;180.0;862.0;189.0;845.0;192.0;872.0;179.0;886.0;190.0;877.0;206.0;860.0;200.0;896.0;187.0;909.0;200.0;902.0;212.0;892.0;210.0;684.0;217.0;649.0;291.0
DO Right;Main Fermée, Bras Fléchi;913.0;99.0;777.0;405.0;840.0;584.0;842.0;270.0;802.0;213.0;810.0;187.0;830.0;197.0;826.0;169.0;848.0;176.0;843.0;190.0;820.0;188.0;849.0;171.0;866.0;180.0;862.0;189.0;845.0;192.0;872.0;179.0;886.0;190.0;877.0;206.0;860.0;200.0;896.0;187.0;909.0;200.0;902.0;212.0;892.0;210.0;684.0;217.0;649.0;291.0
DO Right;Main Fermée, Bras Fléchi;909.0;100.0;773.0;411.0;841.0;584.0;846.0;272.0;812.0;226.0;821.0;195.0;846.0;204.0;824.0;179.0;848.0;189.0;844.0;198.0;829.0;195.0;849.0;177.0;870.0;190.0;864.0;200.0;851.0;195.0;880.0;187.0;890.0;202.0;889.0;212.0;870.0;205.0;902.0;198.0;912.0;209.0;909.0;218.0;900.0;217.0;681.0;216.0;649.0;291.0
DO Right;Main Fermée, Bras Fléchi;907.0;94.0;780.0;409.0;846.0;573.0;852.0;269.0;812.0;219.0;821.0;192.0;848.0;203.0;833.0;179.0;851.0;185.0;850.0;194.0;837.0;192.0;859.0;176.0;870.0;188.0;866.0;198.0;853.0;194.0;880.0;184.0;888.0;193.0;883.0;201.0;876.0;201.0;909.0;192.0;913.0;208.0;905.0;213.0;896.0;212.0;681.0;216.0;650.0;290.0
DO Right;Main Fermée, Bras Fléchi;912.0;100.0;784.0;408.0;844.0;582.0;850.0;264.0;812.0;214.0;818.0;182.0;835.0;189.0;832.0;170.0;846.0;181.0;843.0;194.0;828.0;190.0;853.0;168.0;862.0;182.0;860.0;195.0;845.0;187.0;878.0;173.0;890.0;190.0;889.0;204.0;874.0;197.0;904.0;184.0;915.0;198.0;912.0;206.0;898.0;208.0;681.0;214.0;649.0;291.0
DO Right;Main Fermée, Bras Fléchi;902.0;91.0;771.0;419.0;842.0;582.0;852.0;266.0;811.0;210.0;811.0;189.0;822.0;192.0;817.0;164.0;841.0;164.0;841.0;174.0;826.0;177.0;850.0;160.0;860.0;169.0;852.0;181.0;843.0;179.0;873.0;171.0;884.0;180.0;877.0;188.0;865.0;181.0;898.0;178.0;909.0;190.0;907.0;201.0;892.0;192.0;683.0;218.0;648.0;289.0
DO Right;Main Fermée, Bras Fléchi;910.0;97.0;781.0;411.0;836.0;587.0;849.0;265.0;802.0;204.0;801.0;178.0;819.0;186.0;816.0;154.0;834.0;139.0;845.0;160.0;836.0;170.0;850.0;156.0;860.0;146.0;865.0;161.0;856.0;168.0;872.0;163.0;881.0;156.0;889.0;169.0;877.0;177.0;893.0;178.0;906.0;173.0;909.0;190.0;897.0;198.0;680.0;219.0;650.0;291.0
DO Right;Intermédiaire;914.0;97.0;776.0;414.0;835.0;589.0;834.0;258.0;788.0;205.0;789.0;169.0;809.0;169.0;797.0;149.0;814.0;126.0;828.0;141.0;816.0;154.0;822.0;156.0;843.0;133.0;854.0;150.0;841.0;164.0;853.0;165.0;868.0;145.0;872.0;161.0;859.0;176.0;880.0;174.0;886.0;163.0;893.0;172.0;886.0;182.0;682.0;216.0;649.0;291.0
DO Right;Intermédiaire;910.0;97.0;774.0;410.0;837.0;590.0;835.0;270.0;782.0;206.0;778.0;156.0;811.0;124.0;792.0;152.0;804.0;123.0;813.0;138.0;808.0;154.0;817.0;156.0;837.0;132.0;843.0;148.0;829.0;162.0;843.0;164.0;859.0;138.0;862.0;158.0;854.0;173.0;870.0;176.0;882.0;152.0;888.0;171.0;880.0;185.0;683.0;216.0;649.0;290.0
DO Right;Intermédiaire;915.0;92.0;770.0;412.0;838.0;595.0;816.0;282.0;769.0;225.0;758.0;182.0;768.0;144.0;777.0;181.0;782.0;147.0;788.0;137.0;797.0;138.0;804.0;188.0;810.0;145.0;827.0;138.0;832.0;150.0;835.0;190.0;840.0;158.0;843.0;149.0;848.0;160.0;860.0;194.0;861.0;160.0;867.0;158.0;868.0;171.0;684.0;212.0;648.0;285.0
DO Right;Intermédiaire;910.0;101.0;779.0;409.0;837.0;597.0;806.0;317.0;753.0;260.0;729.0;218.0;736.0;194.0;761.0;225.0;761.0;187.0;776.0;176.0;785.0;171.0;792.0;240.0;800.0;187.0;805.0;177.0;808.0;181.0;828.0;241.0;828.0;198.0;829.0;190.0;825.0;190.0;853.0;245.0;854.0;210.0;851.0;198.0;850.0;194.0;678.0;217.0;649.0;290.0
DO Right;Intermédiaire;914.0;101.0;777.0;416.0;833.0;602.0;810.0;347.0;749.0;292.0;732.0;269.0;732.0;237.0;757.0;265.0;750.0;227.0;755.0;203.0;763.0;182.0;785.0;264.0;786.0;220.0;795.0;200.0;800.0;185.0;819.0;262.0;822.0;225.0;825.0;209.0;825.0;195.0;849.0;269.0;851.0;234.0;849.0;218.0;850.0;209.0;682.0;213.0;648.0;288.0
DO Right;Intermédiaire;913.0;102.0;787.0;409.0;837.0;604.0;796.0;406.0;738.0;357.0;722.0;323.0;700.0;276.0;752.0;334.0;747.0;288.0;752.0;252.0;755.0;233.0;780.0;338.0;786.0;296.0;792.0;262.0;795.0;240.0;822.0;350.0;819.0;299.0;821.0;270.0;825.0;244.0;849.0;344.0;851.0;310.0;846.0;294.0;842.0;275.0;682.0;213.0;649.0;289.0
DO Right;Intermédiaire;915.0;102.0;794.0;409.0;832.0;612.0;788.0;483.0;724.0;430.0;709.0;394.0;690.0;354.0;740.0;427.0;741.0;392.0;741.0;357.0;745.0;325.0;782.0;444.0;782.0;396.0;790.0;357.0;792.0;314.0;816.0;444.0;824.0;397.0;820.0;371.0;821.0;339.0;853.0;444.0;856.0;414.0;851.0;386.0;848.0;347.0;680.0;217.0;649.0;289.0
DO Right;Intermédiaire;913.0;101.0;788.0;413.0;833.0;625.0;789.0;522.0;728.0;465.0;698.0;422.0;692.0;384.0;750.0;475.0;744.0;433.0;745.0;405.0;744.0;385.0;781.0;486.0;793.0;443.0;789.0;416.0;793.0;380.0;824.0;491.0;822.0;448.0;827.0;412.0;826.0;388.0;853.0;491.0;857.0;456.0;857.0;427.0;856.0;408.0;681.0;216.0;649.0;289.0
DO Right;Intermédiaire;914.0;100.0;793.0;419.0;817.0;549.0;785.0;604.0;728.0;525.0;705.0;520.0;689.0;485.0;760.0;579.0;747.0;579.0;742.0;558.0;741.0;526.0;780.0;586.0;784.0;604.0;784.0;569.0;789.0;538.0;822.0;592.0;827.0;602.0;826.0;572.0;830.0;540.0;833.0;593.0;854.0;601.0;860.0;576.0;861.0;546.0;680.0;212.0;650.0;289.0
DO Right;Intermédiaire;909.0;104.0;788.0;397.0;813.0;554.0;811.0;600.0;738.0;602.0;709.0;602.0;693.0;597.0;761.0;636.0;761.0;662.0;755.0;677.0;755.0;694.0;801.0;653.0;796.0;670.0;794.0;692.0;804.0;699.0;832.0;659.0;830.0;683.0;834.0;708.0;837.0;700.0;861.0;645.0;867.0;668.0;876.0;689.0;885.0;700.0;682.0;216.0;649.0;292.0
DO Right;Intermédiaire;910.0;101.0;787.0;406.0;818.0;561.0;810.0;633.0;745.0;642.0;723.0;646.0;689.0;638.0;764.0;672.0;762.0;701.0;757.0;728.0;757.0;741.0;801.0;689.0;802.0;712.0;803.0;739.0;803.0;758.0;834.0;698.0;838.0;723.0;840.0;746.0;844.0;764.0;865.0;694.0;872.0;714.0;880.0;733.0;892.0;722.0;680.0;217.0;646.0;291.0
DO Right;Main Ouverte, Bras Tendu;913.0;104.0;788.0;425.0;819.0;555.0;817.0;701.0;753.0;716.0;724.0;717.0;697.0;728.0;779.0;765.0;765.0;798.0;762.0;820.0;760.0;845.0;810.0;774.0;802.0;816.0;811.0;841.0;817.0;867.0;837.0;781.0;838.0;817.0;844.0;836.0;846.0;864.0;865.0;778.0;878.0;804.0;893.0;821.0;899.0;846.0;681.0;220.0;648.0;296.0
DO Right;Main Ouverte, Bras Tendu;914.0;102.0;785.0;411.0;821.0;571.0;820.0;757.0;757.0;771.0;728.0;787.0;702.0;802.0;778.0;837.0;768.0;869.0;766.0;894.0;765.0;924.0;812.0;857.0;809.0;891.0;814.0;914.0;820.0;940.0;841.0;857.0;845.0;890.0;848.0;916.0;856.0;940.0;869.0;849.0;884.0;875.0;892.0;893.0;900.0;915.0;681.0;216.0;648.0;290.0
DO Right;Main Ouverte, Bras Tendu;908.0;106.0;788.0;409.0;820.0;579.0;821.0;779.0;760.0;802.0;725.0;822.0;704.0;838.0;781.0;870.0;769.0;904.0;766.0;936.0;765.0;952.0;813.0;885.0;808.0;920.0;813.0;947.0;822.0;976.0;841.0;880.0;846.0;923.0;852.0;949.0;856.0;971.0;873.0;874.0;885.0;905.0;894.0;922.0;904.0;941.0;681.0;213.0;646.0;289.0
DO Right;Main Ouverte, Bras Tendu;913.0;104.0;788.0;420.0;822.0;586.0;825.0;810.0;766.0;841.0;736.0;866.0;706.0;875.0;782.0;910.0;773.0;944.0;771.0;970.0;770.0;995.0;816.0;923.0;813.0;965.0;821.0;994.0;822.0;1011.0;843.0;925.0;846.0;958.0;853.0;984.0;859.0;1005.0;873.0;912.0;885.0;936.0;896.0;955.0;908.0;978.0;681.0;218.0;649.0;291.0
DO Right;Main Ouverte, Bras Tendu;913.0;102.0;787.0;418.0;824.0;601.0;826.0;828.0;763.0;856.0;744.0;880.0;708.0;897.0;781.0;926.0;776.0;956.0;772.0;982.0;771.0;1009.0;817.0;939.0;817.0;978.0;822.0;1002.0;830.0;1022.0;845.0;937.0;849.0;976.0;857.0;1002.0;866.0;1025.0;880.0;925.0;889.0;949.0;900.0;970.0;910.0;994.0;681.0;219.0;651.0;290.0
DO Right;Main Ouverte, Bras Tendu;912.0;100.0;793.0;421.0;825.0;600.0;829.0;826.0;762.0;858.0;739.0;880.0;705.0;894.0;779.0;922.0;777.0;957.0;774.0;986.0;771.0;1011.0;817.0;938.0;816.0;978.0;820.0;1005.0;827.0;1028.0;849.0;932.0;849.0;972.0;857.0;998.0;859.0;1018.0;875.0;924.0;886.0;952.0;897.0;970.0;910.0;993.0;680.0;217.0;649.0;289.0
DO Right;Main Ouverte, Bras Tendu;916.0;102.0;790.0;420.0;821.0;595.0;829.0;811.0;761.0;838.0;734.0;860.0;705.0;873.0;784.0;913.0;776.0;938.0;770.0;963.0;769.0;987.0;816.0;920.0;813.0;960.0;822.0;985.0;830.0;1004.0;842.0;915.0;848.0;953.0;852.0;980.0;861.0;1004.0;873.0;902.0;886.0;936.0;896.0;952.0;904.0;972.0;681.0;217.0;649.0;290.0
DO Right;Main Ouverte, Bras Tendu ;909.0;105.0;788.0;409.0;822.0;592.0;817.0;778.0;754.0;804.0;730.0;826.0;701.0;832.0;779.0;865.0;773.0;900.0;769.0;922.0;766.0;946.0;813.0;876.0;811.0;910.0;816.0;937.0;819.0;964.0;842.0;875.0;848.0;913.0;850.0;939.0;856.0;962.0;870.0;869.0;883.0;897.0;894.0;913.0;905.0;930.0;678.0;217.0;646.0;289.0
DO Right;Main Ouverte, Bras Tendu;907.0;99.0;790.0;408.0;822.0;576.0;820.0;761.0;756.0;780.0;725.0;797.0;697.0;803.0;778.0;838.0;771.0;867.0;768.0;886.0;763.0;915.0;809.0;852.0;811.0;886.0;819.0;910.0;825.0;926.0;838.0;852.0;843.0;884.0;846.0;904.0;854.0;921.0;874.0;837.0;884.0;865.0;891.0;888.0;901.0;907.0;678.0;216.0;645.0;291.0
DO Right;Intermédiaire;912.0;107.0;788.0;413.0;816.0;573.0;818.0;707.0;750.0;717.0;721.0;731.0;693.0;732.0;777.0;753.0;770.0;790.0;762.0;809.0;758.0;827.0;812.0;772.0;806.0;804.0;808.0;826.0;816.0;850.0;832.0;774.0;838.0;804.0;845.0;830.0;854.0;856.0;865.0;772.0;877.0;795.0;886.0;810.0;898.0;812.0;682.0;216.0;648.0;291.0
DO Right;Intermédiaire;909.0;101.0;788.0;403.0;818.0;577.0;816.0;640.0;744.0;645.0;717.0;640.0;690.0;641.0;768.0;678.0;749.0;731.0;756.0;716.0;761.0;700.0;804.0;691.0;798.0;734.0;804.0;721.0;804.0;714.0;833.0;701.0;834.0;729.0;844.0;730.0;841.0;709.0;862.0;693.0;874.0;723.0;884.0;720.0;884.0;698.0;682.0;214.0;650.0;288.0
DO Right;Intermédiaire;914.0;99.0;786.0;412.0;817.0;572.0;808.0;609.0;732.0;604.0;708.0;595.0;683.0;581.0;765.0;650.0;757.0;676.0;754.0;659.0;757.0;633.0;797.0;659.0;800.0;691.0;806.0;672.0;806.0;644.0;819.0;664.0;835.0;681.0;842.0;662.0;842.0;642.0;854.0;666.0;870.0;668.0;868.0;646.0;870.0;629.0;677.0;218.0;650.0;290.0
DO Right;Intermédiaire;908.0;100.0;781.0;418.0;837.0;642.0;802.0;590.0;750.0;553.0;713.0;526.0;683.0;475.0;756.0;566.0;747.0;555.0;741.0;531.0;740.0;501.0;787.0;577.0;793.0;554.0;793.0;528.0;793.0;509.0;829.0;585.0;829.0;566.0;822.0;540.0;827.0;513.0;848.0;584.0;868.0;560.0;877.0;541.0;873.0;522.0;680.0;217.0;649.0;290.0
DO Right;Intermédiaire;910.0;105.0;795.0;414.0;837.0;636.0;792.0;520.0;729.0;461.0;709.0;406.0;696.0;381.0;749.0;469.0;742.0;424.0;748.0;396.0;754.0;368.0;788.0;468.0;792.0;420.0;790.0;400.0;795.0;365.0;822.0;469.0;824.0;434.0;827.0;408.0;832.0;387.0;854.0;470.0;861.0;444.0;862.0;418.0;873.0;395.0;681.0;216.0;648.0;289.0
DO Right;Intermédiaire;906.0;108.0;794.0;411.0;835.0;640.0;793.0;472.0;733.0;410.0;720.0;369.0;701.0;322.0;750.0;416.0;747.0;360.0;747.0;330.0;745.0;305.0;784.0;424.0;785.0;365.0;793.0;333.0;801.0;298.0;826.0;419.0;828.0;379.0;830.0;346.0;834.0;322.0;856.0;429.0;866.0;395.0;866.0;370.0;867.0;339.0;683.0;214.0;649.0;288.0
DO Right;Intermédiaire;920.0;108.0;781.0;429.0;836.0;628.0;804.0;404.0;740.0;338.0;724.0;289.0;728.0;240.0;760.0;330.0;750.0;275.0;749.0;249.0;749.0;216.0;789.0;328.0;793.0;280.0;798.0;248.0;802.0;217.0;827.0;329.0;833.0;290.0;833.0;258.0;838.0;224.0;853.0;336.0;864.0;300.0;866.0;273.0;866.0;249.0;680.0;219.0;650.0;291.0
DO Right;Intermédiaire;909.0;94.0;779.0;414.0;833.0;617.0;808.0;347.0;750.0;293.0;737.0;261.0;747.0;219.0;760.0;264.0;750.0;218.0;755.0;189.0;758.0;154.0;792.0;262.0;796.0;211.0;798.0;182.0;808.0;148.0;827.0;280.0;834.0;226.0;836.0;190.0;842.0;161.0;859.0;284.0;861.0;248.0;869.0;216.0;866.0;193.0;682.0;217.0;650.0;290.0
DO Right;Intermédiaire;910.0;105.0;785.0;409.0;841.0;605.0;806.0;334.0;755.0;269.0;741.0;218.0;764.0;194.0;753.0;225.0;753.0;173.0;762.0;144.0;770.0;117.0;797.0;243.0;798.0;184.0;810.0;148.0;814.0;118.0;828.0;244.0;836.0;195.0;841.0;164.0;851.0;140.0;866.0;251.0;869.0;217.0;872.0;186.0;867.0;168.0;683.0;214.0;650.0;285.0
DO Right;Intermédiaire;910.0;100.0;785.0;406.0;833.0;602.0;811.0;323.0;757.0;238.0;760.0;187.0;779.0;156.0;768.0;186.0;776.0;145.0;780.0;113.0;795.0;102.0;804.0;197.0;811.0;134.0;820.0;118.0;829.0;109.0;837.0;210.0;846.0;147.0;851.0;136.0;857.0;121.0;860.0;211.0;874.0;173.0;873.0;156.0;864.0;156.0;683.0;216.0;651.0;289.0
DO Right;Intermédiaire;918.0;98.0;778.0;410.0;834.0;597.0;812.0;285.0;764.0;205.0;766.0;173.0;801.0;157.0;777.0;177.0;787.0;132.0;803.0;116.0;811.0;124.0;816.0;161.0;822.0;120.0;830.0;120.0;842.0;131.0;842.0;172.0;851.0;141.0;856.0;141.0;861.0;148.0;869.0;182.0;877.0;154.0;873.0;155.0;873.0;158.0;683.0;219.0;652.0;290.0
DO Right;Intermédiaire;910.0;93.0;774.0;410.0;841.0;594.0;820.0;278.0;765.0;209.0;776.0;170.0;806.0;180.0;789.0;165.0;796.0;126.0;804.0;121.0;811.0;133.0;817.0;164.0;830.0;131.0;841.0;131.0;843.0;146.0;841.0;165.0;853.0;141.0;864.0;133.0;865.0;155.0;870.0;181.0;883.0;160.0;886.0;155.0;876.0;162.0;683.0;213.0;650.0;288.0
DO Right;Intermédiaire;905.0;101.0;774.0;417.0;841.0;590.0;822.0;259.0;781.0;205.0;785.0;180.0;820.0;181.0;801.0;158.0;809.0;131.0;827.0;140.0;829.0;149.0;827.0;169.0;843.0;134.0;858.0;150.0;856.0;157.0;852.0;166.0;869.0;148.0;874.0;153.0;873.0;162.0;875.0;179.0;891.0;164.0;894.0;171.0;896.0;179.0;684.0;214.0;650.0;289.0
DO Right;Intermédiaire;908.0;100.0;776.0;410.0;842.0;581.0;821.0;275.0;798.0;214.0;801.0;185.0;828.0;193.0;814.0;169.0;833.0;156.0;840.0;164.0;840.0;173.0;844.0;169.0;862.0;162.0;865.0;169.0;865.0;178.0;869.0;182.0;883.0;177.0;889.0;192.0;875.0;198.0;884.0;203.0;898.0;184.0;907.0;194.0;893.0;214.0;680.0;211.0;652.0;289.0
DO Right;Main Fermée, Bras Fléchi;914.0;101.0;773.0;411.0;842.0;580.0;825.0;274.0;794.0;209.0;805.0;184.0;830.0;202.0;820.0;179.0;835.0;165.0;849.0;178.0;833.0;192.0;844.0;181.0;864.0;176.0;866.0;185.0;854.0;197.0;865.0;190.0;884.0;188.0;880.0;196.0;866.0;205.0;890.0;202.0;912.0;193.0;909.0;201.0;902.0;217.0;686.0;216.0;652.0;291.0
DO Right;Main Fermée, Bras Fléchi;907.0;100.0;763.0;409.0;844.0;580.0;835.0;282.0;812.0;229.0;812.0;205.0;819.0;206.0;820.0;192.0;832.0;192.0;835.0;201.0;827.0;205.0;845.0;187.0;856.0;194.0;856.0;208.0;836.0;206.0;867.0;193.0;877.0;201.0;874.0;208.0;865.0;208.0;889.0;208.0;902.0;221.0;896.0;230.0;888.0;229.0;682.0;217.0;650.0;290.0
DO Right;Main Fermée, Bras Fléchi;909.0;101.0;766.0;410.0;844.0;571.0;840.0;281.0;809.0;219.0;816.0;201.0;836.0;209.0;824.0;194.0;843.0;198.0;833.0;212.0;817.0;210.0;844.0;189.0;858.0;203.0;846.0;214.0;833.0;212.0;867.0;197.0;877.0;205.0;873.0;213.0;860.0;211.0;886.0;205.0;900.0;219.0;891.0;233.0;878.0;222.0;683.0;217.0;651.0;291.0
DO Right;Main Fermée, Bras Fléchi;908.0;98.0;774.0;409.0;842.0;576.0;841.0;278.0;808.0;225.0;813.0;204.0;829.0;210.0;825.0;184.0;843.0;193.0;842.0;205.0;820.0;201.0;843.0;180.0;853.0;194.0;851.0;203.0;842.0;201.0;864.0;184.0;873.0;198.0;866.0;211.0;858.0;205.0;888.0;197.0;898.0;211.0;891.0;218.0;882.0;217.0;683.0;216.0;649.0;290.0
DO Right;Main Fermée, Bras Fléchi;907.0;104.0;779.0;403.0;841.0;580.0;833.0;273.0;801.0;216.0;802.0;195.0;822.0;198.0;810.0;172.0;824.0;174.0;822.0;184.0;810.0;185.0;838.0;168.0;851.0;182.0;849.0;192.0;832.0;190.0;864.0;174.0;870.0;186.0;869.0;195.0;854.0;193.0;884.0;187.0;894.0;197.0;891.0;206.0;880.0;208.0;683.0;214.0;651.0;293.0
DO Right;Intermédiaire;916.0;101.0;772.0;404.0;843.0;578.0;835.0;274.0;787.0;209.0;794.0;180.0;827.0;190.0;805.0;153.0;825.0;140.0;830.0;164.0;813.0;174.0;822.0;166.0;840.0;153.0;845.0;168.0;832.0;174.0;853.0;166.0;870.0;164.0;869.0;176.0;852.0;182.0;878.0;184.0;886.0;176.0;890.0;188.0;881.0;198.0;685.0;218.0;650.0;291.0
DO Right;Intermédiaire;909.0;89.0;779.0;414.0;836.0;577.0;827.0;264.0;787.0;208.0;794.0;186.0;818.0;193.0;796.0;157.0;817.0;138.0;828.0;155.0;816.0;171.0;825.0;158.0;837.0;147.0;844.0;153.0;835.0;163.0;851.0;163.0;864.0;152.0;870.0;165.0;862.0;176.0;876.0;176.0;885.0;172.0;890.0;184.0;877.0;193.0;681.0;218.0;649.0;289.0
DO Right;Intermédiaire;914.0;101.0;784.0;411.0;838.0;584.0;824.0;261.0;778.0;205.0;779.0;178.0;801.0;184.0;788.0;154.0;800.0;120.0;814.0;129.0;805.0;142.0;820.0;156.0;832.0;128.0;840.0;133.0;836.0;152.0;849.0;164.0;857.0;138.0;864.0;149.0;860.0;162.0;865.0;171.0;873.0;155.0;884.0;163.0;876.0;180.0;682.0;212.0;651.0;290.0
DO Right;Intermédiaire;913.0;96.0;769.0;417.0;838.0;590.0;821.0;262.0;771.0;205.0;762.0;176.0;769.0;122.0;776.0;171.0;781.0;125.0;789.0;121.0;798.0;123.0;804.0;163.0;817.0;124.0;828.0;118.0;829.0;130.0;838.0;170.0;844.0;138.0;846.0;133.0;850.0;139.0;866.0;174.0;869.0;140.0;876.0;152.0;876.0;158.0;683.0;219.0;650.0;289.0
DO Right;Intermédiaire;916.0;94.0;774.0;409.0;830.0;597.0;813.0;285.0;760.0;224.0;758.0;182.0;758.0;132.0;764.0;177.0;772.0;138.0;787.0;120.0;797.0;126.0;801.0;177.0;809.0;133.0;824.0;128.0;827.0;134.0;834.0;187.0;836.0;149.0;845.0;141.0;848.0;149.0;857.0;196.0;860.0;152.0;870.0;147.0;872.0;162.0;683.0;218.0;652.0;291.0
DO Right;Intermédiaire;913.0;105.0;782.0;421.0;834.0;590.0;811.0;326.0;756.0;256.0;742.0;214.0;731.0;170.0;764.0;222.0;753.0;178.0;763.0;144.0;778.0;120.0;794.0;226.0;804.0;179.0;806.0;152.0;816.0;126.0;826.0;236.0;830.0;193.0;835.0;166.0;845.0;141.0;864.0;249.0;865.0;211.0;865.0;194.0;860.0;178.0;683.0;214.0;652.0;288.0
DO Right;Intermédiaire;905.0;105.0;788.0;401.0;829.0;604.0;800.0;379.0;747.0;316.0;726.0;291.0;715.0;256.0;746.0;298.0;740.0;251.0;746.0;216.0;749.0;181.0;786.0;304.0;782.0;251.0;794.0;214.0;806.0;181.0;822.0;294.0;826.0;253.0;832.0;220.0;836.0;193.0;859.0;312.0;859.0;276.0;862.0;253.0;864.0;227.0;678.0;220.0;652.0;288.0
DO Right;Intermédiaire;912.0;104.0;800.0;424.0;834.0;610.0;798.0;409.0;750.0;344.0;718.0;316.0;740.0;282.0;740.0;320.0;738.0;292.0;730.0;264.0;737.0;224.0;778.0;326.0;781.0;289.0;789.0;266.0;789.0;228.0;820.0;336.0;828.0;296.0;828.0;269.0;834.0;245.0;853.0;347.0;861.0;309.0;861.0;288.0;865.0;264.0;680.0;217.0;648.0;293.0
DO Right;Intermédiaire;908.0;106.0;787.0;404.0;837.0;619.0;780.0;474.0;732.0;419.0;717.0;378.0;690.0;332.0;736.0;412.0;724.0;374.0;725.0;342.0;738.0;320.0;771.0;420.0;778.0;374.0;780.0;338.0;780.0;315.0;818.0;435.0;816.0;389.0;816.0;365.0;826.0;353.0;844.0;440.0;862.0;401.0;862.0;382.0;859.0;364.0;681.0;220.0;652.0;292.0
DO Right;Intermédiaire;915.0;104.0;790.0;417.0;834.0;622.0;782.0;557.0;732.0;501.0;709.0;465.0;691.0;419.0;739.0;512.0;731.0;488.0;725.0;469.0;725.0;450.0;774.0;526.0;778.0;501.0;779.0;478.0;777.0;461.0;820.0;538.0;827.0;518.0;821.0;501.0;820.0;484.0;841.0;534.0;858.0;515.0;867.0;493.0;866.0;478.0;681.0;214.0;649.0;290.0
DO Right;Intermédiaire;905.0;105.0;793.0;413.0;833.0;643.0;777.0;585.0;742.0;508.0;715.0;500.0;672.0;475.0;739.0;524.0;723.0;538.0;713.0;530.0;721.0;505.0;789.0;566.0;766.0;574.0;765.0;561.0;776.0;534.0;801.0;572.0;827.0;595.0;818.0;571.0;821.0;553.0;826.0;585.0;848.0;588.0;858.0;571.0;859.0;547.0;681.0;217.0;650.0;290.0
DO Right;Intermédiaire;907.0;100.0;789.0;412.0;817.0;547.0;796.0;600.0;729.0;588.0;699.0;585.0;669.0;572.0;745.0;624.0;739.0;636.0;725.0;662.0;715.0;641.0;774.0;638.0;776.0;657.0;770.0;689.0;774.0;676.0;808.0;644.0;810.0;667.0;816.0;693.0;814.0;678.0;841.0;658.0;854.0;676.0;864.0;688.0;867.0;675.0;681.0;214.0;648.0;291.0
DO Right;Main Ouverte, Bras Tendu;910.0;107.0;792.0;416.0;819.0;561.0;796.0;662.0;723.0;675.0;693.0;670.0;665.0;665.0;748.0;704.0;736.0;738.0;728.0;752.0;720.0;776.0;781.0;732.0;777.0;756.0;777.0;774.0;776.0;794.0;811.0;741.0;811.0;758.0;813.0;787.0;817.0;809.0;837.0;738.0;849.0;755.0;858.0;774.0;869.0;796.0;681.0;218.0;651.0;291.0
DO Right;Main Ouverte, Bras Tendu;908.0;107.0;788.0;413.0;816.0;563.0;800.0;697.0;722.0;705.0;698.0;709.0;668.0;709.0;747.0;755.0;733.0;781.0;723.0;804.0;718.0;825.0;782.0;769.0;772.0;808.0;772.0;830.0;774.0;850.0;811.0;774.0;814.0;806.0;816.0;835.0;820.0;858.0;841.0;769.0;853.0;801.0;865.0;822.0;878.0;843.0;682.0;217.0;650.0;291.0
DO Right;Main Ouverte, Bras Tendu;909.0;99.0;789.0;416.0;813.0;572.0;801.0;749.0;730.0;774.0;696.0;786.0;668.0;789.0;750.0;838.0;734.0;864.0;725.0;883.0;722.0;907.0;780.0;846.0;774.0;884.0;773.0;909.0;780.0;936.0;808.0;851.0;811.0;886.0;819.0;914.0;822.0;937.0;840.0;843.0;856.0;872.0;868.0;892.0;874.0;915.0;681.0;219.0;649.0;292.0
DO Right;Main Ouverte, Bras Tendu;909.0;99.0;789.0;416.0;813.0;572.0;800.0;795.0;737.0;813.0;705.0;844.0;672.0;852.0;748.0;894.0;738.0;922.0;731.0;952.0;722.0;977.0;784.0;901.0;779.0;941.0;778.0;968.0;779.0;995.0;811.0;902.0;813.0;938.0;819.0;968.0;821.0;994.0;845.0;888.0;858.0;918.0;866.0;948.0;876.0;965.0;681.0;219.0;649.0;292.0
DO Right;Main Ouverte, Bras Tendu;909.0;99.0;789.0;416.0;813.0;572.0;802.0;818.0;732.0;842.0;706.0;860.0;676.0;877.0;752.0;904.0;739.0;931.0;731.0;963.0;724.0;992.0;784.0;920.0;779.0;964.0;779.0;992.0;779.0;1016.0;813.0;921.0;816.0;961.0;820.0;986.0;825.0;1012.0;844.0;907.0;858.0;938.0;868.0;961.0;875.0;982.0;681.0;219.0;649.0;292.0
DO Right;Main Ouverte, Bras Tendu;909.0;99.0;789.0;416.0;813.0;572.0;802.0;818.0;732.0;861.0;710.0;876.0;681.0;893.0;756.0;920.0;741.0;957.0;733.0;981.0;733.0;1010.0;786.0;938.0;784.0;979.0;781.0;1008.0;782.0;1037.0;816.0;938.0;819.0;976.0;826.0;1004.0;828.0;1027.0;849.0;926.0;857.0;961.0;870.0;980.0;882.0;1004.0;681.0;219.0;649.0;292.0
DO Right;Main Ouverte, Bras Tendu;909.0;99.0;789.0;416.0;813.0;572.0;802.0;818.0;732.0;861.0;710.0;876.0;681.0;893.0;756.0;920.0;741.0;957.0;733.0;981.0;733.0;1010.0;786.0;938.0;784.0;979.0;781.0;1008.0;782.0;1037.0;816.0;938.0;819.0;976.0;826.0;1004.0;828.0;1027.0;849.0;926.0;857.0;961.0;870.0;980.0;882.0;1004.0;681.0;219.0;649.0;292.0
DO Right;Main Ouverte, Bras Tendu;912.0;94.0;785.0;417.0;812.0;590.0;806.0;804.0;734.0;842.0;709.0;858.0;673.0;870.0;746.0;910.0;741.0;939.0;732.0;961.0;728.0;995.0;784.0;924.0;784.0;958.0;784.0;986.0;785.0;1016.0;813.0;918.0;821.0;957.0;821.0;987.0;827.0;1009.0;849.0;910.0;861.0;931.0;868.0;961.0;883.0;972.0;681.0;214.0;650.0;290.0
DO Right;Main Ouverte, Bras Tendu;914.0;100.0;789.0;416.0;816.0;588.0;802.0;778.0;729.0;796.0;701.0;818.0;667.0;828.0;758.0;862.0;746.0;888.0;734.0;908.0;723.0;934.0;780.0;877.0;780.0;910.0;781.0;930.0;781.0;960.0;810.0;876.0;820.0;909.0;826.0;937.0;829.0;962.0;841.0;867.0;857.0;888.0;868.0;904.0;878.0;922.0;680.0;218.0;646.0;292.0
DO Right;Main Ouverte, Bras Tendu;913.0;108.0;787.0;418.0;812.0;572.0;803.0;730.0;733.0;736.0;702.0;740.0;675.0;754.0;753.0;788.0;740.0;813.0;732.0;836.0;725.0;861.0;781.0;803.0;781.0;834.0;784.0;864.0;782.0;893.0;814.0;809.0;819.0;832.0;821.0;860.0;829.0;885.0;846.0;797.0;861.0;827.0;873.0;844.0;883.0;869.0;681.0;219.0;648.0;294.0
DO Right;Main Ouverte, Bras Tendu;905.0;113.0;789.0;416.0;812.0;573.0;801.0;693.0;729.0;699.0;701.0;707.0;673.0;702.0;755.0;734.0;745.0;773.0;737.0;787.0;722.0;819.0;784.0;763.0;781.0;786.0;777.0;817.0;785.0;844.0;814.0;769.0;814.0;793.0;821.0;819.0;828.0;845.0;846.0;762.0;854.0;776.0;869.0;801.0;885.0;814.0;677.0;217.0;648.0;293.0
DO Right;Intermédiaire;910.0;100.0;788.0;409.0;816.0;568.0;806.0;622.0;728.0;616.0;704.0;616.0;676.0;601.0;749.0;650.0;742.0;681.0;725.0;693.0;726.0;672.0;781.0;675.0;774.0;704.0;780.0;723.0;782.0;704.0;811.0;677.0;814.0;713.0;829.0;731.0;832.0;712.0;836.0;690.0;854.0;712.0;881.0;712.0;880.0;691.0;681.0;217.0;646.0;289.0
DO Right;Intermédiaire;907.0;102.0;782.0;412.0;835.0;651.0;800.0;586.0;724.0;540.0;704.0;531.0;690.0;512.0;774.0;577.0;755.0;604.0;752.0;586.0;750.0;560.0;793.0;593.0;784.0;625.0;778.0;601.0;793.0;560.0;812.0;605.0;816.0;632.0;832.0;605.0;833.0;569.0;841.0;625.0;870.0;634.0;874.0;616.0;870.0;588.0;682.0;217.0;645.0;294.0
DO Right;Intermédiaire;907.0;100.0;779.0;409.0;837.0;642.0;789.0;572.0;733.0;526.0;717.0;496.0;700.0;484.0;747.0;547.0;732.0;538.0;736.0;515.0;738.0;498.0;781.0;560.0;787.0;532.0;788.0;505.0;792.0;482.0;829.0;566.0;830.0;537.0;834.0;517.0;834.0;493.0;846.0;570.0;870.0;538.0;872.0;515.0;875.0;494.0;677.0;219.0;649.0;285.0
DO Right;Intermédiaire;906.0;94.0;782.0;422.0;842.0;628.0;792.0;509.0;728.0;453.0;715.0;405.0;706.0;363.0;745.0;444.0;745.0;402.0;747.0;373.0;747.0;348.0;779.0;461.0;785.0;416.0;789.0;389.0;794.0;366.0;824.0;462.0;829.0;420.0;834.0;398.0;834.0;370.0;856.0;468.0;869.0;433.0;868.0;409.0;869.0;380.0;678.0;218.0;649.0;291.0
DO Right;Intermédiaire;913.0;106.0;787.0;425.0;843.0;626.0;809.0;441.0;755.0;374.0;744.0;337.0;733.0;284.0;763.0;364.0;763.0;330.0;764.0;296.0;778.0;264.0;794.0;377.0;800.0;329.0;803.0;293.0;811.0;272.0;830.0;382.0;843.0;336.0;850.0;301.0;852.0;276.0;862.0;393.0;878.0;357.0;881.0;326.0;878.0;302.0;678.0;219.0;650.0;292.0
DO Right;Intermédiaire;907.0;101.0;776.0;425.0;829.0;613.0;809.0;401.0;756.0;325.0;744.0;291.0;747.0;262.0;763.0;324.0;766.0;294.0;770.0;272.0;781.0;238.0;800.0;324.0;802.0;289.0;813.0;261.0;819.0;233.0;832.0;333.0;846.0;298.0;853.0;269.0;854.0;250.0;867.0;346.0;880.0;316.0;880.0;289.0;884.0;267.0;682.0;219.0;651.0;290.0
DO Right;Intermédiaire;914.0;100.0;781.0;412.0;835.0;617.0;818.0;357.0;766.0;291.0;761.0;254.0;766.0;213.0;781.0;273.0;787.0;238.0;800.0;208.0;813.0;180.0;813.0;281.0;817.0;230.0;826.0;201.0;841.0;182.0;844.0;286.0;849.0;246.0;862.0;216.0;866.0;202.0;873.0;296.0;899.0;257.0;894.0;232.0;886.0;227.0;681.0;214.0;652.0;290.0
DO Right;Intermédiaire;907.0;99.0;782.0;410.0;837.0;605.0;822.0;340.0;778.0;260.0;776.0;212.0;785.0;178.0;797.0;222.0;804.0;177.0;822.0;160.0;834.0;157.0;825.0;217.0;841.0;172.0;851.0;165.0;854.0;174.0;859.0;236.0;866.0;193.0;875.0;180.0;874.0;185.0;888.0;242.0;899.0;211.0;897.0;200.0;889.0;204.0;683.0;219.0;649.0;292.0
DO Right;Intermédiaire;912.0;100.0;774.0;413.0;833.0;605.0;825.0;323.0;782.0;243.0;780.0;188.0;798.0;161.0;801.0;208.0;813.0;160.0;825.0;150.0;827.0;164.0;830.0;209.0;851.0;165.0;860.0;161.0;859.0;170.0;860.0;222.0;873.0;181.0;878.0;166.0;874.0;180.0;891.0;227.0;902.0;203.0;896.0;194.0;885.0;205.0;681.0;217.0;649.0;290.0
DO Right;Intermédiaire;912.0;98.0;777.0;412.0;837.0;610.0;830.0;313.0;792.0;230.0;792.0;189.0;814.0;165.0;813.0;189.0;826.0;142.0;842.0;138.0;848.0;147.0;842.0;181.0;852.0;148.0;861.0;138.0;869.0;153.0;870.0;195.0;880.0;162.0;888.0;156.0;890.0;164.0;892.0;209.0;910.0;172.0;900.0;184.0;894.0;189.0;686.0;216.0;651.0;291.0
DO Right;Intermédiaire;916.0;93.0;784.0;411.0;833.0;602.0;835.0;285.0;803.0;210.0;809.0;182.0;829.0;170.0;827.0;160.0;841.0;136.0;851.0;142.0;853.0;155.0;850.0;166.0;869.0;142.0;875.0;153.0;873.0;158.0;873.0;181.0;889.0;157.0;899.0;164.0;892.0;176.0;905.0;189.0;915.0;176.0;920.0;181.0;917.0;187.0;683.0;216.0;651.0;289.0
DO Right;Intermédiaire;913.0;92.0;781.0;408.0;838.0;600.0;840.0;282.0;804.0;218.0;819.0;178.0;844.0;190.0;830.0;163.0;851.0;139.0;859.0;152.0;849.0;170.0;853.0;170.0;873.0;146.0;883.0;157.0;872.0;171.0;881.0;182.0;896.0;165.0;900.0;174.0;893.0;187.0;906.0;193.0;913.0;182.0;914.0;194.0;914.0;198.0;682.0;219.0;650.0;288.0
DO Right;Main Fermée, Bras Fléchi;916.0;106.0;777.0;413.0;838.0;605.0;848.0;275.0;814.0;214.0;821.0;181.0;837.0;188.0;836.0;172.0;856.0;173.0;851.0;187.0;833.0;189.0;856.0;172.0;874.0;171.0;872.0;182.0;858.0;195.0;876.0;184.0;889.0;179.0;891.0;189.0;875.0;196.0;899.0;195.0;914.0;193.0;916.0;204.0;899.0;216.0;684.0;216.0;649.0;291.0
DO Right;Main Fermée, Bras Fléchi;916.0;93.0;780.0;409.0;841.0;588.0;856.0;275.0;827.0;216.0;835.0;194.0;857.0;210.0;844.0;180.0;861.0;187.0;857.0;196.0;837.0;194.0;868.0;173.0;880.0;188.0;872.0;198.0;860.0;194.0;892.0;186.0;901.0;193.0;893.0;198.0;889.0;196.0;909.0;198.0;917.0;212.0;912.0;221.0;897.0;217.0;683.0;217.0;649.0;289.0
DO Right;Main Fermée, Bras Fléchi;917.0;104.0;777.0;404.0;840.0;582.0;857.0;268.0;830.0;221.0;846.0;196.0;864.0;216.0;854.0;184.0;868.0;182.0;875.0;192.0;854.0;198.0;872.0;185.0;891.0;188.0;888.0;202.0;872.0;198.0;894.0;197.0;905.0;195.0;906.0;205.0;889.0;206.0;917.0;210.0;930.0;225.0;922.0;229.0;908.0;225.0;684.0;218.0;648.0;292.0
DO Right;Main Fermée, Bras Fléchi;910.0;104.0;780.0;406.0;845.0;584.0;862.0;283.0;836.0;228.0;841.0;209.0;852.0;217.0;858.0;192.0;873.0;202.0;869.0;211.0;850.0;208.0;886.0;190.0;893.0;206.0;891.0;221.0;878.0;219.0;904.0;208.0;908.0;214.0;906.0;222.0;893.0;222.0;932.0;219.0;934.0;230.0;931.0;242.0;924.0;242.0;684.0;216.0;648.0;291.0
DO Right;Main Fermée, Bras Fléchi;910.0;104.0;780.0;406.0;845.0;584.0;862.0;283.0;836.0;228.0;841.0;209.0;852.0;217.0;858.0;192.0;873.0;202.0;869.0;211.0;850.0;208.0;886.0;190.0;893.0;206.0;891.0;221.0;878.0;219.0;904.0;208.0;908.0;214.0;906.0;222.0;893.0;222.0;932.0;219.0;934.0;230.0;931.0;242.0;924.0;242.0;684.0;216.0;648.0;291.0
DO Right;Main Fermée, Bras Fléchi;909.0;100.0;769.0;412.0;845.0;588.0;864.0;276.0;841.0;226.0;841.0;204.0;857.0;212.0;857.0;186.0;877.0;194.0;874.0;200.0;861.0;196.0;885.0;186.0;891.0;201.0;886.0;204.0;873.0;206.0;907.0;194.0;914.0;204.0;910.0;214.0;902.0;220.0;924.0;206.0;933.0;216.0;930.0;226.0;922.0;233.0;681.0;216.0;643.0;294.0
DO Right;Main Fermée, Bras Fléchi;915.0;98.0;769.0;411.0;850.0;587.0;867.0;274.0;836.0;214.0;838.0;185.0;858.0;205.0;857.0;171.0;870.0;177.0;865.0;190.0;850.0;201.0;880.0;172.0;891.0;185.0;883.0;196.0;874.0;202.0;900.0;186.0;909.0;194.0;905.0;202.0;894.0;211.0;921.0;202.0;931.0;209.0;928.0;218.0;913.0;222.0;682.0;219.0;682.0;219.0
DO Right;Intermédiaire;916.0;94.0;782.0;403.0;843.0;588.0;860.0;262.0;821.0;206.0;832.0;177.0;854.0;192.0;846.0;165.0;865.0;160.0;865.0;169.0;852.0;185.0;868.0;171.0;881.0;166.0;881.0;179.0;872.0;188.0;894.0;172.0;912.0;173.0;909.0;186.0;893.0;196.0;917.0;188.0;928.0;187.0;929.0;195.0;921.0;206.0;684.0;214.0;649.0;289.0
DO Right;Intermédiaire;910.0;100.0;779.0;405.0;833.0;592.0;857.0;270.0;819.0;204.0;821.0;172.0;842.0;189.0;842.0;160.0;857.0;146.0;862.0;160.0;858.0;174.0;869.0;168.0;884.0;152.0;891.0;158.0;885.0;170.0;899.0;170.0;904.0;166.0;907.0;172.0;901.0;184.0;914.0;187.0;923.0;181.0;922.0;194.0;916.0;208.0;683.0;218.0;650.0;290.0
DO Right;Intermédiaire;916.0;89.0;778.0;404.0;848.0;588.0;856.0;276.0;805.0;211.0;806.0;179.0;822.0;173.0;822.0;156.0;843.0;133.0;852.0;145.0;848.0;162.0;851.0;158.0;869.0;136.0;877.0;144.0;880.0;162.0;873.0;169.0;888.0;146.0;896.0;165.0;893.0;180.0;894.0;185.0;904.0;161.0;907.0;169.0;900.0;185.0;685.0;212.0;646.0;288.0
DO Right;Intermédiaire;908.0;93.0;771.0;414.0;835.0;595.0;843.0;284.0;788.0;205.0;786.0;161.0;810.0;146.0;808.0;182.0;820.0;146.0;841.0;139.0;835.0;154.0;836.0;180.0;850.0;137.0;858.0;131.0;861.0;148.0;868.0;188.0;873.0;150.0;877.0;149.0;877.0;158.0;889.0;190.0;896.0;162.0;902.0;162.0;906.0;177.0;683.0;217.0;650.0;286.0
DO Right;Intermédiaire;910.0;93.0;777.0;409.0;834.0;598.0;842.0;302.0;780.0;222.0;773.0;171.0;798.0;161.0;795.0;197.0;798.0;155.0;814.0;136.0;832.0;138.0;826.0;202.0;834.0;144.0;849.0;140.0;859.0;154.0;857.0;201.0;866.0;164.0;875.0;158.0;877.0;168.0;883.0;212.0;889.0;179.0;894.0;168.0;905.0;178.0;683.0;216.0;652.0;289.0
DO Right;Intermédiaire;915.0;99.0;782.0;408.0;835.0;609.0;827.0;332.0;776.0;269.0;758.0;221.0;762.0;182.0;780.0;236.0;779.0;190.0;788.0;165.0;798.0;138.0;817.0;244.0;819.0;187.0;832.0;157.0;845.0;138.0;849.0;252.0;856.0;205.0;860.0;181.0;866.0;163.0;876.0;260.0;884.0;224.0;889.0;198.0;886.0;182.0;681.0;212.0;649.0;289.0
DO Right;Intermédiaire;916.0;102.0;782.0;413.0;829.0;612.0;821.0;374.0;766.0;325.0;755.0;286.0;774.0;254.0;770.0;307.0;761.0;265.0;763.0;236.0;769.0;203.0;806.0;308.0;806.0;265.0;814.0;228.0;822.0;204.0;841.0;317.0;844.0;267.0;856.0;237.0;859.0;213.0;874.0;325.0;883.0;289.0;886.0;260.0;890.0;238.0;680.0;216.0;650.0;289.0
DO Right;Intermédiaire;909.0;94.0;784.0;413.0;829.0;616.0;813.0;411.0;762.0;365.0;745.0;326.0;741.0;289.0;764.0;337.0;761.0;305.0;758.0;270.0;757.0;236.0;800.0;346.0;802.0;293.0;806.0;264.0;816.0;238.0;836.0;352.0;844.0;305.0;850.0;272.0;853.0;249.0;873.0;357.0;886.0;325.0;885.0;300.0;886.0;272.0;682.0;214.0;651.0;293.0
DO Right;Intermédiaire;915.0;99.0;795.0;411.0;833.0;626.0;801.0;453.0;746.0;406.0;725.0;365.0;709.0;349.0;752.0;416.0;747.0;374.0;744.0;353.0;749.0;325.0;786.0;425.0;797.0;372.0;805.0;350.0;825.0;333.0;829.0;429.0;836.0;395.0;845.0;362.0;843.0;338.0;865.0;429.0;878.0;411.0;881.0;381.0;882.0;361.0;684.0;214.0;650.0;290.0
DO Right;Intermédiaire;917.0;102.0;784.0;410.0;829.0;636.0;800.0;530.0;733.0;477.0;707.0;457.0;701.0;418.0;756.0;518.0;747.0;486.0;746.0;469.0;739.0;442.0;787.0;521.0;785.0;499.0;786.0;475.0;790.0;450.0;818.0;526.0;822.0;500.0;830.0;477.0;833.0;457.0;851.0;532.0;866.0;508.0;873.0;488.0;885.0;462.0;684.0;214.0;650.0;290.0
DO Right;Intermédiaire;914.0;110.0;786.0;412.0;832.0;633.0;786.0;512.0;740.0;498.0;718.0;486.0;694.0;470.0;766.0;540.0;746.0;549.0;740.0;528.0;736.0;493.0;771.0;546.0;785.0;570.0;790.0;547.0;789.0;512.0;809.0;562.0;830.0;573.0;830.0;549.0;835.0;521.0;841.0;572.0;858.0;561.0;870.0;548.0;878.0;528.0;681.0;213.0;650.0;289.0
DO Right;Intermédiaire;915.0;104.0;785.0;404.0;828.0;550.0;820.0;590.0;745.0;572.0;717.0;564.0;694.0;555.0;778.0;609.0;757.0;637.0;728.0;629.0;732.0;601.0;792.0;637.0;803.0;657.0;814.0;648.0;813.0;632.0;829.0;645.0;840.0;666.0;859.0;654.0;850.0;634.0;854.0;645.0;882.0;654.0;883.0;636.0;880.0;618.0;678.0;218.0;646.0;291.0
DO Right;Intermédiaire;916.0;94.0;792.0;413.0;818.0;565.0;812.0;640.0;753.0;641.0;717.0;641.0;678.0;634.0;762.0;680.0;757.0;691.0;745.0;708.0;732.0;733.0;790.0;698.0;785.0;716.0;787.0;732.0;793.0;755.0;820.0;707.0;827.0;725.0;829.0;738.0;836.0;757.0;851.0;707.0;858.0;721.0;870.0;729.0;888.0;742.0;681.0;216.0;646.0;290.0
DO Right;Main Ouverte, Bras Tendu;914.0;93.0;793.0;417.0;824.0;562.0;816.0;668.0;750.0;676.0;720.0;682.0;682.0;684.0;762.0;721.0;752.0;736.0;741.0;757.0;734.0;776.0;787.0;737.0;786.0;757.0;786.0;776.0;789.0;796.0;822.0;738.0;824.0;765.0;830.0;785.0;837.0;804.0;853.0;747.0;867.0;766.0;880.0;777.0;891.0;790.0;682.0;217.0;646.0;292.0
DO Right;Main Ouverte, Bras Tendu;910.0;85.0;795.0;420.0;825.0;568.0;816.0;722.0;762.0;736.0;729.0;749.0;690.0;753.0;762.0;794.0;749.0;816.0;742.0;838.0;736.0;865.0;787.0;810.0;793.0;837.0;793.0;865.0;794.0;897.0;824.0;808.0;822.0;846.0;836.0;880.0;837.0;905.0;856.0;817.0;873.0;834.0;882.0;857.0;892.0;880.0;681.0;217.0;650.0;290.0
DO Right;Main Ouverte, Bras Tendu;908.0;91.0;796.0;410.0;817.0;585.0;818.0;770.0;755.0;792.0;729.0;817.0;692.0;828.0;765.0;861.0;757.0;890.0;747.0;915.0;747.0;939.0;796.0;876.0;794.0;908.0;792.0;933.0;796.0;960.0;828.0;880.0;832.0;909.0;835.0;937.0;841.0;966.0;861.0;877.0;876.0;905.0;886.0;918.0;892.0;940.0;683.0;217.0;648.0;290.0
DO Right;Main Ouverte, Bras Tendu;912.0;83.0;786.0;412.0;826.0;589.0;817.0;793.0;749.0;814.0;722.0;842.0;688.0;850.0;763.0;889.0;753.0;915.0;747.0;938.0;745.0;961.0;798.0;897.0;795.0;938.0;792.0;961.0;800.0;989.0;829.0;902.0;832.0;933.0;835.0;958.0;845.0;988.0;860.0;894.0;870.0;917.0;885.0;937.0;894.0;958.0;680.0;219.0;651.0;291.0
DO Right;Main Ouverte, Bras Tendu;912.0;86.0;793.0;421.0;821.0;605.0;827.0;825.0;749.0;844.0;724.0;868.0;692.0;882.0;769.0;916.0;756.0;952.0;753.0;973.0;749.0;996.0;806.0;933.0;800.0;968.0;798.0;995.0;803.0;1018.0;833.0;940.0;838.0;970.0;841.0;994.0;841.0;1014.0;862.0;930.0;870.0;952.0;888.0;968.0;891.0;987.0;680.0;217.0;649.0;291.0
DO Right;Main Ouverte, Bras Tendu;912.0;86.0;793.0;421.0;821.0;605.0;827.0;825.0;749.0;844.0;724.0;868.0;692.0;882.0;769.0;916.0;756.0;952.0;753.0;973.0;749.0;996.0;806.0;933.0;800.0;968.0;798.0;995.0;803.0;1018.0;833.0;940.0;838.0;970.0;841.0;994.0;841.0;1014.0;862.0;930.0;870.0;952.0;888.0;968.0;891.0;987.0;680.0;217.0;649.0;291.0
DO Right;Main Ouverte, Bras Tendu;912.0;86.0;793.0;421.0;821.0;605.0;827.0;825.0;749.0;844.0;724.0;868.0;692.0;882.0;769.0;916.0;756.0;952.0;753.0;973.0;749.0;996.0;806.0;933.0;800.0;968.0;798.0;995.0;803.0;1018.0;833.0;940.0;838.0;970.0;841.0;994.0;841.0;1014.0;862.0;930.0;870.0;952.0;888.0;968.0;891.0;987.0;680.0;217.0;649.0;291.0
DO Right;Main Ouverte, Bras Tendu;920.0;84.0;779.0;421.0;825.0;606.0;818.0;812.0;740.0;833.0;718.0;859.0;685.0;867.0;771.0;904.0;758.0;931.0;752.0;954.0;746.0;982.0;798.0;913.0;795.0;947.0;796.0;973.0;804.0;1000.0;830.0;916.0;836.0;949.0;837.0;972.0;842.0;997.0;862.0;908.0;875.0;928.0;889.0;946.0;898.0;968.0;681.0;220.0;650.0;286.0
DO Right;Main Ouverte, Bras Tendu;909.0;92.0;790.0;416.0;825.0;592.0;814.0;768.0;742.0;786.0;713.0;811.0;686.0;814.0;769.0;853.0;760.0;870.0;753.0;892.0;747.0;917.0;797.0;864.0;794.0;892.0;794.0;922.0;795.0;945.0;829.0;864.0;833.0;892.0;835.0;920.0;840.0;949.0;857.0;867.0;872.0;891.0;880.0;906.0;893.0;924.0;681.0;214.0;648.0;291.0
DO Right;Main Ouverte, Bras Tendu;916.0;98.0;777.0;419.0;818.0;604.0;811.0;745.0;746.0;766.0;722.0;777.0;688.0;784.0;762.0;813.0;756.0;837.0;747.0;861.0;739.0;894.0;795.0;829.0;794.0;853.0;794.0;880.0;797.0;909.0;828.0;836.0;833.0;869.0;836.0;892.0;840.0;916.0;866.0;837.0;882.0;857.0;891.0;877.0;897.0;902.0;683.0;216.0;641.0;293.0
DO Right;Intermédiaire;909.0;97.0;787.0;418.0;826.0;572.0;820.0;673.0;741.0;699.0;712.0;707.0;683.0;709.0;758.0;741.0;754.0;760.0;742.0;780.0;739.0;803.0;790.0;760.0;790.0;784.0;793.0;805.0;800.0;826.0;826.0;772.0;832.0;792.0;833.0;810.0;840.0;832.0;854.0;770.0;868.0;785.0;880.0;795.0;889.0;809.0;680.0;217.0;649.0;292.0
DO Right;Intermédiaire;912.0;102.0;790.0;418.0;822.0;568.0;804.0;626.0;752.0;629.0;717.0;628.0;686.0;624.0;765.0;659.0;758.0;675.0;750.0;688.0;738.0;706.0;788.0;678.0;787.0;701.0;788.0;712.0;794.0;728.0;824.0;686.0;828.0;699.0;830.0;715.0;835.0;728.0;852.0;678.0;867.0;698.0;881.0;713.0;893.0;717.0;680.0;218.0;649.0;290.0
DO Right;Intermédiaire;908.0;102.0;785.0;411.0;825.0;566.0;801.0;596.0;745.0;590.0;710.0;587.0;678.0;580.0;764.0;622.0;760.0;646.0;752.0;660.0;736.0;650.0;790.0;640.0;788.0;664.0;789.0;678.0;792.0;672.0;820.0;651.0;825.0;668.0;827.0;681.0;838.0;676.0;854.0;651.0;864.0;662.0;878.0;668.0;894.0;668.0;680.0;219.0;646.0;292.0
DO Right;Intermédiaire;913.0;104.0;784.0;409.0;848.0;642.0;814.0;545.0;746.0;513.0;720.0;506.0;682.0;496.0;760.0;545.0;747.0;526.0;725.0;516.0;702.0;494.0;769.0;554.0;756.0;545.0;750.0;534.0;748.0;518.0;792.0;557.0;792.0;538.0;795.0;525.0;797.0;505.0;834.0;573.0;840.0;562.0;841.0;538.0;845.0;517.0;682.0;217.0;648.0;290.0
DO Right;Intermédiaire;910.0;97.0;795.0;414.0;844.0;641.0;817.0;500.0;766.0;435.0;731.0;416.0;697.0;390.0;747.0;452.0;752.0;426.0;752.0;398.0;747.0;376.0;796.0;466.0;800.0;432.0;806.0;403.0;806.0;380.0;840.0;469.0;846.0;436.0;848.0;414.0;849.0;390.0;856.0;478.0;876.0;454.0;886.0;437.0;890.0;416.0;678.0;219.0;650.0;292.0
DO Right;Intermédiaire;910.0;96.0;784.0;401.0;841.0;634.0;811.0;468.0;742.0;400.0;723.0;365.0;707.0;347.0;770.0;414.0;756.0;370.0;756.0;347.0;756.0;324.0;798.0;424.0;801.0;386.0;804.0;355.0;805.0;333.0;838.0;436.0;843.0;404.0;849.0;374.0;853.0;347.0;856.0;445.0;878.0;421.0;888.0;393.0;894.0;363.0;680.0;218.0;651.0;291.0
DO Right;Intermédiaire;905.0;105.0;797.0;413.0;840.0;622.0;810.0;402.0;753.0;353.0;737.0;316.0;710.0;283.0;768.0;344.0;756.0;305.0;754.0;274.0;761.0;243.0;795.0;346.0;800.0;310.0;800.0;277.0;811.0;251.0;833.0;357.0;832.0;324.0;840.0;300.0;850.0;272.0;861.0;377.0;878.0;342.0;886.0;314.0;897.0;285.0;680.0;216.0;648.0;291.0
DO Right;Intermédiaire;912.0;102.0;781.0;402.0;852.0;616.0;816.0;349.0;768.0;307.0;745.0;273.0;736.0;243.0;777.0;292.0;768.0;254.0;768.0;221.0;773.0;188.0;803.0;284.0;809.0;240.0;811.0;203.0;820.0;178.0;846.0;292.0;849.0;259.0;857.0;229.0;858.0;201.0;877.0;300.0;889.0;274.0;897.0;248.0;898.0;224.0;681.0;218.0;650.0;291.0
DO Right;Intermédiaire;914.0;105.0;789.0;416.0;843.0;622.0;820.0;341.0;768.0;276.0;754.0;244.0;746.0;213.0;771.0;253.0;776.0;214.0;778.0;184.0;781.0;153.0;809.0;260.0;809.0;213.0;819.0;182.0;828.0;148.0;844.0;274.0;853.0;232.0;858.0;202.0;864.0;169.0;875.0;286.0;892.0;243.0;898.0;211.0;901.0;185.0;683.0;217.0;650.0;285.0
DO Right;Intermédiaire;921.0;93.0;787.0;412.0;838.0;612.0;824.0;313.0;779.0;251.0;774.0;202.0;774.0;168.0;784.0;219.0;796.0;164.0;797.0;133.0;809.0;116.0;818.0;221.0;826.0;168.0;840.0;131.0;850.0;114.0;852.0;235.0;864.0;184.0;869.0;154.0;873.0;131.0;882.0;249.0;900.0;205.0;902.0;174.0;899.0;158.0;683.0;214.0;651.0;290.0
DO Right;Intermédiaire;914.0;94.0;786.0;414.0;849.0;614.0;826.0;314.0;782.0;224.0;782.0;188.0;785.0;146.0;800.0;180.0;810.0;138.0;819.0;121.0;834.0;115.0;829.0;197.0;841.0;134.0;858.0;123.0;867.0;130.0;864.0;202.0;874.0;154.0;881.0;142.0;880.0;148.0;888.0;212.0;908.0;170.0;905.0;162.0;898.0;161.0;683.0;216.0;649.0;292.0
DO Right;Intermédiaire;901.0;96.0;784.0;410.0;852.0;608.0;833.0;288.0;789.0;216.0;787.0;171.0;793.0;142.0;806.0;177.0;821.0;130.0;835.0;124.0;840.0;128.0;843.0;168.0;852.0;131.0;861.0;125.0;872.0;136.0;874.0;176.0;883.0;142.0;880.0;147.0;880.0;150.0;894.0;194.0;910.0;165.0;901.0;162.0;896.0;164.0;682.0;216.0;650.0;288.0
DO Right;Intermédiaire;915.0;89.0;787.0;417.0;849.0;598.0;840.0;277.0;801.0;217.0;801.0;174.0;819.0;156.0;829.0;161.0;835.0;123.0;842.0;131.0;840.0;145.0;854.0;162.0;865.0;129.0;868.0;136.0;867.0;142.0;883.0;173.0;896.0;134.0;896.0;148.0;896.0;160.0;899.0;187.0;920.0;162.0;917.0;171.0;913.0;184.0;684.0;217.0;650.0;285.0
DO Right;Intermédiaire;920.0;93.0;786.0;406.0;848.0;600.0;852.0;269.0;805.0;212.0;817.0;182.0;834.0;192.0;833.0;164.0;853.0;139.0;860.0;152.0;858.0;160.0;865.0;169.0;877.0;141.0;885.0;154.0;881.0;164.0;891.0;182.0;901.0;156.0;899.0;162.0;891.0;169.0;915.0;192.0;930.0;172.0;920.0;177.0;912.0;182.0;682.0;214.0;644.0;288.0
DO Right;Main Fermée, Bras Fléchi;902.0;97.0;789.0;409.0;853.0;598.0;857.0;277.0;817.0;217.0;834.0;186.0;868.0;197.0;842.0;166.0;861.0;138.0;869.0;154.0;864.0;172.0;877.0;165.0;889.0;156.0;894.0;166.0;885.0;181.0;897.0;178.0;909.0;166.0;914.0;178.0;899.0;189.0;921.0;200.0;930.0;186.0;921.0;190.0;907.0;200.0;681.0;217.0;649.0;290.0
DO Right;Main Fermée, Bras Fléchi;917.0;91.0;787.0;416.0;849.0;585.0;866.0;272.0;834.0;229.0;842.0;202.0;865.0;219.0;850.0;170.0;872.0;179.0;865.0;193.0;858.0;194.0;881.0;177.0;892.0;182.0;884.0;193.0;874.0;205.0;902.0;193.0;918.0;194.0;913.0;204.0;899.0;212.0;923.0;209.0;940.0;209.0;934.0;217.0;918.0;227.0;683.0;217.0;653.0;289.0
DO Right;Main Fermée, Bras Fléchi;916.0;92.0;786.0;404.0;854.0;577.0;854.0;276.0;832.0;234.0;848.0;211.0;869.0;221.0;859.0;178.0;874.0;189.0;868.0;197.0;857.0;205.0;878.0;185.0;886.0;194.0;882.0;202.0;874.0;205.0;906.0;194.0;913.0;201.0;908.0;208.0;896.0;213.0;921.0;209.0;931.0;216.0;929.0;226.0;917.0;226.0;684.0;219.0;649.0;288.0
DO Right;Main Fermée, Bras Fléchi;916.0;92.0;786.0;404.0;854.0;577.0;854.0;276.0;832.0;234.0;848.0;211.0;869.0;221.0;859.0;178.0;874.0;189.0;868.0;197.0;857.0;205.0;878.0;185.0;886.0;194.0;882.0;202.0;874.0;205.0;906.0;194.0;913.0;201.0;908.0;208.0;896.0;213.0;921.0;209.0;931.0;216.0;929.0;226.0;917.0;226.0;684.0;219.0;649.0;288.0
DO Right;Main Fermée, Bras Fléchi;916.0;92.0;786.0;404.0;854.0;577.0;854.0;276.0;832.0;234.0;848.0;211.0;869.0;221.0;859.0;178.0;874.0;189.0;868.0;197.0;857.0;205.0;878.0;185.0;886.0;194.0;882.0;202.0;874.0;205.0;906.0;194.0;913.0;201.0;908.0;208.0;896.0;213.0;921.0;209.0;931.0;216.0;929.0;226.0;917.0;226.0;684.0;219.0;649.0;288.0
DO Right;Main Fermée, Bras Fléchi;906.0;106.0;793.0;412.0;856.0;581.0;853.0;269.0;827.0;220.0;840.0;200.0;851.0;204.0;845.0;172.0;858.0;180.0;856.0;190.0;849.0;195.0;870.0;178.0;881.0;184.0;873.0;192.0;865.0;195.0;894.0;184.0;908.0;193.0;900.0;203.0;882.0;205.0;914.0;202.0;923.0;212.0;910.0;216.0;893.0;220.0;682.0;218.0;652.0;293.0
DO Right;Main Fermée, Bras Fléchi;912.0;98.0;781.0;410.0;848.0;584.0;857.0;269.0;819.0;219.0;833.0;193.0;859.0;203.0;842.0;164.0;860.0;176.0;851.0;182.0;843.0;186.0;866.0;165.0;876.0;179.0;873.0;187.0;846.0;192.0;892.0;177.0;904.0;184.0;901.0;194.0;883.0;198.0;909.0;196.0;918.0;198.0;915.0;210.0;897.0;213.0;684.0;214.0;648.0;289.0
DO Right;Main Fermée, Bras Fléchi;908.0;99.0;789.0;408.0;853.0;593.0;852.0;266.0;810.0;210.0;819.0;184.0;838.0;188.0;828.0;150.0;849.0;158.0;844.0;171.0;834.0;176.0;858.0;160.0;870.0;160.0;867.0;168.0;857.0;178.0;878.0;172.0;892.0;171.0;889.0;186.0;876.0;195.0;898.0;186.0;910.0;181.0;910.0;189.0;901.0;203.0;684.0;219.0;648.0;290.0
DO Right;Intermédiaire;915.0;91.0;785.0;414.0;850.0;582.0;842.0;249.0;803.0;200.0;813.0;172.0;841.0;176.0;821.0;152.0;835.0;131.0;843.0;142.0;835.0;157.0;844.0;155.0;861.0;141.0;870.0;152.0;859.0;169.0;872.0;169.0;883.0;153.0;886.0;168.0;874.0;180.0;897.0;174.0;898.0;163.0;899.0;173.0;890.0;186.0;683.0;214.0;649.0;290.0
DO Right;Intermédiaire;912.0;99.0;787.0;412.0;836.0;596.0;837.0;266.0;798.0;200.0;797.0;173.0;821.0;180.0;811.0;155.0;824.0;128.0;832.0;138.0;827.0;160.0;830.0;160.0;850.0;133.0;860.0;148.0;854.0;161.0;861.0;168.0;870.0;148.0;878.0;157.0;870.0;168.0;878.0;171.0;890.0;160.0;890.0;170.0;889.0;179.0;681.0;220.0;650.0;286.0
DO Right;Intermédiaire;907.0;90.0;781.0;412.0;850.0;589.0;835.0;258.0;786.0;198.0;778.0;149.0;816.0;148.0;796.0;169.0;797.0;144.0;811.0;130.0;813.0;137.0;826.0;171.0;830.0;134.0;835.0;145.0;835.0;155.0;851.0;176.0;859.0;141.0;865.0;153.0;859.0;169.0;875.0;173.0;883.0;152.0;883.0;156.0;885.0;166.0;683.0;214.0;650.0;291.0
DO Right;Intermédiaire;908.0;94.0;792.0;406.0;849.0;590.0;821.0;298.0;765.0;234.0;753.0;192.0;761.0;171.0;781.0;210.0;784.0;162.0;796.0;133.0;810.0;136.0;816.0;196.0;818.0;160.0;833.0;141.0;833.0;149.0;840.0;202.0;845.0;171.0;851.0;154.0;854.0;163.0;872.0;211.0;875.0;194.0;874.0;168.0;869.0;179.0;678.0;216.0;648.0;293.0
DO Right;Intermédiaire;907.0;88.0;787.0;409.0;846.0;603.0;817.0;325.0;764.0;262.0;744.0;209.0;749.0;181.0;773.0;232.0;774.0;189.0;784.0;148.0;801.0;126.0;806.0;226.0;804.0;180.0;819.0;157.0;828.0;139.0;834.0;238.0;838.0;198.0;845.0;174.0;849.0;156.0;869.0;257.0;880.0;221.0;875.0;194.0;874.0;177.0;683.0;218.0;652.0;288.0
DO Right;Intermédiaire;900.0;93.0;774.0;413.0;848.0;614.0;805.0;358.0;761.0;316.0;745.0;280.0;723.0;248.0;769.0;297.0;755.0;252.0;760.0;220.0;762.0;187.0;795.0;296.0;796.0;256.0;806.0;216.0;812.0;188.0;832.0;299.0;837.0;260.0;840.0;227.0;846.0;201.0;865.0;306.0;876.0;277.0;875.0;249.0;875.0;222.0;682.0;217.0;651.0;291.0
DO Right;Intermédiaire;915.0;100.0;792.0;413.0;848.0;618.0;814.0;420.0;760.0;364.0;734.0;332.0;701.0;298.0;761.0;360.0;755.0;325.0;757.0;299.0;763.0;281.0;796.0;379.0;794.0;334.0;794.0;302.0;794.0;269.0;828.0;377.0;840.0;342.0;841.0;322.0;838.0;300.0;866.0;379.0;872.0;352.0;873.0;324.0;877.0;304.0;683.0;217.0;648.0;289.0
DO Right;Intermédiaire;913.0;96.0;795.0;436.0;846.0;624.0;806.0;462.0;760.0;409.0;732.0;373.0;712.0;334.0;758.0;403.0;753.0;366.0;747.0;334.0;746.0;306.0;787.0;406.0;789.0;370.0;790.0;337.0;798.0;307.0;834.0;417.0;834.0;388.0;838.0;363.0;840.0;334.0;867.0;430.0;874.0;401.0;876.0;377.0;882.0;355.0;682.0;219.0;650.0;290.0
DO Right;Intermédiaire;921.0;115.0;794.0;419.0;836.0;621.0;816.0;517.0;765.0;453.0;733.0;441.0;705.0;419.0;770.0;478.0;756.0;480.0;753.0;459.0;746.0;432.0;796.0;493.0;797.0;478.0;795.0;458.0;798.0;427.0;828.0;506.0;832.0;489.0;834.0;466.0;836.0;441.0;852.0;505.0;866.0;498.0;874.0;476.0;878.0;452.0;680.0;217.0;650.0;289.0
DO Right;Intermédiaire;916.0;109.0;788.0;411.0;841.0;629.0;812.0;553.0;758.0;522.0;726.0;512.0;701.0;494.0;777.0;555.0;754.0;558.0;745.0;534.0;740.0;518.0;789.0;568.0;802.0;592.0;798.0;566.0;796.0;539.0;827.0;576.0;840.0;595.0;843.0;578.0;842.0;546.0;852.0;589.0;872.0;593.0;878.0;576.0;880.0;560.0;680.0;219.0;648.0;293.0
DO Right;Intermédiaire;916.0;109.0;789.0;406.0;829.0;555.0;820.0;572.0;760.0;566.0;724.0;552.0;694.0;537.0;779.0;596.0;761.0;618.0;747.0;605.0;750.0;574.0;810.0;619.0;803.0;644.0;795.0;626.0;802.0;598.0;833.0;622.0;848.0;638.0;857.0;626.0;846.0;603.0;861.0;628.0;885.0;636.0;886.0;620.0;884.0;595.0;682.0;214.0;649.0;289.0
DO Right;Intermédiaire;907.0;89.0;794.0;422.0;828.0;561.0;822.0;627.0;756.0;642.0;731.0;641.0;704.0;632.0;779.0;666.0;766.0;686.0;762.0;708.0;756.0;726.0;797.0;686.0;800.0;704.0;803.0;723.0;805.0;745.0;832.0;694.0;834.0;713.0;837.0;733.0;850.0;747.0;857.0;696.0;865.0;713.0;877.0;726.0;894.0;730.0;682.0;219.0;648.0;297.0
DO Right;Main Ouverte, Bras Tendu;914.0;91.0;784.0;413.0;824.0;571.0;826.0;693.0;765.0;698.0;725.0;705.0;694.0;704.0;779.0;747.0;770.0;770.0;763.0;793.0;756.0;816.0;809.0;760.0;804.0;788.0;810.0;810.0;818.0;832.0;837.0;768.0;841.0;794.0;846.0;813.0;857.0;842.0;867.0;771.0;875.0;786.0;885.0;798.0;900.0;810.0;682.0;212.0;646.0;294.0
DO Right;Main Ouverte, Bras Tendu;906.0;98.0;786.0;419.0;825.0;580.0;825.0;717.0;769.0;726.0;729.0;745.0;702.0;741.0;774.0;794.0;770.0;817.0;764.0;835.0;761.0;860.0;808.0;805.0;809.0;835.0;809.0;853.0;819.0;875.0;838.0;805.0;844.0;834.0;851.0;857.0;859.0;873.0;868.0;809.0;882.0;822.0;889.0;838.0;901.0;853.0;680.0;219.0;649.0;288.0
DO Right;Main Ouverte, Bras Tendu;906.0;101.0;790.0;411.0;833.0;589.0;832.0;771.0;761.0;782.0;740.0;797.0;706.0;804.0;781.0;843.0;770.0;867.0;769.0;894.0;764.0;915.0;814.0;858.0;811.0;885.0;812.0;909.0;818.0;930.0;845.0;859.0;846.0;890.0;849.0;909.0;858.0;938.0;873.0;862.0;876.0;881.0;893.0;899.0;907.0;917.0;682.0;218.0;649.0;293.0
DO Right;Main Ouverte, Bras Tendu;909.0;108.0;790.0;413.0;827.0;590.0;827.0;792.0;757.0;812.0;732.0;833.0;702.0;840.0;780.0;876.0;771.0;901.0;768.0;923.0;766.0;950.0;813.0;889.0;810.0;920.0;813.0;944.0;820.0;973.0;845.0;894.0;842.0;922.0;852.0;947.0;860.0;972.0;876.0;884.0;883.0;910.0;894.0;925.0;907.0;940.0;683.0;216.0;650.0;294.0
DO Right;Main Ouverte, Bras Tendu;909.0;108.0;790.0;413.0;827.0;590.0;827.0;792.0;763.0;825.0;734.0;841.0;704.0;856.0;780.0;876.0;773.0;913.0;770.0;937.0;764.0;963.0;813.0;889.0;809.0;939.0;814.0;963.0;820.0;984.0;845.0;894.0;848.0;938.0;852.0;963.0;860.0;980.0;876.0;884.0;883.0;910.0;898.0;931.0;908.0;956.0;683.0;216.0;650.0;294.0
DO Right;Main Ouverte, Bras Tendu;909.0;108.0;790.0;413.0;827.0;590.0;827.0;792.0;763.0;825.0;734.0;841.0;704.0;856.0;780.0;876.0;773.0;913.0;770.0;937.0;764.0;963.0;813.0;889.0;809.0;939.0;814.0;963.0;820.0;984.0;845.0;894.0;848.0;938.0;852.0;963.0;860.0;980.0;876.0;884.0;883.0;910.0;898.0;931.0;908.0;956.0;683.0;216.0;650.0;294.0
DO Right;Main Ouverte, Bras Tendu;915.0;94.0;788.0;413.0;828.0;585.0;827.0;788.0;755.0;800.0;728.0;819.0;700.0;829.0;774.0;858.0;769.0;888.0;764.0;908.0;762.0;936.0;812.0;876.0;811.0;902.0;810.0;929.0;814.0;953.0;842.0;884.0;845.0;909.0;848.0;930.0;853.0;953.0;872.0;876.0;882.0;900.0;892.0;912.0;907.0;930.0;688.0;219.0;652.0;297.0
DO Right;Main Ouverte, Bras Tendu;920.0;102.0;788.0;413.0;825.0;584.0;825.0;768.0;745.0;792.0;717.0;805.0;691.0;810.0;774.0;843.0;766.0;867.0;760.0;888.0;760.0;908.0;803.0;859.0;806.0;883.0;809.0;900.0;809.0;925.0;836.0;866.0;838.0;884.0;846.0;907.0;853.0;930.0;874.0;861.0;882.0;878.0;890.0;889.0;904.0;904.0;684.0;219.0;652.0;299.0
DO Right;Main Ouverte, Bras Tendu;915.0;100.0;790.0;417.0;833.0;589.0;827.0;710.0;762.0;733.0;722.0;749.0;693.0;750.0;772.0;778.0;766.0;810.0;758.0;830.0;756.0;856.0;806.0;798.0;803.0;824.0;803.0;842.0;808.0;868.0;837.0;801.0;841.0;826.0;843.0;849.0;850.0;866.0;860.0;808.0;872.0;821.0;882.0;833.0;897.0;845.0;686.0;221.0;650.0;297.0
DO Right;Intermédiaire;908.0;92.0;786.0;409.0;826.0;573.0;818.0;651.0;761.0;677.0;725.0;680.0;692.0;678.0;776.0;708.0;765.0;728.0;760.0;744.0;756.0;765.0;804.0;724.0;801.0;745.0;801.0;763.0;805.0;781.0;830.0;734.0;833.0;756.0;841.0;774.0;852.0;788.0;858.0;731.0;870.0;748.0;885.0;758.0;902.0;768.0;683.0;219.0;652.0;298.0
DO Right;Intermédiaire;916.0;88.0;790.0;416.0;826.0;566.0;814.0;629.0;757.0;644.0;723.0;642.0;691.0;643.0;764.0;674.0;762.0;692.0;755.0;720.0;756.0;700.0;800.0;692.0;802.0;715.0;802.0;734.0;805.0;723.0;833.0;696.0;832.0;725.0;837.0;740.0;852.0;737.0;859.0;700.0;874.0;713.0;881.0;720.0;893.0;720.0;689.0;221.0;657.0;300.0
DO Right;Intermédiaire;925.0;92.0;780.0;414.0;844.0;657.0;812.0;576.0;752.0;563.0;717.0;560.0;684.0;545.0;771.0;602.0;754.0;618.0;747.0;593.0;746.0;569.0;803.0;622.0;788.0;640.0;782.0;614.0;796.0;585.0;828.0;627.0;846.0;641.0;850.0;622.0;850.0;598.0;868.0;628.0;886.0;619.0;884.0;604.0;877.0;588.0;689.0;222.0;656.0;294.0
DO Right;Intermédiaire;908.0;97.0;790.0;416.0;848.0;659.0;816.0;552.0;739.0;485.0;704.0;470.0;683.0;458.0;776.0;522.0;755.0;506.0;750.0;486.0;742.0;458.0;802.0;536.0;797.0;499.0;800.0;472.0;800.0;457.0;837.0;538.0;843.0;508.0;843.0;486.0;844.0;462.0;854.0;533.0;873.0;516.0;882.0;496.0;891.0;469.0;685.0;220.0;653.0;293.0
DO Right;Intermédiaire;905.0;85.0;792.0;411.0;845.0;637.0;816.0;497.0;739.0;443.0;714.0;420.0;693.0;410.0;761.0;452.0;752.0;429.0;752.0;410.0;746.0;393.0;796.0;470.0;795.0;443.0;801.0;417.0;801.0;393.0;842.0;482.0;842.0;446.0;843.0;420.0;846.0;406.0;856.0;486.0;872.0;474.0;875.0;456.0;883.0;432.0;686.0;222.0;656.0;294.0
DO Right;Intermédiaire;898.0;97.0;788.0;420.0;850.0;619.0;817.0;432.0;752.0;388.0;728.0;357.0;700.0;334.0;761.0;376.0;758.0;342.0;756.0;317.0;753.0;292.0;802.0;390.0;803.0;363.0;805.0;325.0;804.0;293.0;841.0;395.0;844.0;364.0;845.0;337.0;853.0;307.0;874.0;403.0;884.0;372.0;889.0;347.0;892.0;321.0;689.0;222.0;659.0;296.0
DO Right;Intermédiaire;910.0;91.0;786.0;410.0;850.0;620.0;818.0;370.0;757.0;325.0;742.0;300.0;721.0;275.0;766.0;301.0;763.0;275.0;754.0;250.0;755.0;217.0;801.0;312.0;803.0;282.0;803.0;259.0;806.0;219.0;840.0;316.0;841.0;290.0;851.0;256.0;854.0;227.0;877.0;330.0;885.0;301.0;891.0;267.0;893.0;245.0;690.0;219.0;658.0;293.0
DO Right;Intermédiaire;898.0;102.0;780.0;404.0;844.0;618.0;814.0;363.0;750.0;307.0;744.0;268.0;715.0;241.0;777.0;275.0;758.0;240.0;763.0;209.0;765.0;184.0;809.0;283.0;809.0;240.0;809.0;216.0;809.0;176.0;848.0;289.0;848.0;252.0;854.0;214.0;858.0;193.0;873.0;296.0;888.0;265.0;889.0;235.0;893.0;213.0;691.0;217.0;659.0;294.0
DO Right;Intermédiaire;910.0;94.0;790.0;402.0;848.0;621.0;817.0;324.0;757.0;274.0;742.0;221.0;733.0;188.0;778.0;226.0;760.0;192.0;770.0;148.0;768.0;120.0;810.0;236.0;809.0;187.0;812.0;147.0;820.0;113.0;838.0;242.0;848.0;202.0;859.0;163.0;860.0;138.0;874.0;250.0;898.0;218.0;899.0;186.0;897.0;164.0;686.0;218.0;658.0;299.0
DO Right;Intermédiaire;904.0;81.0;790.0;411.0;849.0;610.0;825.0;293.0;764.0;235.0;755.0;194.0;746.0;162.0;787.0;214.0;772.0;148.0;778.0;114.0;779.0;91.0;820.0;208.0;813.0;147.0;819.0;110.0;827.0;89.0;842.0;210.0;858.0;157.0;859.0;128.0;865.0;102.0;878.0;222.0;894.0;178.0;893.0;152.0;890.0;131.0;690.0;222.0;658.0;292.0
DO Right;Intermédiaire;904.0;81.0;790.0;411.0;849.0;610.0;825.0;293.0;764.0;235.0;755.0;194.0;746.0;162.0;787.0;214.0;772.0;148.0;778.0;114.0;787.0;92.0;820.0;208.0;813.0;147.0;819.0;110.0;827.0;89.0;842.0;210.0;858.0;157.0;859.0;128.0;865.0;102.0;878.0;222.0;894.0;178.0;893.0;152.0;890.0;131.0;690.0;222.0;658.0;292.0
DO Right;Intermédiaire;906.0;85.0;777.0;409.0;860.0;590.0;820.0;262.0;770.0;211.0;770.0;171.0;772.0;146.0;792.0;163.0;790.0;124.0;806.0;104.0;820.0;115.0;829.0;176.0;826.0;118.0;843.0;108.0;846.0;115.0;853.0;186.0;865.0;125.0;865.0;115.0;869.0;132.0;885.0;185.0;892.0;146.0;881.0;138.0;875.0;150.0;692.0;219.0;657.0;299.0
DO Right;Intermédiaire;896.0;80.0;780.0;406.0;851.0;597.0;837.0;266.0;785.0;220.0;787.0;172.0;804.0;153.0;805.0;170.0;808.0;123.0;828.0;128.0;828.0;138.0;837.0;160.0;848.0;117.0;861.0;133.0;860.0;142.0;865.0;166.0;872.0;130.0;872.0;139.0;872.0;146.0;898.0;174.0;904.0;156.0;890.0;157.0;883.0;170.0;690.0;222.0;658.0;297.0
DO Right;Intermédiaire;901.0;91.0;789.0;410.0;842.0;586.0;843.0;264.0;792.0;216.0;803.0;179.0;844.0;186.0;825.0;158.0;828.0;134.0;836.0;144.0;835.0;157.0;844.0;163.0;849.0;130.0;856.0;150.0;854.0;169.0;872.0;169.0;882.0;145.0;882.0;161.0;876.0;179.0;899.0;179.0;901.0;158.0;898.0;166.0;894.0;172.0;690.0;217.0;652.0;293.0
DO Right;Main Fermée, Bras Fléchi;899.0;90.0;796.0;412.0;848.0;594.0;845.0;257.0;806.0;222.0;813.0;194.0;827.0;197.0;826.0;161.0;838.0;150.0;843.0;164.0;833.0;172.0;856.0;169.0;864.0;149.0;869.0;172.0;859.0;180.0;881.0;178.0;888.0;170.0;889.0;187.0;877.0;187.0;901.0;186.0;912.0;179.0;908.0;193.0;894.0;197.0;686.0;221.0;657.0;298.0
DO Right;Main Fermée, Bras Fléchi;905.0;99.0;789.0;416.0;865.0;581.0;858.0;269.0;820.0;229.0;827.0;201.0;846.0;206.0;830.0;169.0;843.0;172.0;843.0;181.0;830.0;187.0;854.0;171.0;867.0;178.0;867.0;187.0;858.0;192.0;875.0;176.0;889.0;188.0;880.0;194.0;872.0;203.0;899.0;193.0;916.0;200.0;913.0;209.0;898.0;209.0;694.0;221.0;652.0;294.0
DO Right;Main Fermée, Bras Fléchi;905.0;99.0;789.0;416.0;865.0;581.0;858.0;269.0;820.0;229.0;827.0;201.0;846.0;206.0;830.0;169.0;843.0;172.0;843.0;181.0;830.0;187.0;854.0;171.0;867.0;178.0;867.0;187.0;858.0;192.0;875.0;176.0;889.0;188.0;880.0;194.0;872.0;203.0;899.0;193.0;916.0;200.0;913.0;209.0;898.0;209.0;694.0;221.0;652.0;294.0
DO Right;Main Fermée, Bras Fléchi;905.0;99.0;789.0;416.0;865.0;581.0;858.0;269.0;820.0;229.0;827.0;201.0;846.0;206.0;830.0;169.0;843.0;172.0;843.0;181.0;830.0;187.0;854.0;171.0;867.0;178.0;867.0;187.0;858.0;192.0;875.0;176.0;889.0;188.0;880.0;194.0;872.0;203.0;899.0;193.0;916.0;200.0;913.0;209.0;898.0;209.0;694.0;221.0;652.0;294.0
DO Right;Main Fermée, Bras Fléchi;905.0;99.0;789.0;416.0;865.0;581.0;858.0;269.0;820.0;229.0;827.0;201.0;846.0;206.0;830.0;169.0;843.0;172.0;843.0;181.0;830.0;187.0;854.0;171.0;867.0;178.0;867.0;187.0;858.0;192.0;875.0;176.0;889.0;188.0;880.0;194.0;872.0;203.0;899.0;193.0;916.0;200.0;913.0;209.0;898.0;209.0;694.0;221.0;652.0;294.0
DO Right;Main Fermée, Bras Fléchi;905.0;99.0;789.0;416.0;865.0;581.0;858.0;269.0;820.0;229.0;827.0;201.0;846.0;206.0;830.0;169.0;843.0;172.0;843.0;181.0;830.0;187.0;854.0;171.0;867.0;178.0;867.0;187.0;858.0;192.0;875.0;176.0;889.0;188.0;880.0;194.0;872.0;203.0;899.0;193.0;916.0;200.0;913.0;209.0;898.0;209.0;694.0;221.0;652.0;294.0
DO Right;Main Fermée, Bras Fléchi;908.0;93.0;790.0;409.0;858.0;590.0;848.0;268.0;803.0;216.0;812.0;189.0;832.0;195.0;819.0;160.0;832.0;171.0;832.0;186.0;816.0;187.0;843.0;161.0;859.0;165.0;858.0;176.0;846.0;184.0;869.0;162.0;877.0;164.0;876.0;178.0;865.0;180.0;893.0;177.0;904.0;184.0;897.0;189.0;882.0;200.0;688.0;224.0;659.0;297.0
DO Right;Intermédiaire ;905.0;76.0;764.0;404.0;853.0;602.0;844.0;258.0;797.0;209.0;796.0;184.0;824.0;185.0;805.0;156.0;829.0;141.0;830.0;156.0;821.0;165.0;834.0;155.0;858.0;141.0;860.0;157.0;848.0;171.0;869.0;162.0;884.0;157.0;883.0;165.0;873.0;180.0;890.0;176.0;897.0;178.0;894.0;193.0;883.0;198.0;691.0;221.0;654.0;296.0
DO Right;Intermédiaire ;896.0;102.0;778.0;402.0;845.0;598.0;840.0;257.0;795.0;197.0;798.0;165.0;825.0;187.0;808.0;154.0;819.0;124.0;830.0;153.0;822.0;172.0;832.0;156.0;857.0;129.0;857.0;155.0;846.0;173.0;859.0;162.0;872.0;145.0;870.0;172.0;862.0;182.0;877.0;171.0;890.0;165.0;889.0;178.0;883.0;188.0;692.0;214.0;657.0;297.0
DO Right;Intermédiaire ;901.0;89.0;789.0;402.0;846.0;596.0;838.0;252.0;780.0;202.0;773.0;154.0;784.0;123.0;796.0;155.0;804.0;118.0;812.0;133.0;805.0;150.0;819.0;160.0;835.0;121.0;841.0;132.0;834.0;147.0;854.0;169.0;862.0;134.0;857.0;147.0;853.0;162.0;872.0;177.0;884.0;150.0;877.0;164.0;872.0;181.0;689.0;220.0;657.0;298.0
DO Right;Intermédiaire ;914.0;83.0;778.0;410.0;854.0;598.0;822.0;274.0;763.0;212.0;762.0;174.0;762.0;139.0;781.0;179.0;781.0;129.0;798.0;105.0;811.0;114.0;818.0;178.0;820.0;118.0;830.0;105.0;834.0;120.0;843.0;189.0;851.0;140.0;858.0;122.0;857.0;132.0;870.0;185.0;883.0;155.0;878.0;145.0;867.0;155.0;690.0;221.0;654.0;292.0
DO Right;Intermédiaire ;915.0;90.0;780.0;408.0;850.0;603.0;817.0;304.0;764.0;227.0;754.0;189.0;750.0;148.0;781.0;194.0;765.0;147.0;781.0;115.0;792.0;105.0;806.0;187.0;804.0;129.0;817.0;105.0;833.0;96.0;840.0;195.0;844.0;150.0;846.0;130.0;854.0;110.0;868.0;208.0;880.0;174.0;876.0;150.0;872.0;145.0;690.0;217.0;657.0;297.0
DO Right;Intermédiaire ;905.0;99.0;777.0;410.0;850.0;602.0;795.0;338.0;748.0;254.0;730.0;213.0;726.0;176.0;758.0;221.0;755.0;178.0;755.0;142.0;766.0;116.0;794.0;227.0;793.0;179.0;802.0;141.0;809.0;113.0;825.0;242.0;827.0;195.0;837.0;162.0;843.0;140.0;860.0;265.0;874.0;218.0;873.0;188.0;869.0;166.0;692.0;219.0;654.0;297.0
DO Right;Intermédiaire ;906.0;92.0;792.0;411.0;850.0;624.0;790.0;395.0;747.0;320.0;733.0;281.0;715.0;246.0;739.0;281.0;731.0;254.0;734.0;225.0;739.0;203.0;777.0;288.0;773.0;250.0;781.0;222.0;782.0;193.0;817.0;297.0;817.0;262.0;827.0;227.0;829.0;204.0;849.0;307.0;861.0;280.0;864.0;258.0;867.0;229.0;690.0;217.0;659.0;293.0
DO Right;Intermédiaire ;906.0;89.0;789.0;411.0;841.0;608.0;793.0;427.0;748.0;353.0;726.0;320.0;752.0;290.0;737.0;329.0;725.0;294.0;725.0;269.0;728.0;244.0;772.0;330.0;772.0;291.0;771.0;254.0;782.0;217.0;813.0;332.0;817.0;301.0;818.0;261.0;821.0;236.0;848.0;346.0;860.0;310.0;867.0;280.0;859.0;257.0;692.0;220.0;658.0;292.0
DO Right;Intermédiaire ;906.0;92.0;782.0;402.0;840.0;616.0;782.0;454.0;726.0;400.0;702.0;363.0;677.0;346.0;723.0;396.0;723.0;362.0;722.0;336.0;720.0;309.0;761.0;396.0;765.0;354.0;764.0;325.0;769.0;304.0;809.0;414.0;812.0;374.0;813.0;337.0;813.0;313.0;843.0;426.0;854.0;388.0;857.0;357.0;857.0;331.0;690.0;220.0;658.0;293.0
DO Right;Intermédiaire ;913.0;78.0;785.0;421.0;838.0;632.0;788.0;473.0;733.0;448.0;701.0;433.0;676.0;406.0;746.0;493.0;722.0;494.0;715.0;469.0;715.0;440.0;768.0;499.0;765.0;473.0;764.0;446.0;765.0;428.0;806.0;508.0;806.0;480.0;811.0;457.0;809.0;436.0;826.0;516.0;851.0;483.0;856.0;456.0;851.0;434.0;691.0;217.0;656.0;302.0
DO Right;Intermédiaire ;909.0;102.0;774.0;409.0;845.0;633.0;777.0;512.0;714.0;490.0;691.0;467.0;667.0;458.0;740.0;531.0;728.0;538.0;715.0;524.0;715.0;496.0;768.0;549.0;761.0;524.0;760.0;499.0;763.0;482.0;801.0;546.0;802.0;528.0;805.0;500.0;808.0;482.0;828.0;555.0;851.0;530.0;856.0;499.0;854.0;481.0;690.0;218.0;654.0;297.0
DO Right;Intermédiaire ;910.0;97.0;785.0;411.0;819.0;562.0;794.0;569.0;741.0;563.0;704.0;566.0;672.0;552.0;755.0;596.0;736.0;635.0;709.0;627.0;712.0;601.0;790.0;629.0;761.0;662.0;756.0;636.0;764.0;612.0;808.0;638.0;826.0;638.0;826.0;618.0;819.0;598.0;844.0;636.0;866.0;635.0;865.0;619.0;854.0;601.0;690.0;221.0;657.0;296.0
DO Right;Intermédiaire ;908.0;96.0;797.0;410.0;820.0;572.0;806.0;632.0;737.0;643.0;706.0;645.0;670.0;633.0;745.0;683.0;726.0;698.0;720.0;714.0;715.0;729.0;768.0;693.0;771.0;717.0;771.0;738.0;773.0;749.0;794.0;696.0;804.0;714.0;805.0;732.0;818.0;744.0;841.0;705.0;849.0;731.0;866.0;721.0;865.0;693.0;689.0;219.0;651.0;293.0
DO Right;Main Ouverte, Bras Tendu;910.0;85.0;787.0;418.0;817.0;574.0;796.0;662.0;744.0;673.0;708.0;682.0;673.0;677.0;747.0;715.0;736.0;734.0;726.0;756.0;722.0;776.0;772.0;724.0;770.0;752.0;772.0;772.0;776.0;785.0;804.0;739.0;811.0;758.0;811.0;779.0;821.0;793.0;838.0;730.0;844.0;753.0;859.0;765.0;869.0;757.0;689.0;220.0;657.0;300.0
DO Right;Main Ouverte, Bras Tendu;915.0;98.0;796.0;416.0;818.0;581.0;795.0;725.0;721.0;736.0;698.0;746.0;670.0;746.0;745.0;793.0;736.0;818.0;730.0;837.0;729.0;860.0;780.0;794.0;779.0;825.0;778.0;850.0;786.0;872.0;808.0;809.0;813.0;830.0;818.0;854.0;828.0;870.0;845.0;800.0;857.0;821.0;867.0;836.0;875.0;846.0;688.0;218.0;657.0;294.0
DO Right;Main Ouverte, Bras Tendu;914.0;91.0;782.0;412.0;820.0;576.0;802.0;760.0;739.0;778.0;708.0;792.0;673.0;802.0;749.0;842.0;740.0;872.0;732.0;891.0;729.0;914.0;785.0;846.0;784.0;876.0;786.0;904.0;789.0;940.0;817.0;858.0;818.0;882.0;825.0;909.0;832.0;944.0;852.0;859.0;864.0;877.0;876.0;894.0;882.0;916.0;689.0;219.0;656.0;294.0
DO Right;Main Ouverte, Bras Tendu;909.0;85.0;785.0;412.0;811.0;593.0;802.0;785.0;729.0;800.0;712.0;818.0;674.0;827.0;753.0;866.0;746.0;892.0;738.0;917.0;732.0;941.0;787.0;878.0;786.0;904.0;785.0;932.0;793.0;963.0;821.0;881.0;822.0;910.0;827.0;932.0;833.0;960.0;853.0;874.0;865.0;893.0;874.0;909.0;882.0;930.0;690.0;219.0;657.0;291.0
DO Right;Main Ouverte, Bras Tendu;913.0;82.0;793.0;419.0;820.0;593.0;805.0;797.0;732.0;832.0;710.0;852.0;680.0;865.0;754.0;904.0;747.0;929.0;739.0;961.0;741.0;989.0;785.0;910.0;789.0;944.0;790.0;971.0;796.0;1001.0;821.0;916.0;825.0;947.0;832.0;972.0;840.0;1001.0;854.0;905.0;867.0;931.0;877.0;952.0;888.0;966.0;689.0;218.0;653.0;294.0
DO Right;Main Ouverte, Bras Tendu;905.0;107.0;785.0;419.0;811.0;596.0;810.0;821.0;736.0;848.0;713.0;870.0;684.0;882.0;764.0;915.0;752.0;948.0;745.0;974.0;741.0;995.0;790.0;923.0;786.0;966.0;793.0;1002.0;801.0;1021.0;822.0;930.0;825.0;964.0;835.0;998.0;837.0;1022.0;859.0;915.0;869.0;941.0;881.0;965.0;890.0;984.0;685.0;218.0;657.0;293.0
DO Right;Main Ouverte, Bras Tendu;905.0;107.0;785.0;419.0;811.0;596.0;810.0;821.0;736.0;848.0;713.0;870.0;684.0;882.0;764.0;915.0;752.0;948.0;745.0;974.0;741.0;995.0;790.0;923.0;786.0;966.0;793.0;1002.0;801.0;1021.0;822.0;930.0;825.0;964.0;835.0;998.0;837.0;1022.0;859.0;915.0;869.0;941.0;881.0;965.0;890.0;984.0;685.0;218.0;657.0;293.0
DO Right;Main Ouverte, Bras Tendu;913.0;96.0;780.0;410.0;818.0;600.0;811.0;808.0;744.0;837.0;716.0;862.0;682.0;873.0;763.0;899.0;748.0;937.0;741.0;964.0;740.0;989.0;796.0;920.0;790.0;957.0;794.0;982.0;802.0;1012.0;822.0;920.0;828.0;955.0;837.0;981.0;843.0;1000.0;856.0;910.0;867.0;933.0;878.0;952.0;894.0;973.0;689.0;219.0;656.0;299.0
DO Right;Main Ouverte, Bras Tendu;915.0;96.0;787.0;421.0;827.0;596.0;809.0;796.0;733.0;808.0;706.0;829.0;682.0;826.0;763.0;872.0;750.0;897.0;741.0;924.0;740.0;941.0;790.0;882.0;790.0;910.0;790.0;940.0;797.0;963.0;813.0;878.0;824.0;914.0;834.0;938.0;841.0;965.0;852.0;875.0;864.0;900.0;876.0;916.0;886.0;928.0;690.0;217.0;652.0;299.0
DO Right;Main Ouverte, Bras Tendu;909.0;90.0;788.0;406.0;818.0;596.0;808.0;764.0;734.0;786.0;705.0;798.0;681.0;803.0;756.0;843.0;745.0;866.0;741.0;886.0;736.0;909.0;794.0;858.0;789.0;878.0;786.0;902.0;795.0;936.0;821.0;867.0;825.0;893.0;830.0;910.0;836.0;934.0;849.0;849.0;867.0;869.0;878.0;889.0;893.0;916.0;690.0;214.0;658.0;294.0
DO Right;Intermédiaire;912.0;85.0;790.0;414.0;814.0;587.0;798.0;706.0;744.0;724.0;712.0;740.0;676.0;738.0;750.0;777.0;742.0;802.0;734.0;825.0;733.0;845.0;779.0;790.0;780.0;818.0;784.0;843.0;790.0;868.0;818.0;794.0;825.0;825.0;832.0;848.0;841.0;870.0;846.0;795.0;860.0;813.0;872.0;825.0;885.0;835.0;689.0;221.0;656.0;294.0
DO Right;Main Ouverte, Bras Tendu;909.0;98.0;777.0;413.0;820.0;580.0;798.0;642.0;748.0;651.0;705.0;651.0;670.0;644.0;757.0;682.0;741.0;697.0;733.0;716.0;724.0;741.0;779.0;700.0;778.0;725.0;781.0;740.0;786.0;761.0;812.0;710.0;819.0;732.0;822.0;747.0;835.0;768.0;840.0;706.0;853.0;729.0;867.0;744.0;883.0;752.0;688.0;221.0;654.0;293.0
DO Right;Main Ouverte, Bras Tendu;909.0;84.0;785.0;413.0;817.0;580.0;793.0;606.0;728.0;609.0;701.0;603.0;667.0;596.0;758.0;654.0;749.0;675.0;729.0;682.0;708.0;680.0;787.0;677.0;776.0;701.0;782.0;706.0;790.0;702.0;808.0;667.0;809.0;704.0;824.0;714.0;837.0;718.0;849.0;673.0;859.0;693.0;875.0;699.0;884.0;705.0;686.0;220.0;652.0;294.0
DO Right;Main Ouverte, Bras Tendu;909.0;83.0;784.0;418.0;844.0;652.0;793.0;554.0;738.0;525.0;699.0;518.0;680.0;502.0;761.0;569.0;739.0;573.0;726.0;557.0;736.0;536.0;789.0;587.0;774.0;578.0;778.0;556.0;782.0;537.0;821.0;598.0;834.0;576.0;832.0;552.0;830.0;531.0;853.0;603.0;865.0;594.0;868.0;573.0;874.0;554.0;683.0;221.0;656.0;298.0
DO Right;Main Ouverte, Bras Tendu;898.0;92.0;782.0;421.0;838.0;635.0;792.0;517.0;723.0;450.0;704.0;424.0;673.0;411.0;749.0;476.0;741.0;454.0;737.0;426.0;738.0;408.0;779.0;484.0;781.0;462.0;785.0;437.0;786.0;412.0;819.0;501.0;837.0;475.0;835.0;448.0;834.0;432.0;845.0;498.0;886.0;474.0;886.0;453.0;884.0;435.0;678.0;218.0;650.0;291.0
DO Right;Main Ouverte, Bras Tendu;902.0;101.0;797.0;419.0;844.0;634.0;782.0;476.0;729.0;421.0;707.0;393.0;680.0;371.0;753.0;432.0;740.0;403.0;741.0;374.0;740.0;355.0;785.0;446.0;790.0;412.0;790.0;382.0;789.0;361.0;821.0;452.0;836.0;422.0;838.0;398.0;841.0;379.0;840.0;467.0;859.0;446.0;878.0;425.0;885.0;405.0;680.0;216.0;649.0;290.0
DO Right;Main Ouverte, Bras Tendu;907.0;94.0;797.0;414.0;837.0;627.0;794.0;422.0;747.0;364.0;723.0;329.0;696.0;305.0;766.0;360.0;755.0;324.0;754.0;305.0;754.0;278.0;795.0;368.0;800.0;329.0;801.0;304.0;804.0;278.0;832.0;370.0;836.0;340.0;848.0;315.0;858.0;290.0;859.0;381.0;878.0;357.0;890.0;331.0;897.0;309.0;682.0;216.0;649.0;288.0
DO Right;Main Ouverte, Bras Tendu;902.0;91.0;788.0;411.0;838.0;619.0;802.0;369.0;762.0;305.0;736.0;273.0;733.0;238.0;773.0;283.0;768.0;254.0;770.0;218.0;769.0;185.0;802.0;284.0;808.0;251.0;810.0;211.0;822.0;193.0;837.0;305.0;853.0;253.0;862.0;224.0;866.0;203.0;866.0;304.0;891.0;288.0;901.0;253.0;904.0;230.0;683.0;218.0;650.0;291.0
DO Right;Main Ouverte, Bras Tendu;906.0;108.0;789.0;416.0;844.0;619.0;808.0;357.0;762.0;294.0;740.0;249.0;724.0;229.0;785.0;265.0;776.0;221.0;771.0;186.0;779.0;149.0;808.0;269.0;812.0;219.0;824.0;181.0;830.0;154.0;845.0;275.0;860.0;233.0;866.0;206.0;870.0;174.0;870.0;286.0;891.0;254.0;906.0;222.0;908.0;201.0;683.0;217.0;651.0;289.0
DO Right;Main Ouverte, Bras Tendu;917.0;90.0;780.0;412.0;845.0;617.0;818.0;315.0;764.0;252.0;769.0;210.0;757.0;177.0;794.0;222.0;785.0;164.0;789.0;129.0;800.0;106.0;813.0;220.0;822.0;173.0;835.0;138.0;848.0;120.0;851.0;230.0;861.0;188.0;869.0;160.0;885.0;132.0;875.0;249.0;896.0;217.0;904.0;192.0;906.0;170.0;683.0;218.0;649.0;292.0
DO Right;Main Ouverte, Bras Tendu;917.0;82.0;773.0;402.0;846.0;609.0;824.0;331.0;780.0;221.0;782.0;182.0;782.0;145.0;795.0;179.0;798.0;140.0;808.0;110.0;819.0;99.0;828.0;189.0;829.0;141.0;846.0;116.0;860.0;117.0;858.0;197.0;868.0;155.0;878.0;136.0;872.0;123.0;885.0;204.0;906.0;179.0;901.0;161.0;891.0;154.0;683.0;213.0;649.0;291.0
DO Right;Main Ouverte, Bras Tendu;915.0;94.0;779.0;404.0;853.0;609.0;828.0;293.0;781.0;220.0;785.0;180.0;792.0;145.0;795.0;174.0;798.0;129.0;814.0;107.0;827.0;104.0;827.0;182.0;843.0;134.0;852.0;124.0;860.0;126.0;860.0;192.0;870.0;150.0;876.0;138.0;876.0;147.0;889.0;201.0;905.0;169.0;900.0;155.0;891.0;160.0;682.0;216.0;650.0;291.0
DO Right;Main Ouverte, Bras Tendu;915.0;90.0;781.0;413.0;844.0;605.0;835.0;284.0;782.0;213.0;793.0;172.0;800.0;149.0;818.0;160.0;824.0;126.0;838.0;129.0;840.0;144.0;844.0;171.0;857.0;131.0;862.0;144.0;859.0;148.0;867.0;180.0;881.0;144.0;880.0;149.0;875.0;158.0;896.0;192.0;907.0;165.0;896.0;166.0;889.0;178.0;682.0;214.0;648.0;290.0
DO Right;Main Ouverte, Bras Tendu;905.0;89.0;785.0;406.0;846.0;601.0;843.0;260.0;800.0;209.0;806.0;174.0;822.0;164.0;822.0;165.0;841.0;131.0;843.0;142.0;832.0;156.0;856.0;169.0;867.0;141.0;868.0;149.0;866.0;160.0;877.0;171.0;889.0;154.0;888.0;161.0;884.0;171.0;906.0;187.0;915.0;165.0;907.0;177.0;898.0;186.0;682.0;216.0;649.0;286.0
DO Right;Main Ouverte, Bras Tendu;909.0;92.0;782.0;410.0;854.0;595.0;848.0;277.0;802.0;219.0;816.0;189.0;837.0;202.0;827.0;161.0;843.0;141.0;856.0;152.0;843.0;172.0;856.0;161.0;875.0;147.0;878.0;161.0;860.0;174.0;885.0;173.0;894.0;161.0;893.0;174.0;883.0;184.0;905.0;188.0;914.0;176.0;912.0;184.0;904.0;194.0;683.0;214.0;649.0;290.0
DO Right;Main Fermée, Bras Fléchi ;905.0;85.0;780.0;397.0;850.0;594.0;857.0;282.0;808.0;234.0;820.0;192.0;850.0;210.0;832.0;177.0;851.0;165.0;851.0;181.0;836.0;189.0;865.0;176.0;877.0;178.0;870.0;193.0;858.0;194.0;890.0;185.0;897.0;194.0;893.0;201.0;885.0;210.0;907.0;206.0;913.0;216.0;905.0;224.0;898.0;226.0;681.0;219.0;649.0;293.0
DO Right;Main Fermée, Bras Fléchi ;901.0;101.0;786.0;409.0;844.0;570.0;852.0;274.0;816.0;227.0;821.0;204.0;838.0;214.0;838.0;182.0;848.0;193.0;840.0;200.0;834.0;204.0;862.0;178.0;872.0;189.0;866.0;195.0;858.0;201.0;888.0;190.0;893.0;198.0;885.0;203.0;876.0;206.0;908.0;203.0;914.0;212.0;905.0;217.0;896.0;218.0;683.0;217.0;649.0;290.0
DO Right;Main Fermée, Bras Fléchi ;901.0;101.0;786.0;409.0;844.0;570.0;852.0;274.0;816.0;227.0;821.0;204.0;838.0;214.0;838.0;182.0;848.0;193.0;840.0;200.0;834.0;204.0;862.0;178.0;872.0;189.0;866.0;195.0;858.0;201.0;888.0;190.0;893.0;198.0;885.0;203.0;876.0;206.0;908.0;203.0;914.0;212.0;905.0;217.0;896.0;218.0;683.0;217.0;649.0;290.0
DO Right;Main Fermée, Bras Fléchi ;901.0;101.0;786.0;409.0;844.0;570.0;852.0;274.0;816.0;227.0;821.0;204.0;838.0;214.0;838.0;182.0;848.0;193.0;840.0;200.0;834.0;204.0;862.0;178.0;872.0;189.0;866.0;195.0;858.0;201.0;888.0;190.0;893.0;198.0;885.0;203.0;876.0;206.0;908.0;203.0;914.0;212.0;905.0;217.0;896.0;218.0;683.0;217.0;649.0;290.0
DO Right;Main Fermée, Bras Fléchi ;900.0;81.0;781.0;404.0;852.0;580.0;850.0;268.0;817.0;214.0;822.0;192.0;832.0;193.0;829.0;168.0;848.0;174.0;848.0;182.0;836.0;190.0;854.0;165.0;867.0;178.0;859.0;184.0;852.0;190.0;882.0;177.0;889.0;186.0;881.0;192.0;868.0;197.0;907.0;188.0;914.0;201.0;904.0;209.0;892.0;211.0;678.0;216.0;651.0;292.0
DO Right;Main Fermée, Bras Fléchi ;900.0;81.0;781.0;404.0;852.0;580.0;850.0;268.0;817.0;214.0;822.0;192.0;832.0;193.0;829.0;168.0;848.0;174.0;848.0;182.0;836.0;190.0;854.0;165.0;867.0;178.0;859.0;184.0;852.0;190.0;882.0;177.0;889.0;186.0;881.0;192.0;868.0;197.0;907.0;188.0;914.0;201.0;904.0;209.0;892.0;211.0;678.0;216.0;651.0;292.0
DO Right;Main Fermée, Bras Fléchi ;908.0;90.0;774.0;413.0;852.0;594.0;841.0;272.0;804.0;202.0;806.0;176.0;822.0;178.0;811.0;157.0;836.0;136.0;844.0;153.0;832.0;162.0;844.0;160.0;857.0;145.0;866.0;161.0;851.0;172.0;875.0;164.0;881.0;158.0;889.0;171.0;881.0;178.0;896.0;173.0;899.0;168.0;899.0;178.0;894.0;186.0;682.0;218.0;650.0;293.0
DO Right;Intermédiaire;906.0;91.0;785.0;410.0;848.0;593.0;840.0;269.0;793.0;198.0;795.0;173.0;821.0;180.0;798.0;156.0;813.0;124.0;818.0;138.0;812.0;153.0;830.0;158.0;842.0;128.0;845.0;140.0;843.0;148.0;856.0;158.0;862.0;139.0;862.0;147.0;862.0;154.0;880.0;168.0;883.0;149.0;876.0;158.0;876.0;162.0;683.0;214.0;651.0;291.0
DO Right;Intermédiaire;899.0;85.0;781.0;406.0;841.0;604.0;834.0;257.0;784.0;192.0;777.0;155.0;790.0;128.0;790.0;156.0;802.0;123.0;822.0;138.0;814.0;150.0;817.0;161.0;832.0;124.0;843.0;136.0;838.0;144.0;852.0;162.0;853.0;133.0;849.0;140.0;848.0;152.0;878.0;170.0;883.0;146.0;877.0;154.0;874.0;162.0;682.0;219.0;650.0;292.0
DO Right;Intermédiaire;900.0;89.0;771.0;406.0;849.0;593.0;818.0;285.0;770.0;214.0;760.0;166.0;762.0;137.0;776.0;187.0;780.0;137.0;792.0;117.0;809.0;120.0;811.0;178.0;816.0;129.0;824.0;115.0;832.0;123.0;844.0;177.0;844.0;137.0;851.0;126.0;853.0;137.0;870.0;190.0;875.0;162.0;873.0;146.0;869.0;138.0;683.0;212.0;650.0;290.0
DO Right;Intermédiaire;914.0;91.0;789.0;411.0;843.0;597.0;803.0;321.0;754.0;233.0;736.0;185.0;737.0;155.0;763.0;208.0;753.0;173.0;758.0;130.0;774.0;113.0;794.0;208.0;793.0;161.0;801.0;128.0;816.0;105.0;824.0;225.0;829.0;178.0;836.0;142.0;842.0;122.0;860.0;234.0;865.0;192.0;866.0;169.0;860.0;157.0;683.0;214.0;650.0;288.0
DO Right;Intermédiaire;906.0;86.0;779.0;404.0;842.0;608.0;800.0;330.0;748.0;260.0;729.0;209.0;729.0;177.0;741.0;219.0;744.0;188.0;753.0;156.0;761.0;129.0;789.0;233.0;786.0;188.0;789.0;147.0;805.0;118.0;819.0;246.0;825.0;204.0;830.0;169.0;835.0;145.0;851.0;253.0;859.0;219.0;864.0;193.0;862.0;176.0;683.0;220.0;652.0;291.0
DO Right;Intermédiaire;901.0;102.0;779.0;408.0;844.0;610.0;787.0;368.0;740.0;306.0;718.0;270.0;708.0;236.0;740.0;286.0;733.0;257.0;732.0;221.0;736.0;187.0;776.0;298.0;776.0;253.0;779.0;216.0;785.0;190.0;814.0;304.0;816.0;274.0;819.0;237.0;825.0;209.0;846.0;321.0;853.0;283.0;857.0;249.0;853.0;227.0;681.0;219.0;650.0;292.0
DO Right;Intermédiaire;904.0;106.0;800.0;444.0;846.0;617.0;785.0;449.0;744.0;370.0;713.0;338.0;686.0;302.0;741.0;368.0;723.0;340.0;722.0;317.0;723.0;292.0;771.0;371.0;768.0;336.0;769.0;300.0;771.0;276.0;804.0;384.0;806.0;345.0;814.0;320.0;814.0;289.0;843.0;389.0;849.0;358.0;851.0;331.0;853.0;308.0;683.0;213.0;648.0;290.0
DO Right;Intermédiaire;913.0;102.0;788.0;406.0;836.0;624.0;787.0;444.0;722.0;397.0;701.0;373.0;682.0;345.0;737.0;400.0;718.0;371.0;720.0;349.0;717.0;323.0;764.0;405.0;764.0;363.0;766.0;332.0;773.0;308.0;805.0;418.0;808.0;381.0;811.0;352.0;811.0;336.0;842.0;428.0;849.0;400.0;852.0;379.0;857.0;356.0;682.0;219.0;650.0;292.0
DO Right;Intermédiaire;907.0;98.0;784.0;414.0;842.0;635.0;788.0;523.0;726.0;451.0;699.0;433.0;680.0;414.0;752.0;490.0;736.0;493.0;721.0;472.0;721.0;448.0;764.0;507.0;766.0;486.0;770.0;462.0;768.0;438.0;804.0;509.0;805.0;490.0;811.0;473.0;809.0;450.0;829.0;513.0;849.0;501.0;854.0;477.0;856.0;452.0;680.0;218.0;646.0;291.0
DO Right;Intermédiaire;908.0;107.0;790.0;412.0;818.0;544.0;793.0;549.0;733.0;522.0;707.0;513.0;683.0;502.0;756.0;569.0;730.0;581.0;725.0;557.0;726.0;534.0;787.0;589.0;771.0;596.0;768.0;579.0;771.0;556.0;810.0;597.0;825.0;613.0;820.0;588.0;822.0;570.0;837.0;592.0;856.0;603.0;860.0;581.0;860.0;558.0;680.0;216.0;646.0;290.0
DO Right;Intermédiaire;904.0;104.0;786.0;406.0;819.0;561.0;796.0;576.0;742.0;566.0;702.0;556.0;680.0;534.0;750.0;603.0;732.0;627.0;729.0;601.0;728.0;574.0;788.0;619.0;769.0;651.0;768.0;627.0;768.0;603.0;810.0;632.0;827.0;650.0;830.0;629.0;827.0;604.0;842.0;627.0;862.0;644.0;867.0;625.0;859.0;601.0;677.0;218.0;648.0;290.0
DO Right;Intermédiaire;905.0;94.0;782.0;406.0;820.0;565.0;808.0;649.0;746.0;642.0;715.0;643.0;680.0;620.0;754.0;675.0;741.0;692.0;733.0;706.0;728.0;722.0;785.0;686.0;781.0;707.0;779.0;726.0;784.0;750.0;810.0;704.0;814.0;720.0;819.0;738.0;827.0;754.0;841.0;700.0;844.0;723.0;854.0;730.0;877.0;742.0;683.0;218.0;648.0;291.0
DO Right;Intermédiaire;910.0;97.0;792.0;409.0;821.0;577.0;809.0;696.0;754.0;704.0;725.0;712.0;686.0;708.0;761.0;755.0;749.0;776.0;740.0;795.0;737.0;819.0;790.0;773.0;786.0;800.0;788.0;818.0;795.0;840.0;821.0;782.0;822.0;809.0;826.0;826.0;835.0;848.0;846.0;777.0;856.0;800.0;867.0;816.0;883.0;828.0;683.0;217.0;648.0;293.0
DO Right;Main Ouverte, Bras Tendu;907.0;96.0;789.0;416.0;819.0;572.0;810.0;723.0;746.0;724.0;720.0;736.0;691.0;737.0;763.0;787.0;749.0;811.0;744.0;832.0;742.0;854.0;794.0;808.0;793.0;830.0;792.0;852.0;801.0;880.0;826.0;813.0;827.0;838.0;832.0;860.0;835.0;883.0;857.0;812.0;865.0;834.0;870.0;846.0;882.0;859.0;681.0;216.0;649.0;294.0
DO Right;Main Ouverte, Bras Tendu;908.0;99.0;788.0;417.0;824.0;585.0;816.0;774.0;748.0;779.0;725.0;795.0;699.0;800.0;765.0;841.0;760.0;866.0;750.0;893.0;748.0;917.0;795.0;860.0;798.0;889.0;801.0;915.0;808.0;945.0;827.0;865.0;829.0;893.0;836.0;914.0;843.0;941.0;858.0;860.0;866.0;886.0;878.0;900.0;888.0;922.0;680.0;216.0;648.0;293.0
DO Right;Main Ouverte, Bras Tendu;907.0;90.0;796.0;425.0;825.0;588.0;824.0;803.0;758.0;808.0;729.0;833.0;700.0;844.0;772.0;881.0;761.0;906.0;756.0;931.0;755.0;954.0;798.0;897.0;801.0;928.0;801.0;954.0;808.0;978.0;834.0;898.0;834.0;930.0;841.0;953.0;845.0;979.0;859.0;897.0;870.0;918.0;881.0;931.0;894.0;955.0;681.0;214.0;646.0;290.0
DO Right;Main Ouverte, Bras Tendu;915.0;98.0;786.0;419.0;816.0;586.0;817.0;816.0;754.0;824.0;726.0;845.0;698.0;858.0;769.0;889.0;762.0;926.0;754.0;952.0;752.0;977.0;801.0;908.0;801.0;944.0;804.0;971.0;811.0;998.0;833.0;914.0;833.0;944.0;837.0;971.0;849.0;990.0;865.0;906.0;874.0;929.0;885.0;946.0;892.0;969.0;681.0;217.0;648.0;292.0
DO Right;Main Ouverte, Bras Tendu;905.0;80.0;782.0;410.0;822.0;594.0;821.0;817.0;757.0;826.0;729.0;856.0;698.0;864.0;771.0;901.0;757.0;932.0;754.0;957.0;753.0;981.0;804.0;917.0;800.0;952.0;801.0;981.0;809.0;1005.0;832.0;914.0;835.0;952.0;838.0;976.0;845.0;1002.0;862.0;914.0;873.0;939.0;883.0;955.0;890.0;971.0;682.0;218.0;645.0;291.0
DO Right;Main Ouverte, Bras Tendu;902.0;108.0;780.0;409.0;828.0;596.0;824.0;801.0;752.0;821.0;724.0;842.0;693.0;849.0;768.0;888.0;757.0;912.0;752.0;937.0;749.0;957.0;802.0;902.0;796.0;936.0;798.0;964.0;810.0;989.0;828.0;905.0;830.0;934.0;837.0;963.0;846.0;982.0;858.0;899.0;875.0;920.0;882.0;939.0;889.0;957.0;683.0;217.0;648.0;290.0
DO Right;Main Ouverte, Bras Tendu;910.0;99.0;786.0;413.0;821.0;594.0;816.0;787.0;747.0;798.0;725.0;824.0;689.0;832.0;769.0;865.0;755.0;897.0;750.0;917.0;748.0;937.0;797.0;884.0;795.0;920.0;801.0;940.0;808.0;968.0;829.0;876.0;832.0;909.0;838.0;938.0;843.0;968.0;861.0;875.0;867.0;905.0;881.0;921.0;890.0;937.0;682.0;219.0;649.0;291.0
DO Right;Main Ouverte, Bras Tendu;916.0;100.0;785.0;410.0;819.0;592.0;820.0;732.0;744.0;766.0;714.0;778.0;690.0;784.0;763.0;826.0;752.0;852.0;746.0;874.0;741.0;890.0;795.0;835.0;793.0;865.0;795.0;889.0;804.0;913.0;827.0;844.0;830.0;866.0;834.0;888.0;840.0;912.0;858.0;836.0;867.0;859.0;878.0;872.0;890.0;892.0;681.0;220.0;648.0;291.0
DO Right;Intermédiaire;902.0;109.0;787.0;420.0;816.0;577.0;812.0;694.0;753.0;704.0;718.0;709.0;690.0;709.0;763.0;753.0;753.0;771.0;749.0;790.0;742.0;811.0;790.0;777.0;790.0;798.0;794.0;816.0;804.0;830.0;826.0;764.0;825.0;795.0;827.0;808.0;835.0;830.0;852.0;769.0;865.0;784.0;877.0;800.0;889.0;817.0;681.0;220.0;649.0;292.0
DO Right;Intermédiaire;912.0;97.0;788.0;414.0;812.0;578.0;811.0;664.0;753.0;669.0;721.0;667.0;689.0;662.0;760.0;708.0;754.0;726.0;752.0;745.0;745.0;763.0;787.0;728.0;788.0;749.0;787.0;768.0;798.0;780.0;827.0;725.0;826.0;748.0;825.0;769.0;838.0;781.0;852.0;734.0;864.0;755.0;870.0;773.0;883.0;770.0;682.0;220.0;650.0;293.0
DO Right;Intermédiaire;904.0;102.0;786.0;413.0;819.0;562.0;816.0;605.0;758.0;594.0;726.0;585.0;705.0;570.0;774.0;632.0;756.0;657.0;741.0;637.0;745.0;620.0;802.0;654.0;803.0;676.0;809.0;650.0;800.0;634.0;825.0;661.0;832.0;676.0;842.0;660.0;837.0;624.0;854.0;670.0;869.0;680.0;881.0;661.0;875.0;634.0;682.0;218.0;648.0;292.0
DO Right;Intermédiaire;905.0;97.0;790.0;410.0;832.0;646.0;813.0;544.0;744.0;505.0;724.0;484.0;706.0;464.0;765.0;544.0;747.0;537.0;748.0;504.0;750.0;476.0;787.0;562.0;793.0;537.0;794.0;515.0;794.0;498.0;827.0;571.0;840.0;549.0;838.0;528.0;835.0;506.0;850.0;578.0;869.0;557.0;873.0;539.0;874.0;521.0;680.0;220.0;648.0;293.0
DO Right;Intermédiaire;914.0;102.0;789.0;408.0;836.0;641.0;806.0;544.0;756.0;462.0;732.0;429.0;710.0;405.0;757.0;499.0;744.0;469.0;746.0;443.0;752.0;414.0;793.0;505.0;790.0;475.0;796.0;448.0;796.0;425.0;830.0;510.0;837.0;476.0;836.0;452.0;832.0;436.0;857.0;528.0;874.0;492.0;882.0;457.0;878.0;430.0;682.0;217.0;649.0;290.0
DO Right;Intermédiaire;907.0;94.0;795.0;436.0;848.0;629.0;803.0;464.0;748.0;396.0;731.0;352.0;723.0;309.0;758.0;397.0;753.0;364.0;753.0;337.0;752.0;315.0;787.0;409.0;788.0;365.0;795.0;333.0;802.0;309.0;824.0;410.0;830.0;378.0;836.0;358.0;840.0;333.0;852.0;434.0;867.0;404.0;874.0;381.0;882.0;354.0;682.0;220.0;650.0;291.0
DO Right;Intermédiaire;902.0;97.0;778.0;403.0;856.0;616.0;806.0;395.0;757.0;339.0;740.0;301.0;724.0;260.0;760.0;324.0;753.0;290.0;749.0;264.0;753.0;227.0;787.0;326.0;789.0;292.0;798.0;256.0;808.0;230.0;824.0;333.0;836.0;302.0;838.0;268.0;846.0;242.0;867.0;349.0;878.0;313.0;881.0;284.0;882.0;266.0;682.0;218.0;651.0;289.0
DO Right;Intermédiaire;907.0;94.0;779.0;408.0;841.0;612.0;813.0;369.0;761.0;314.0;738.0;276.0;723.0;246.0;757.0;292.0;747.0;254.0;753.0;227.0;754.0;198.0;792.0;299.0;797.0;252.0;800.0;221.0;808.0;196.0;827.0;305.0;830.0;269.0;840.0;238.0;849.0;205.0;864.0;320.0;878.0;289.0;882.0;253.0;889.0;228.0;683.0;218.0;650.0;289.0
DO Right;Intermédiaire;910.0;84.0;785.0;405.0;853.0;612.0;821.0;321.0;762.0;257.0;737.0;213.0;728.0;179.0;769.0;229.0;764.0;196.0;761.0;165.0;761.0;131.0;800.0;234.0;800.0;195.0;806.0;157.0;816.0;117.0;834.0;259.0;842.0;217.0;851.0;184.0;851.0;150.0;867.0;261.0;889.0;225.0;891.0;189.0;897.0;170.0;681.0;213.0;651.0;286.0
DO Right;Intermédiaire;910.0;89.0;784.0;403.0;850.0;616.0;824.0;280.0;776.0;222.0;763.0;180.0;750.0;152.0;780.0;203.0;774.0;150.0;770.0;117.0;778.0;93.0;806.0;200.0;808.0;155.0;817.0;109.0;834.0;88.0;840.0;224.0;852.0;177.0;856.0;144.0;865.0;114.0;874.0;221.0;894.0;186.0;897.0;156.0;904.0;137.0;682.0;217.0;649.0;290.0
DO Right;Intermédiaire;908.0;86.0;788.0;411.0;846.0;598.0;827.0;268.0;777.0;205.0;770.0;166.0;762.0;138.0;788.0;181.0;780.0;130.0;780.0;100.0;788.0;82.0;821.0;187.0;817.0;136.0;825.0;101.0;840.0;73.0;850.0;196.0;856.0;152.0;865.0;116.0;873.0;93.0;883.0;208.0;899.0;169.0;901.0;145.0;905.0;124.0;684.0;218.0;649.0;290.0
DO Right;Intermédiaire;906.0;99.0;788.0;404.0;853.0;598.0;837.0;283.0;787.0;196.0;788.0;163.0;778.0;126.0;792.0;168.0;798.0;114.0;801.0;89.0;811.0;61.0;825.0;163.0;832.0;108.0;841.0;84.0;857.0;74.0;857.0;173.0;866.0;125.0;872.0;104.0;874.0;86.0;886.0;187.0;904.0;152.0;907.0;128.0;898.0;118.0;684.0;219.0;651.0;292.0
DO Right;Intermédiaire;912.0;86.0;789.0;408.0;852.0;589.0;840.0;262.0;802.0;186.0;806.0;158.0;842.0;170.0;806.0;149.0;806.0;110.0;819.0;92.0;833.0;100.0;838.0;155.0;845.0;105.0;859.0;105.0;869.0;118.0;868.0;161.0;877.0;113.0;880.0;120.0;877.0;126.0;894.0;169.0;906.0;129.0;906.0;134.0;905.0;150.0;680.0;214.0;649.0;293.0
DO Right;Intermédiaire;916.0;93.0;780.0;410.0;852.0;582.0;857.0;260.0;804.0;187.0;796.0;152.0;801.0;121.0;812.0;137.0;818.0;108.0;833.0;104.0;836.0;115.0;845.0;140.0;852.0;105.0;867.0;113.0;866.0;128.0;874.0;148.0;880.0;114.0;885.0;129.0;883.0;145.0;902.0;160.0;902.0;132.0;897.0;141.0;888.0;150.0;680.0;221.0;648.0;293.0
DO Right;Intermédiaire;905.0;98.0;780.0;411.0;866.0;578.0;861.0;248.0;808.0;188.0;804.0;164.0;808.0;133.0;828.0;147.0;838.0;113.0;844.0;123.0;842.0;136.0;853.0;155.0;866.0;128.0;872.0;134.0;870.0;145.0;875.0;153.0;886.0;140.0;888.0;152.0;880.0;171.0;904.0;169.0;906.0;150.0;906.0;162.0;897.0;170.0;684.0;221.0;651.0;291.0
DO Right;Main Fermée, Bras Fléchi;910.0;96.0;786.0;411.0;865.0;574.0;851.0;257.0;824.0;213.0;821.0;187.0;826.0;153.0;843.0;164.0;853.0;147.0;865.0;157.0;857.0;170.0;860.0;169.0;876.0;161.0;883.0;173.0;869.0;180.0;884.0;178.0;896.0;176.0;893.0;187.0;886.0;196.0;900.0;188.0;914.0;181.0;915.0;194.0;906.0;204.0;681.0;220.0;650.0;293.0
DO Right;Main Fermée, Bras Fléchi;912.0;90.0;793.0;404.0;862.0;564.0;858.0;258.0;819.0;217.0;824.0;184.0;848.0;186.0;837.0;172.0;856.0;156.0;861.0;170.0;857.0;178.0;864.0;177.0;874.0;169.0;880.0;178.0;870.0;192.0;882.0;182.0;892.0;181.0;892.0;189.0;884.0;198.0;905.0;187.0;914.0;190.0;906.0;198.0;896.0;203.0;683.0;219.0;649.0;292.0
DO Right;Main Fermée, Bras Fléchi;910.0;93.0;777.0;409.0;873.0;558.0;859.0;264.0;828.0;230.0;829.0;205.0;849.0;210.0;841.0;178.0;862.0;171.0;865.0;186.0;852.0;195.0;865.0;186.0;875.0;187.0;870.0;197.0;859.0;204.0;889.0;189.0;898.0;192.0;894.0;204.0;883.0;212.0;912.0;196.0;921.0;202.0;909.0;208.0;900.0;214.0;684.0;222.0;649.0;294.0
DO Right;Main Fermée, Bras Fléchi;910.0;93.0;777.0;409.0;873.0;558.0;859.0;264.0;828.0;230.0;829.0;205.0;849.0;210.0;841.0;178.0;862.0;171.0;865.0;186.0;852.0;195.0;865.0;186.0;875.0;187.0;870.0;197.0;859.0;204.0;889.0;189.0;898.0;192.0;894.0;204.0;883.0;212.0;912.0;196.0;921.0;202.0;909.0;208.0;900.0;214.0;684.0;222.0;649.0;294.0
DO Right;Main Fermée, Bras Fléchi;910.0;93.0;777.0;409.0;873.0;558.0;859.0;264.0;828.0;230.0;829.0;205.0;849.0;210.0;841.0;178.0;862.0;171.0;865.0;186.0;852.0;195.0;865.0;186.0;875.0;187.0;870.0;197.0;859.0;204.0;889.0;189.0;898.0;192.0;894.0;204.0;883.0;212.0;912.0;196.0;921.0;202.0;909.0;208.0;900.0;214.0;684.0;222.0;649.0;294.0
DO Right;Main Fermée, Bras Fléchi;906.0;90.0;784.0;404.0;862.0;566.0;861.0;251.0;828.0;210.0;828.0;182.0;859.0;186.0;835.0;171.0;858.0;152.0;865.0;164.0;853.0;178.0;864.0;170.0;882.0;163.0;881.0;172.0;870.0;181.0;890.0;177.0;902.0;171.0;902.0;185.0;883.0;193.0;910.0;189.0;917.0;187.0;915.0;192.0;900.0;197.0;684.0;222.0;649.0;293.0
DO Right;Main Fermée, Bras Fléchi;913.0;94.0;781.0;403.0;861.0;580.0;857.0;237.0;808.0;194.0;813.0;174.0;832.0;177.0;822.0;148.0;850.0;130.0;860.0;148.0;849.0;162.0;852.0;155.0;869.0;141.0;876.0;152.0;867.0;161.0;874.0;160.0;889.0;156.0;890.0;166.0;880.0;170.0;892.0;172.0;905.0;166.0;904.0;176.0;886.0;187.0;684.0;221.0;650.0;292.0
DO Right;Main Fermée, Bras Fléchi;914.0;99.0;781.0;413.0;868.0;576.0;849.0;241.0;812.0;193.0;811.0;171.0;821.0;152.0;812.0;145.0;837.0;122.0;846.0;137.0;843.0;149.0;840.0;155.0;862.0;136.0;862.0;147.0;852.0;158.0;872.0;158.0;889.0;147.0;889.0;157.0;876.0;173.0;896.0;166.0;908.0;164.0;902.0;172.0;896.0;188.0;685.0;222.0;650.0;290.0
DO Right;Intermédiaire;902.0;85.0;773.0;402.0;868.0;577.0;842.0;244.0;796.0;181.0;795.0;144.0;806.0;104.0;808.0;138.0;819.0;102.0;827.0;116.0;822.0;121.0;836.0;136.0;850.0;110.0;852.0;122.0;846.0;128.0;859.0;141.0;874.0;122.0;873.0;132.0;869.0;138.0;882.0;150.0;888.0;133.0;892.0;140.0;892.0;150.0;683.0;218.0;651.0;292.0
DO Right;Intermédiaire;906.0;97.0;781.0;409.0;851.0;582.0;830.0;249.0;787.0;189.0;779.0;153.0;774.0;109.0;792.0;142.0;805.0;100.0;817.0;102.0;821.0;120.0;826.0;139.0;833.0;100.0;844.0;110.0;842.0;118.0;849.0;142.0;865.0;113.0;868.0;124.0;862.0;133.0;886.0;156.0;885.0;131.0;882.0;134.0;881.0;137.0;680.0;222.0;652.0;290.0
DO Right;Intermédiaire;900.0;80.0;782.0;406.0;851.0;580.0;825.0;252.0;780.0;184.0;772.0;142.0;766.0;113.0;788.0;148.0;787.0;108.0;800.0;88.0;813.0;96.0;821.0;146.0;819.0;99.0;838.0;85.0;848.0;105.0;849.0;154.0;853.0;114.0;866.0;105.0;868.0;120.0;878.0;164.0;886.0;137.0;886.0;125.0;884.0;133.0;685.0;217.0;649.0;293.0
DO Right;Intermédiaire;898.0;92.0;780.0;409.0;853.0;584.0;825.0;266.0;770.0;203.0;758.0;165.0;742.0;136.0;772.0;170.0;768.0;134.0;774.0;96.0;788.0;74.0;801.0;173.0;803.0;132.0;817.0;98.0;836.0;80.0;835.0;181.0;843.0;142.0;850.0;118.0;857.0;106.0;866.0;197.0;880.0;164.0;881.0;141.0;876.0;128.0;685.0;218.0;649.0;289.0
DO Right;Intermédiaire;896.0;104.0;785.0;402.0;853.0;608.0;814.0;302.0;762.0;238.0;744.0;192.0;723.0;166.0;761.0;208.0;754.0;174.0;757.0;142.0;762.0;112.0;790.0;217.0;790.0;176.0;797.0;141.0;811.0;110.0;821.0;234.0;832.0;193.0;842.0;158.0;848.0;133.0;860.0;243.0;872.0;214.0;877.0;187.0;878.0;158.0;683.0;214.0;651.0;291.0
DO Right;Intermédiaire;898.0;85.0;784.0;408.0;849.0;589.0;803.0;318.0;747.0;251.0;733.0;213.0;722.0;184.0;761.0;236.0;748.0;201.0;752.0;163.0;753.0;129.0;787.0;242.0;787.0;202.0;792.0;169.0;802.0;136.0;820.0;258.0;830.0;220.0;834.0;192.0;843.0;163.0;858.0;272.0;864.0;244.0;876.0;218.0;880.0;194.0;682.0;214.0;652.0;285.0
DO Right;Intermédiaire;904.0;90.0;782.0;397.0;850.0;612.0;796.0;381.0;746.0;326.0;724.0;285.0;715.0;259.0;754.0;306.0;742.0;283.0;741.0;252.0;740.0;222.0;786.0;320.0;782.0;292.0;780.0;250.0;786.0;221.0;818.0;339.0;826.0;299.0;830.0;266.0;832.0;236.0;857.0;339.0;866.0;312.0;870.0;282.0;877.0;250.0;683.0;217.0;651.0;289.0
DO Right;Intermédiaire;898.0;105.0;781.0;426.0;852.0;605.0;801.0;425.0;739.0;369.0;722.0;334.0;690.0;322.0;754.0;386.0;741.0;362.0;739.0;342.0;736.0;316.0;788.0;397.0;785.0;356.0;780.0;326.0;786.0;300.0;814.0;412.0;819.0;374.0;822.0;353.0;835.0;329.0;859.0;417.0;866.0;392.0;866.0;363.0;875.0;345.0;682.0;218.0;649.0;288.0
DO Right;Intermédiaire;906.0;99.0;782.0;394.0;854.0;618.0;805.0;468.0;745.0;410.0;720.0;390.0;689.0;364.0;745.0;412.0;736.0;390.0;737.0;360.0;739.0;339.0;786.0;437.0;788.0;414.0;788.0;384.0;788.0;364.0;827.0;442.0;829.0;420.0;830.0;397.0;833.0;377.0;859.0;457.0;870.0;433.0;873.0;406.0;873.0;387.0;683.0;220.0;650.0;292.0
DO Right;Intermédiaire;904.0;113.0;787.0;417.0;838.0;617.0;819.0;507.0;750.0;475.0;728.0;464.0;700.0;445.0;766.0;509.0;747.0;489.0;749.0;473.0;747.0;459.0;802.0;526.0;806.0;505.0;802.0;481.0;798.0;460.0;840.0;529.0;845.0;512.0;845.0;496.0;845.0;474.0;862.0;531.0;882.0;518.0;890.0;501.0;885.0;481.0;684.0;221.0;650.0;289.0
DO Right;Intermédiaire;906.0;112.0;787.0;404.0;824.0;545.0;806.0;570.0;762.0;556.0;734.0;540.0;710.0;517.0;788.0;601.0;768.0;606.0;763.0;589.0;764.0;568.0;821.0;612.0;819.0;626.0;821.0;602.0;819.0;572.0;842.0;621.0;852.0;645.0;862.0;624.0;857.0;603.0;865.0;625.0;891.0;635.0;905.0;612.0;896.0;594.0;682.0;220.0;650.0;291.0
DO Right;Intermédiaire;905.0;94.0;794.0;408.0;826.0;555.0;821.0;594.0;778.0;584.0;747.0;577.0;715.0;562.0;786.0;627.0;773.0;657.0;765.0;636.0;762.0;619.0;806.0;659.0;810.0;676.0;826.0;662.0;828.0;634.0;844.0;661.0;848.0;688.0;866.0;668.0;861.0;649.0;875.0;660.0;885.0;681.0;913.0;666.0;905.0;630.0;683.0;221.0;651.0;291.0
DO Right;Intermédiaire;899.0;109.0;777.0;412.0;830.0;555.0;828.0;638.0;785.0;653.0;746.0;652.0;720.0;643.0;789.0;693.0;781.0;709.0;778.0;722.0;776.0;745.0;817.0;717.0;817.0;736.0;820.0;760.0;825.0;770.0;850.0;723.0;852.0;738.0;854.0;757.0;866.0;773.0;872.0;736.0;889.0;749.0;912.0;762.0;912.0;728.0;682.0;217.0;649.0;297.0
DO Right;Intermédiaire;901.0;104.0;786.0;417.0;822.0;580.0;830.0;715.0;784.0;712.0;758.0;721.0;723.0;718.0;792.0;765.0;785.0;788.0;780.0;805.0;785.0;826.0;828.0;778.0;828.0;811.0;828.0;836.0;845.0;843.0;854.0;797.0;858.0;821.0;868.0;838.0;881.0;858.0;888.0;784.0;891.0;805.0;910.0;820.0;930.0;829.0;681.0;219.0;654.0;290.0
DO Right;Main Ouverte, Bras Tendu;898.0;101.0;784.0;410.0;825.0;581.0;836.0;731.0;778.0;733.0;758.0;754.0;726.0;750.0;801.0;801.0;790.0;822.0;784.0;844.0;789.0;864.0;826.0;813.0;826.0;838.0;829.0;856.0;842.0;873.0;853.0;814.0;858.0;844.0;870.0;864.0;882.0;881.0;888.0;825.0;898.0;841.0;910.0;851.0;926.0;860.0;683.0;218.0;650.0;289.0
DO Right;Main Ouverte, Bras Tendu;909.0;94.0;774.0;421.0;830.0;579.0;840.0;766.0;774.0;777.0;762.0;792.0;729.0;798.0;802.0;843.0;798.0;866.0;794.0;886.0;801.0;907.0;833.0;853.0;828.0;892.0;838.0;908.0;856.0;924.0;864.0;859.0;866.0;890.0;875.0;905.0;885.0;923.0;892.0;852.0;899.0;874.0;912.0;889.0;929.0;899.0;681.0;220.0;646.0;291.0
DO Right;Main Ouverte, Bras Tendu;909.0;92.0;790.0;411.0;829.0;582.0;843.0;792.0;780.0;797.0;758.0;820.0;734.0;822.0;802.0;869.0;795.0;898.0;796.0;916.0;794.0;933.0;833.0;883.0;832.0;915.0;844.0;932.0;858.0;954.0;866.0;886.0;868.0;920.0;877.0;934.0;892.0;953.0;894.0;880.0;904.0;901.0;917.0;913.0;930.0;925.0;683.0;219.0;646.0;291.0
DO Right;Main Ouverte, Bras Tendu;909.0;92.0;790.0;411.0;829.0;582.0;843.0;792.0;780.0;797.0;758.0;820.0;734.0;822.0;802.0;869.0;795.0;898.0;796.0;916.0;794.0;933.0;833.0;883.0;832.0;915.0;844.0;932.0;858.0;954.0;866.0;886.0;868.0;920.0;877.0;934.0;892.0;953.0;894.0;880.0;904.0;901.0;917.0;913.0;930.0;925.0;683.0;219.0;646.0;291.0
DO Right;Main Ouverte, Bras Tendu;909.0;92.0;790.0;411.0;829.0;582.0;843.0;792.0;780.0;797.0;758.0;820.0;734.0;822.0;802.0;869.0;795.0;898.0;796.0;916.0;794.0;933.0;833.0;883.0;832.0;915.0;844.0;932.0;858.0;954.0;866.0;886.0;868.0;920.0;877.0;934.0;892.0;953.0;894.0;880.0;904.0;901.0;917.0;913.0;930.0;925.0;683.0;219.0;646.0;291.0
DO Right;Main Ouverte, Bras Tendu;905.0;84.0;774.0;402.0;833.0;595.0;837.0;776.0;769.0;786.0;748.0;806.0;720.0;814.0;790.0;851.0;788.0;882.0;787.0;899.0;789.0;914.0;828.0;864.0;830.0;891.0;834.0;918.0;844.0;932.0;856.0;867.0;862.0;896.0;876.0;920.0;884.0;929.0;884.0;862.0;893.0;878.0;909.0;890.0;924.0;901.0;681.0;216.0;650.0;289.0
DO Right;Main Ouverte, Bras Tendu;902.0;86.0;782.0;404.0;830.0;590.0;842.0;755.0;780.0;764.0;750.0;781.0;717.0;789.0;792.0;829.0;784.0;853.0;781.0;873.0;787.0;892.0;828.0;846.0;822.0;882.0;830.0;898.0;844.0;909.0;854.0;852.0;861.0;875.0;865.0;890.0;878.0;909.0;889.0;845.0;899.0;864.0;909.0;874.0;920.0;883.0;681.0;219.0;650.0;291.0
DO Right;Main Ouverte, Bras Tendu;904.0;92.0;781.0;409.0;825.0;584.0;825.0;721.0;764.0;729.0;733.0;745.0;705.0;744.0;785.0;780.0;782.0;809.0;779.0;827.0;781.0;848.0;819.0;796.0;821.0;820.0;821.0;838.0;834.0;851.0;852.0;808.0;856.0;825.0;862.0;844.0;874.0;852.0;874.0;793.0;892.0;816.0;905.0;826.0;921.0;836.0;682.0;216.0;645.0;288.0
DO Right;Intermédiaire;904.0;99.0;798.0;412.0;827.0;568.0;824.0;668.0;769.0;678.0;732.0;674.0;694.0;676.0;779.0;715.0;778.0;730.0;772.0;749.0;774.0;763.0;812.0;730.0;816.0;746.0;814.0;769.0;826.0;779.0;846.0;726.0;853.0;747.0;853.0;766.0;869.0;779.0;872.0;725.0;883.0;747.0;894.0;762.0;916.0;762.0;680.0;217.0;650.0;290.0
DO Right;Intermédiaire;902.0;90.0;787.0;408.0;832.0;566.0;818.0;640.0;763.0;641.0;734.0;645.0;698.0;638.0;772.0;692.0;769.0;713.0;780.0;705.0;781.0;688.0;817.0;693.0;816.0;734.0;826.0;716.0;830.0;686.0;851.0;707.0;856.0;733.0;875.0;726.0;870.0;698.0;881.0;699.0;891.0;717.0;910.0;713.0;908.0;685.0;684.0;219.0;650.0;291.0
DO Right;Intermédiaire;901.0;93.0;786.0;409.0;834.0;587.0;805.0;579.0;754.0;573.0;715.0;554.0;717.0;518.0;785.0;608.0;765.0;620.0;762.0;598.0;768.0;558.0;804.0;616.0;825.0;635.0;827.0;613.0;824.0;585.0;842.0;619.0;857.0;645.0;862.0;621.0;859.0;588.0;869.0;616.0;886.0;641.0;899.0;618.0;902.0;586.0;684.0;217.0;649.0;290.0
DO Right;Intermédiaire;913.0;101.0;785.0;416.0;842.0;640.0;818.0;558.0;765.0;513.0;745.0;474.0;732.0;434.0;773.0;508.0;777.0;477.0;777.0;454.0;776.0;434.0;818.0;524.0;822.0;497.0;827.0;472.0;827.0;448.0;850.0;533.0;862.0;506.0;866.0;490.0;866.0;469.0;867.0;548.0;890.0;524.0;906.0;501.0;907.0;472.0;681.0;219.0;648.0;289.0
DO Right;Intermédiaire;914.0;108.0;792.0;409.0;843.0;630.0;819.0;504.0;756.0;449.0;752.0;412.0;736.0;378.0;779.0;459.0;778.0;432.0;776.0;408.0;776.0;379.0;812.0;474.0;819.0;438.0;825.0;414.0;834.0;394.0;843.0;491.0;858.0;458.0;862.0;429.0;866.0;410.0;869.0;491.0;886.0;467.0;905.0;452.0;901.0;430.0;681.0;216.0;649.0;292.0
DO Right;Intermédiaire;905.0;86.0;796.0;413.0;853.0;621.0;810.0;427.0;763.0;372.0;753.0;333.0;738.0;304.0;779.0;370.0;773.0;337.0;781.0;309.0;787.0;277.0;811.0;384.0;813.0;348.0;829.0;320.0;838.0;293.0;853.0;394.0;856.0;362.0;868.0;336.0;875.0;309.0;874.0;408.0;897.0;386.0;909.0;358.0;908.0;333.0;682.0;217.0;649.0;290.0
DO Right;Intermédiaire;902.0;99.0;782.0;406.0;850.0;609.0;810.0;370.0;771.0;302.0;761.0;262.0;756.0;229.0;779.0;290.0;777.0;262.0;779.0;227.0;785.0;196.0;813.0;307.0;811.0;272.0;825.0;240.0;837.0;209.0;848.0;317.0;851.0;286.0;864.0;259.0;876.0;232.0;873.0;338.0;886.0;309.0;905.0;278.0;912.0;254.0;681.0;216.0;649.0;291.0
DO Right;Intermédiaire;907.0;97.0;793.0;411.0;853.0;614.0;814.0;370.0;765.0;284.0;758.0;246.0;757.0;212.0;777.0;259.0;777.0;229.0;782.0;198.0;788.0;170.0;812.0;274.0;813.0;237.0;828.0;197.0;837.0;174.0;844.0;288.0;854.0;260.0;866.0;226.0;874.0;190.0;876.0;313.0;892.0;276.0;904.0;249.0;910.0;218.0;682.0;218.0;650.0;285.0
DO Right;Intermédiaire;900.0;100.0;780.0;413.0;845.0;608.0;811.0;353.0;773.0;242.0;763.0;196.0;763.0;160.0;778.0;217.0;780.0;173.0;792.0;134.0;795.0;108.0;816.0;228.0;817.0;184.0;833.0;142.0;846.0;117.0;841.0;237.0;851.0;197.0;864.0;168.0;870.0;147.0;873.0;259.0;883.0;225.0;897.0;197.0;907.0;179.0;682.0;216.0;652.0;293.0
DO Right;Intermédiaire;912.0;92.0;778.0;412.0;848.0;618.0;822.0;305.0;774.0;212.0;771.0;173.0;774.0;144.0;785.0;190.0;786.0;141.0;794.0;102.0;805.0;83.0;814.0;193.0;819.0;140.0;833.0;108.0;851.0;84.0;846.0;208.0;852.0;157.0;865.0;130.0;877.0;108.0;877.0;221.0;896.0;179.0;899.0;156.0;910.0;142.0;684.0;214.0;649.0;289.0
DO Right;Intermédiaire;909.0;93.0;790.0;411.0;861.0;601.0;828.0;290.0;785.0;208.0;781.0;173.0;797.0;140.0;786.0;178.0;787.0;126.0;801.0;93.0;812.0;76.0;820.0;178.0;824.0;128.0;834.0;100.0;851.0;77.0;845.0;176.0;856.0;144.0;867.0;120.0;878.0;98.0;880.0;205.0;898.0;162.0;902.0;139.0;902.0;124.0;684.0;216.0;651.0;288.0
DO Right;Intermédiaire;917.0;93.0;790.0;405.0;856.0;595.0;829.0;277.0;784.0;206.0;795.0;173.0;819.0;155.0;792.0;158.0;788.0;115.0;811.0;96.0;819.0;88.0;818.0;147.0;830.0;110.0;845.0;91.0;854.0;100.0;849.0;165.0;859.0;125.0;868.0;109.0;873.0;122.0;878.0;179.0;890.0;142.0;892.0;129.0;891.0;137.0;684.0;216.0;649.0;290.0
DO Right;Intermédiaire;909.0;92.0;781.0;406.0;854.0;587.0;830.0;259.0;794.0;194.0;809.0;169.0;825.0;158.0;800.0;141.0;811.0;109.0;820.0;122.0;818.0;133.0;829.0;148.0;834.0;101.0;846.0;117.0;848.0;132.0;854.0;152.0;865.0;116.0;874.0;130.0;873.0;144.0;882.0;155.0;891.0;134.0;888.0;142.0;886.0;148.0;686.0;213.0;649.0;292.0
DO Right;Intermédiaire;899.0;88.0;788.0;411.0;848.0;588.0;830.0;251.0;795.0;197.0;812.0;166.0;841.0;154.0;803.0;148.0;818.0;115.0;832.0;125.0;828.0;136.0;830.0;146.0;849.0;110.0;856.0;122.0;854.0;131.0;862.0;157.0;866.0;122.0;876.0;137.0;873.0;149.0;880.0;166.0;896.0;134.0;890.0;142.0;884.0;149.0;684.0;221.0;650.0;292.0
DO Right;Intermédiaire;900.0;96.0;780.0;401.0;858.0;594.0;841.0;254.0;801.0;204.0;813.0;176.0;828.0;174.0;818.0;163.0;833.0;138.0;837.0;145.0;834.0;162.0;838.0;162.0;856.0;134.0;864.0;148.0;859.0;163.0;869.0;165.0;880.0;144.0;884.0;155.0;882.0;169.0;886.0;173.0;901.0;157.0;896.0;170.0;893.0;181.0;681.0;219.0;644.0;290.0
DO Right;Main Fermée, Bras Fléchi;900.0;86.0;773.0;405.0;862.0;574.0;849.0;251.0;813.0;217.0;816.0;192.0;844.0;190.0;825.0;174.0;840.0;161.0;852.0;173.0;848.0;188.0;842.0;169.0;862.0;168.0;862.0;180.0;856.0;192.0;874.0;177.0;881.0;188.0;875.0;196.0;862.0;206.0;893.0;185.0;901.0;192.0;896.0;201.0;885.0;213.0;684.0;218.0;648.0;293.0
DO Right;Main Fermée, Bras Fléchi;912.0;93.0;779.0;412.0;858.0;571.0;846.0;264.0;813.0;222.0;832.0;203.0;858.0;205.0;822.0;178.0;842.0;181.0;836.0;189.0;828.0;198.0;852.0;168.0;861.0;179.0;858.0;186.0;853.0;194.0;872.0;181.0;882.0;187.0;873.0;193.0;868.0;196.0;900.0;184.0;906.0;189.0;901.0;197.0;893.0;197.0;685.0;219.0;650.0;292.0
DO Right;Main Fermée, Bras Fléchi;912.0;93.0;779.0;412.0;858.0;571.0;846.0;264.0;813.0;222.0;832.0;203.0;858.0;205.0;822.0;178.0;842.0;181.0;836.0;189.0;828.0;198.0;852.0;168.0;861.0;179.0;858.0;186.0;853.0;194.0;872.0;181.0;882.0;187.0;873.0;193.0;868.0;196.0;900.0;184.0;906.0;189.0;901.0;197.0;893.0;197.0;685.0;219.0;650.0;292.0
DO Right;Main Fermée, Bras Fléchi;912.0;93.0;779.0;412.0;858.0;571.0;846.0;264.0;813.0;222.0;832.0;203.0;858.0;205.0;822.0;178.0;842.0;181.0;836.0;189.0;828.0;198.0;852.0;168.0;861.0;179.0;858.0;186.0;853.0;194.0;872.0;181.0;882.0;187.0;873.0;193.0;868.0;196.0;900.0;184.0;906.0;189.0;901.0;197.0;893.0;197.0;685.0;219.0;650.0;292.0
DO Right;Main Fermée, Bras Fléchi;912.0;93.0;779.0;412.0;858.0;571.0;846.0;264.0;813.0;222.0;832.0;203.0;858.0;205.0;822.0;178.0;842.0;181.0;836.0;189.0;828.0;198.0;852.0;168.0;861.0;179.0;858.0;186.0;853.0;194.0;872.0;181.0;882.0;187.0;873.0;193.0;868.0;196.0;900.0;184.0;906.0;189.0;901.0;197.0;893.0;197.0;685.0;219.0;650.0;292.0
DO Right;Main Fermée, Bras Fléchi;893.0;78.0;782.0;397.0;868.0;573.0;859.0;252.0;813.0;209.0;825.0;184.0;848.0;193.0;825.0;157.0;837.0;164.0;834.0;172.0;828.0;180.0;846.0;155.0;856.0;166.0;851.0;172.0;845.0;179.0;875.0;165.0;881.0;172.0;874.0;181.0;868.0;189.0;898.0;179.0;901.0;189.0;896.0;194.0;892.0;197.0;685.0;217.0;649.0;291.0
DO Right;Main Fermée, Bras Fléchi;900.0;84.0;780.0;398.0;858.0;568.0;844.0;242.0;806.0;196.0;813.0;171.0;832.0;172.0;819.0;147.0;836.0;139.0;840.0;152.0;829.0;169.0;840.0;154.0;857.0;148.0;859.0;163.0;848.0;172.0;865.0;158.0;884.0;152.0;883.0;163.0;872.0;166.0;891.0;165.0;897.0;163.0;894.0;171.0;885.0;179.0;683.0;214.0;652.0;293.0
DO Right;Intermédiaire;902.0;90.0;772.0;405.0;852.0;568.0;841.0;265.0;801.0;182.0;798.0;163.0;813.0;141.0;814.0;154.0;827.0;129.0;836.0;140.0;826.0;153.0;840.0;149.0;852.0;133.0;858.0;146.0;849.0;161.0;861.0;158.0;873.0;147.0;875.0;156.0;869.0;165.0;890.0;165.0;892.0;161.0;894.0;165.0;891.0;176.0;683.0;219.0;650.0;291.0
DO Right;Intermédiaire;910.0;90.0;784.0;405.0;857.0;584.0;838.0;265.0;795.0;192.0;794.0;163.0;790.0;136.0;800.0;138.0;814.0;113.0;824.0;121.0;824.0;130.0;829.0;140.0;842.0;113.0;850.0;126.0;845.0;140.0;853.0;149.0;870.0;126.0;870.0;136.0;868.0;146.0;881.0;156.0;886.0;142.0;891.0;152.0;888.0;166.0;682.0;218.0;651.0;291.0
DO Right;Intermédiaire;907.0;91.0;789.0;405.0;843.0;581.0;829.0;264.0;776.0;188.0;768.0;149.0;776.0;114.0;786.0;152.0;795.0;106.0;811.0;120.0;811.0;137.0;820.0;155.0;827.0;109.0;829.0;117.0;829.0;125.0;849.0;157.0;856.0;115.0;853.0;129.0;852.0;144.0;874.0;165.0;878.0;132.0;877.0;140.0;873.0;147.0;682.0;218.0;649.0;291.0
DO Right;Intermédiaire;910.0;92.0;781.0;405.0;845.0;576.0;828.0;258.0;768.0;206.0;760.0;150.0;762.0;121.0;778.0;161.0;779.0;115.0;790.0;102.0;803.0;104.0;812.0;165.0;819.0;113.0;829.0;104.0;836.0;114.0;840.0;161.0;846.0;124.0;851.0;118.0;851.0;125.0;867.0;171.0;872.0;131.0;875.0;137.0;874.0;140.0;684.0;214.0;650.0;290.0
DO Right;Intermédiaire;914.0;97.0;784.0;408.0;849.0;580.0;812.0;282.0;756.0;219.0;750.0;181.0;742.0;141.0;768.0;192.0;758.0;141.0;770.0;107.0;782.0;89.0;798.0;186.0;797.0;140.0;811.0;109.0;826.0;92.0;832.0;193.0;833.0;155.0;838.0;131.0;849.0;109.0;860.0;202.0;867.0;171.0;868.0;152.0;868.0;138.0;683.0;216.0;649.0;289.0
DO Right;Intermédiaire;916.0;101.0;777.0;417.0;838.0;595.0;806.0;330.0;755.0;259.0;731.0;218.0;725.0;185.0;739.0;217.0;740.0;182.0;741.0;149.0;752.0;120.0;781.0;229.0;786.0;184.0;790.0;150.0;804.0;117.0;819.0;234.0;827.0;196.0;833.0;169.0;836.0;142.0;858.0;243.0;864.0;205.0;864.0;182.0;866.0;162.0;682.0;219.0;649.0;288.0
DO Right;Intermédiaire;920.0;99.0;785.0;413.0;844.0;605.0;806.0;350.0;753.0;299.0;730.0;250.0;710.0;202.0;736.0;235.0;733.0;213.0;738.0;178.0;738.0;147.0;780.0;248.0;776.0;220.0;788.0;187.0;793.0;150.0;814.0;268.0;832.0;220.0;827.0;196.0;832.0;163.0;857.0;283.0;861.0;243.0;864.0;217.0;865.0;188.0;682.0;214.0;650.0;285.0
DO Right;Intermédiaire;915.0;94.0;789.0;410.0;840.0;609.0;800.0;395.0;750.0;344.0;738.0;316.0;749.0;280.0;748.0;323.0;736.0;296.0;734.0;265.0;731.0;242.0;773.0;325.0;766.0;286.0;776.0;253.0;784.0;225.0;810.0;336.0;822.0;297.0;822.0;269.0;825.0;241.0;844.0;336.0;857.0;309.0;861.0;278.0;864.0;251.0;682.0;217.0;650.0;289.0
DO Right;Intermédiaire;909.0;109.0;788.0;416.0;835.0;606.0;787.0;446.0;736.0;396.0;710.0;352.0;689.0;323.0;733.0;386.0;726.0;363.0;725.0;333.0;726.0;302.0;769.0;394.0;773.0;352.0;779.0;318.0;776.0;297.0;810.0;412.0;816.0;374.0;822.0;346.0;816.0;316.0;849.0;413.0;860.0;390.0;861.0;364.0;864.0;340.0;682.0;220.0;649.0;290.0
DO Right;Intermédiaire;908.0;113.0;789.0;409.0;846.0;612.0;786.0;502.0;726.0;432.0;705.0;395.0;685.0;363.0;729.0;425.0;721.0;395.0;726.0;370.0;721.0;348.0;769.0;438.0;772.0;398.0;772.0;377.0;774.0;356.0;818.0;444.0;820.0;406.0;820.0;386.0;818.0;364.0;848.0;448.0;857.0;417.0;867.0;400.0;858.0;381.0;682.0;218.0;650.0;288.0
DO Right;Intermédiaire;907.0;109.0;785.0;414.0;842.0;628.0;782.0;497.0;738.0;476.0;713.0;458.0;683.0;434.0;769.0;513.0;746.0;522.0;733.0;500.0;728.0;472.0;790.0;507.0;781.0;521.0;778.0;506.0;786.0;474.0;812.0;524.0;818.0;544.0;822.0;517.0;826.0;482.0;844.0;531.0;858.0;539.0;868.0;515.0;872.0;486.0;684.0;218.0;649.0;290.0
DO Right;Intermédiaire;908.0;99.0;788.0;412.0;824.0;553.0;801.0;568.0;749.0;552.0;722.0;541.0;700.0;525.0;765.0;592.0;742.0;621.0;737.0;596.0;737.0;571.0;798.0;603.0;784.0;627.0;787.0;610.0;790.0;580.0;827.0;616.0;840.0;641.0;849.0;618.0;842.0;592.0;859.0;608.0;873.0;626.0;882.0;608.0;880.0;588.0;684.0;219.0;649.0;291.0
DO Right;Intermédiaire;905.0;106.0;787.0;417.0;822.0;534.0;812.0;598.0;760.0;590.0;730.0;590.0;694.0;570.0;772.0;624.0;758.0;654.0;744.0;648.0;737.0;626.0;789.0;650.0;789.0;676.0;800.0;673.0;802.0;657.0;821.0;656.0;825.0;681.0;836.0;699.0;846.0;691.0;852.0;651.0;862.0;672.0;872.0;681.0;890.0;680.0;682.0;220.0;650.0;291.0
DO Right;Intermédiaire;914.0;100.0;789.0;410.0;827.0;562.0;818.0;668.0;768.0;662.0;730.0;659.0;698.0;644.0;769.0;704.0;763.0;724.0;763.0;740.0;763.0;758.0;803.0;715.0;803.0;739.0;805.0;763.0;817.0;788.0;832.0;729.0;836.0;753.0;844.0;772.0;853.0;793.0;864.0;741.0;874.0;757.0;886.0;772.0;905.0;781.0;683.0;220.0;648.0;291.0
DO Right;Main Ouverte, Bras Tendu;899.0;86.0;784.0;405.0;827.0;569.0;824.0;722.0;789.0;721.0;749.0;726.0;722.0;730.0;782.0;781.0;774.0;803.0;777.0;825.0;776.0;850.0;819.0;795.0;819.0;819.0;817.0;846.0;828.0;866.0;849.0;803.0;851.0;827.0;859.0;852.0;866.0;880.0;877.0;809.0;889.0;829.0;898.0;844.0;913.0;854.0;681.0;217.0;649.0;291.0
DO Right;Main Ouverte, Bras Tendu;907.0;89.0;788.0;404.0;829.0;576.0;835.0;752.0;782.0;753.0;756.0;765.0;728.0;773.0;789.0;819.0;784.0;838.0;779.0;862.0;781.0;889.0;820.0;834.0;820.0;857.0;826.0;883.0;835.0;910.0;853.0;843.0;857.0;872.0;860.0;889.0;874.0;913.0;876.0;842.0;888.0;865.0;904.0;877.0;912.0;891.0;682.0;214.0;646.0;290.0
DO Right;Main Ouverte, Bras Tendu;913.0;100.0;789.0;411.0;841.0;590.0;832.0;790.0;772.0;800.0;754.0;821.0;729.0;827.0;798.0;869.0;787.0;897.0;786.0;923.0;793.0;944.0;832.0;885.0;828.0;917.0;832.0;940.0;848.0;956.0;857.0;891.0;864.0;923.0;872.0;944.0;884.0;963.0;888.0;889.0;900.0;905.0;913.0;924.0;921.0;933.0;682.0;220.0;650.0;289.0
DO Right;Main Ouverte, Bras Tendu;909.0;96.0;787.0;412.0;837.0;580.0;838.0;803.0;794.0;819.0;766.0;837.0;737.0;853.0;801.0;893.0;795.0;925.0;793.0;945.0;796.0;969.0;834.0;912.0;835.0;940.0;843.0;963.0;856.0;992.0;865.0;915.0;870.0;944.0;876.0;964.0;885.0;984.0;893.0;905.0;904.0;925.0;917.0;940.0;928.0;958.0;681.0;219.0;649.0;289.0
DO Right;Main Ouverte, Bras Tendu;909.0;96.0;787.0;412.0;837.0;580.0;838.0;803.0;794.0;819.0;766.0;837.0;737.0;853.0;801.0;893.0;795.0;925.0;793.0;945.0;796.0;969.0;834.0;912.0;835.0;940.0;843.0;963.0;856.0;992.0;865.0;915.0;870.0;944.0;876.0;964.0;885.0;984.0;893.0;905.0;904.0;925.0;917.0;940.0;928.0;958.0;681.0;219.0;649.0;289.0
DO Right;Main Ouverte, Bras Tendu;909.0;96.0;787.0;412.0;837.0;580.0;838.0;803.0;794.0;819.0;766.0;837.0;737.0;853.0;801.0;893.0;795.0;925.0;793.0;945.0;796.0;969.0;834.0;912.0;835.0;940.0;843.0;963.0;856.0;992.0;865.0;915.0;870.0;944.0;876.0;964.0;885.0;984.0;893.0;905.0;904.0;925.0;917.0;940.0;928.0;958.0;681.0;219.0;649.0;289.0
DO Right;Main Ouverte, Bras Tendu;901.0;93.0;779.0;413.0;841.0;596.0;845.0;788.0;780.0;803.0;752.0;822.0;728.0;827.0;803.0;867.0;796.0;893.0;794.0;915.0;795.0;934.0;834.0;882.0;836.0;906.0;841.0;934.0;854.0;957.0;865.0;885.0;868.0;908.0;874.0;930.0;889.0;955.0;897.0;878.0;905.0;900.0;917.0;914.0;928.0;921.0;681.0;217.0;648.0;290.0
DO Right;Main Ouverte, Bras Tendu;908.0;96.0;788.0;414.0;838.0;588.0;848.0;766.0;784.0;778.0;756.0;805.0;726.0;803.0;801.0;841.0;794.0;866.0;792.0;886.0;790.0;909.0;835.0;858.0;836.0;888.0;838.0;907.0;852.0;932.0;866.0;861.0;869.0;886.0;880.0;907.0;889.0;928.0;894.0;864.0;909.0;881.0;921.0;892.0;931.0;908.0;681.0;218.0;649.0;289.0
DO Right;Main Ouverte, Bras Tendu;910.0;99.0;786.0;413.0;834.0;589.0;838.0;722.0;789.0;732.0;760.0;747.0;724.0;744.0;803.0;781.0;793.0;802.0;790.0;825.0;788.0;850.0;832.0;804.0;832.0;820.0;832.0;842.0;845.0;862.0;866.0;802.0;868.0;822.0;873.0;841.0;883.0;858.0;894.0;804.0;908.0;824.0;920.0;835.0;932.0;846.0;681.0;220.0;646.0;291.0
DO Right;Intermédiaire;908.0;98.0;779.0;411.0;833.0;578.0;838.0;660.0;779.0;662.0;748.0;670.0;718.0;666.0;793.0;705.0;788.0;730.0;787.0;748.0;788.0;744.0;828.0;725.0;830.0;749.0;830.0;770.0;840.0;762.0;856.0;729.0;857.0;750.0;866.0;769.0;885.0;774.0;886.0;736.0;896.0;746.0;907.0;757.0;921.0;755.0;678.0;214.0;648.0;291.0
DO Right;Intermédiaire;909.0;93.0;779.0;400.0;834.0;563.0;843.0;630.0;778.0;625.0;749.0;627.0;717.0;621.0;800.0;674.0;792.0;691.0;786.0;704.0;774.0;696.0;816.0;696.0;820.0;714.0;832.0;702.0;838.0;685.0;850.0;692.0;860.0;716.0;876.0;710.0;876.0;691.0;894.0;690.0;905.0;706.0;923.0;701.0;922.0;684.0;682.0;220.0;650.0;296.0
DO Right;Intermédiaire;916.0;128.0;779.0;413.0;849.0;642.0;812.0;565.0;771.0;545.0;747.0;531.0;720.0;518.0;801.0;589.0;790.0;614.0;781.0;586.0;776.0;554.0;816.0;589.0;826.0;617.0;836.0;595.0;836.0;558.0;850.0;604.0;861.0;621.0;875.0;597.0;873.0;569.0;885.0;612.0;913.0;597.0;916.0;571.0;915.0;550.0;683.0;217.0;648.0;289.0
DO Right;Intermédiaire;914.0;109.0;784.0;412.0;854.0;636.0;834.0;520.0;771.0;465.0;744.0;444.0;728.0;422.0;794.0;497.0;781.0;472.0;780.0;445.0;782.0;427.0;822.0;500.0;827.0;465.0;837.0;436.0;843.0;417.0;869.0;508.0;865.0;476.0;868.0;457.0;870.0;438.0;889.0;506.0;905.0;494.0;917.0;470.0;913.0;445.0;680.0;221.0;649.0;288.0
DO Right;Intermédiaire;904.0;108.0;793.0;406.0;858.0;628.0;830.0;434.0;764.0;417.0;750.0;398.0;736.0;364.0;801.0;451.0;784.0;425.0;786.0;395.0;782.0;360.0;821.0;453.0;825.0;422.0;834.0;397.0;836.0;376.0;860.0;465.0;870.0;433.0;876.0;408.0;874.0;385.0;885.0;472.0;910.0;442.0;912.0;413.0;912.0;397.0;682.0;218.0;646.0;290.0
DO Right;Intermédiaire;908.0;107.0;787.0;406.0;853.0;622.0;834.0;425.0;774.0;372.0;765.0;337.0;746.0;308.0;790.0;361.0;790.0;336.0;789.0;312.0;793.0;283.0;824.0;387.0;826.0;339.0;842.0;305.0;844.0;276.0;861.0;386.0;862.0;354.0;876.0;318.0;884.0;291.0;894.0;385.0;909.0;358.0;909.0;328.0;910.0;307.0;681.0;219.0;646.0;286.0
DO Right;Intermédiaire;908.0;113.0;787.0;403.0;857.0;618.0;838.0;376.0;787.0;323.0;772.0;283.0;766.0;244.0;800.0;305.0;796.0;274.0;803.0;235.0;812.0;208.0;829.0;301.0;833.0;267.0;843.0;235.0;851.0;203.0;868.0;308.0;869.0;276.0;882.0;244.0;883.0;206.0;901.0;321.0;912.0;289.0;914.0;258.0;912.0;234.0;682.0;216.0;650.0;289.0
DO Right;Intermédiaire;916.0;97.0;786.0;401.0;859.0;614.0;834.0;349.0;793.0;292.0;778.0;252.0;769.0;216.0;801.0;270.0;796.0;233.0;805.0;205.0;812.0;178.0;833.0;278.0;835.0;236.0;850.0;203.0;858.0;169.0;872.0;285.0;872.0;246.0;878.0;220.0;885.0;185.0;898.0;299.0;910.0;265.0;914.0;233.0;916.0;209.0;682.0;219.0;649.0;290.0
DO Right;Intermédiaire;904.0;94.0;785.0;409.0;858.0;605.0;838.0;321.0;786.0;249.0;781.0;203.0;786.0;177.0;805.0;220.0;806.0;186.0;818.0;154.0;835.0;136.0;834.0;225.0;838.0;179.0;851.0;149.0;862.0;141.0;872.0;242.0;875.0;190.0;877.0;170.0;884.0;149.0;904.0;240.0;912.0;211.0;909.0;187.0;905.0;171.0;682.0;219.0;649.0;290.0
DO Right;Intermédiaire;918.0;102.0;787.0;416.0;867.0;601.0;850.0;276.0;795.0;218.0;793.0;174.0;797.0;137.0;808.0;180.0;818.0;146.0;835.0;129.0;843.0;137.0;840.0;178.0;848.0;145.0;862.0;131.0;866.0;144.0;872.0;197.0;877.0;158.0;880.0;142.0;883.0;144.0;899.0;203.0;912.0;164.0;909.0;156.0;894.0;164.0;683.0;220.0;648.0;293.0
DO Right;Intermédiaire;904.0;89.0;785.0;408.0;864.0;604.0;846.0;275.0;797.0;212.0;797.0;174.0;805.0;134.0;808.0;155.0;819.0;130.0;842.0;128.0;840.0;144.0;843.0;156.0;857.0;128.0;870.0;126.0;867.0;144.0;877.0;177.0;882.0;136.0;882.0;146.0;878.0;156.0;906.0;188.0;910.0;158.0;901.0;155.0;896.0;161.0;683.0;217.0;650.0;291.0
DO Right;Intermédiaire;905.0;88.0;798.0;410.0;867.0;601.0;856.0;245.0;798.0;197.0;804.0;160.0;833.0;138.0;813.0;157.0;829.0;116.0;833.0;120.0;833.0;122.0;845.0;155.0;857.0;120.0;859.0;120.0;858.0;125.0;872.0;168.0;883.0;126.0;883.0;128.0;883.0;131.0;905.0;174.0;910.0;141.0;908.0;144.0;905.0;153.0;682.0;220.0;648.0;292.0
DO Right;Main Fermée, Bras Fléchi;901.0;82.0;782.0;402.0;858.0;590.0;850.0;244.0;803.0;195.0;804.0;169.0;826.0;149.0;819.0;156.0;836.0;120.0;840.0;134.0;838.0;142.0;852.0;146.0;864.0;125.0;876.0;133.0;876.0;141.0;884.0;154.0;892.0;137.0;892.0;140.0;891.0;144.0;908.0;169.0;909.0;149.0;906.0;156.0;904.0;161.0;682.0;220.0;649.0;292.0
DO Right;Main Fermée, Bras Fléchi;914.0;85.0;781.0;406.0;867.0;589.0;858.0;238.0;805.0;198.0;818.0;171.0;834.0;169.0;832.0;150.0;843.0;125.0;857.0;138.0;849.0;157.0;857.0;157.0;869.0;137.0;874.0;149.0;872.0;158.0;884.0;160.0;889.0;146.0;894.0;153.0;891.0;160.0;909.0;173.0;905.0;162.0;904.0;164.0;904.0;170.0;683.0;219.0;648.0;290.0
DO Right;Main Fermée, Bras Fléchi;921.0;88.0;776.0;397.0;878.0;590.0;860.0;242.0;816.0;209.0;832.0;193.0;843.0;201.0;833.0;162.0;844.0;156.0;845.0;168.0;843.0;178.0;853.0;164.0;862.0;158.0;865.0;165.0;861.0;178.0;873.0;172.0;886.0;166.0;886.0;176.0;883.0;188.0;897.0;181.0;908.0;173.0;910.0;181.0;905.0;196.0;682.0;222.0;646.0;292.0
DO Right;Main Fermée, Bras Fléchi;910.0;94.0;785.0;409.0;864.0;572.0;865.0;246.0;826.0;208.0;838.0;195.0;861.0;198.0;841.0;172.0;849.0;177.0;848.0;186.0;842.0;193.0;866.0;164.0;874.0;173.0;872.0;179.0;865.0;188.0;880.0;182.0;890.0;180.0;890.0;186.0;883.0;193.0;908.0;189.0;920.0;182.0;916.0;195.0;905.0;202.0;686.0;217.0;645.0;291.0
DO Right;Main Fermée, Bras Fléchi;910.0;94.0;785.0;409.0;864.0;572.0;865.0;246.0;826.0;208.0;838.0;195.0;861.0;198.0;841.0;172.0;849.0;177.0;848.0;186.0;842.0;193.0;866.0;164.0;874.0;173.0;872.0;179.0;865.0;188.0;880.0;182.0;890.0;180.0;890.0;186.0;883.0;193.0;908.0;189.0;920.0;182.0;916.0;195.0;905.0;202.0;686.0;217.0;645.0;291.0
DO Right;Main Fermée, Bras Fléchi;893.0;84.0;793.0;405.0;883.0;571.0;874.0;248.0;834.0;216.0;849.0;205.0;865.0;205.0;853.0;170.0;861.0;176.0;859.0;181.0;853.0;190.0;874.0;172.0;882.0;179.0;875.0;185.0;869.0;192.0;894.0;181.0;899.0;187.0;897.0;188.0;893.0;193.0;922.0;187.0;922.0;192.0;916.0;200.0;910.0;209.0;688.0;221.0;653.0;291.0
DO Right;Main Fermée, Bras Fléchi;893.0;84.0;793.0;405.0;883.0;571.0;874.0;248.0;834.0;216.0;849.0;205.0;865.0;205.0;853.0;170.0;861.0;176.0;859.0;181.0;853.0;190.0;874.0;172.0;882.0;179.0;875.0;185.0;869.0;192.0;894.0;181.0;899.0;187.0;897.0;188.0;893.0;193.0;922.0;187.0;922.0;192.0;916.0;200.0;910.0;209.0;688.0;221.0;653.0;291.0
DO Right;Main Fermée, Bras Fléchi;893.0;84.0;793.0;405.0;883.0;571.0;874.0;248.0;834.0;216.0;849.0;205.0;865.0;205.0;853.0;170.0;861.0;176.0;859.0;181.0;853.0;190.0;874.0;172.0;882.0;179.0;875.0;185.0;869.0;192.0;894.0;181.0;899.0;187.0;897.0;188.0;893.0;193.0;922.0;187.0;922.0;192.0;916.0;200.0;910.0;209.0;688.0;221.0;653.0;291.0
DO Right;Main Fermée, Bras Fléchi;898.0;84.0;781.0;408.0;867.0;580.0;868.0;237.0;829.0;205.0;838.0;185.0;856.0;185.0;850.0;153.0;865.0;149.0;864.0;161.0;858.0;176.0;876.0;161.0;889.0;160.0;884.0;166.0;876.0;177.0;904.0;168.0;907.0;166.0;905.0;172.0;898.0;179.0;918.0;178.0;920.0;172.0;917.0;180.0;914.0;192.0;692.0;222.0;658.0;296.0
DO Right;Intermédiaire;906.0;96.0;794.0;408.0;857.0;577.0;866.0;241.0;819.0;189.0;833.0;171.0;851.0;176.0;836.0;148.0;856.0;136.0;862.0;148.0;860.0;155.0;866.0;150.0;881.0;141.0;886.0;155.0;875.0;164.0;885.0;165.0;906.0;156.0;906.0;165.0;899.0;179.0;909.0;177.0;921.0;166.0;917.0;174.0;914.0;188.0;694.0;224.0;657.0;292.0
DO Right;Intermédiaire;900.0;96.0;782.0;408.0;851.0;581.0;861.0;238.0;816.0;188.0;827.0;162.0;832.0;141.0;836.0;139.0;849.0;126.0;856.0;136.0;853.0;150.0;853.0;152.0;873.0;138.0;883.0;147.0;875.0;160.0;872.0;164.0;896.0;147.0;896.0;153.0;889.0;170.0;893.0;168.0;912.0;160.0;913.0;171.0;902.0;185.0;692.0;221.0;657.0;296.0
DO Right;Intermédiaire;909.0;99.0;788.0;408.0;857.0;582.0;848.0;249.0;801.0;177.0;798.0;148.0;821.0;128.0;816.0;148.0;829.0;124.0;840.0;133.0;835.0;145.0;845.0;154.0;856.0;128.0;862.0;140.0;860.0;152.0;866.0;165.0;876.0;142.0;878.0;147.0;875.0;156.0;898.0;169.0;897.0;146.0;886.0;154.0;885.0;158.0;694.0;219.0;659.0;291.0
DO Right;Intermédiaire;916.0;88.0;781.0;414.0;860.0;592.0;829.0;253.0;781.0;197.0;777.0;160.0;788.0;128.0;795.0;168.0;805.0;139.0;817.0;130.0;818.0;136.0;826.0;170.0;837.0;142.0;842.0;132.0;841.0;139.0;852.0;179.0;858.0;148.0;864.0;134.0;864.0;146.0;882.0;190.0;884.0;157.0;880.0;152.0;875.0;162.0;690.0;217.0;658.0;292.0
DO Right;Intermédiaire;916.0;96.0;785.0;405.0;857.0;596.0;832.0;292.0;776.0;222.0;762.0;178.0;769.0;139.0;781.0;192.0;792.0;154.0;812.0;153.0;817.0;171.0;814.0;187.0;827.0;157.0;834.0;156.0;832.0;166.0;843.0;196.0;853.0;165.0;856.0;156.0;856.0;161.0;873.0;205.0;876.0;180.0;872.0;168.0;875.0;177.0;693.0;216.0;657.0;293.0
DO Right;Intermédiaire;905.0;102.0;780.0;405.0;854.0;596.0;819.0;333.0;752.0;260.0;738.0;220.0;742.0;194.0;758.0;235.0;768.0;201.0;776.0;174.0;794.0;158.0;795.0;246.0;804.0;203.0;812.0;173.0;829.0;170.0;829.0;243.0;834.0;212.0;838.0;185.0;844.0;174.0;861.0;250.0;865.0;221.0;865.0;197.0;858.0;186.0;692.0;216.0;660.0;291.0
DO Right;Intermédiaire;905.0;96.0;794.0;409.0;850.0;619.0;786.0;365.0;734.0;318.0;728.0;288.0;717.0;259.0;749.0;306.0;753.0;266.0;760.0;225.0;768.0;201.0;782.0;307.0;790.0;262.0;797.0;229.0;802.0;211.0;818.0;320.0;826.0;272.0;825.0;238.0;832.0;219.0;852.0;320.0;857.0;283.0;853.0;257.0;843.0;243.0;691.0;220.0;658.0;293.0
DO Right;Intermédiaire;914.0;98.0;789.0;413.0;849.0;614.0;803.0;421.0;747.0;369.0;720.0;318.0;702.0;290.0;747.0;339.0;746.0;314.0;749.0;277.0;755.0;248.0;782.0;348.0;781.0;308.0;787.0;277.0;797.0;243.0;811.0;353.0;816.0;310.0;821.0;278.0;832.0;256.0;851.0;360.0;854.0;324.0;853.0;296.0;848.0;276.0;692.0;220.0;657.0;294.0
DO Right;Intermédiaire;913.0;104.0;786.0;408.0;849.0;617.0;792.0;465.0;734.0;422.0;715.0;385.0;699.0;355.0;752.0;421.0;744.0;373.0;745.0;346.0;739.0;322.0;781.0;428.0;782.0;385.0;790.0;352.0;794.0;321.0;814.0;433.0;816.0;395.0;818.0;371.0;818.0;338.0;844.0;444.0;850.0;410.0;850.0;374.0;850.0;344.0;692.0;219.0;654.0;292.0
DO Right;Intermédiaire;916.0;98.0;802.0;443.0;841.0;626.0;797.0;555.0;726.0;466.0;712.0;444.0;693.0;425.0;747.0;501.0;742.0;472.0;738.0;445.0;738.0;429.0;782.0;513.0;785.0;486.0;785.0;460.0;788.0;427.0;819.0;518.0;825.0;490.0;827.0;467.0;826.0;436.0;848.0;522.0;852.0;500.0;857.0;473.0;852.0;444.0;690.0;219.0;657.0;292.0
DO Right;Intermédiaire;900.0;91.0;785.0;408.0;843.0;632.0;789.0;571.0;733.0;534.0;721.0;504.0;700.0;470.0;756.0;534.0;744.0;549.0;739.0;515.0;741.0;485.0;772.0;538.0;788.0;558.0;794.0;529.0;794.0;508.0;809.0;549.0;825.0;563.0;825.0;539.0;827.0;509.0;840.0;550.0;853.0;545.0;860.0;531.0;860.0;509.0;688.0;218.0;658.0;293.0
DO Right;Intermédiaire;902.0;89.0;787.0;401.0;822.0;563.0;809.0;586.0;755.0;574.0;729.0;564.0;704.0;542.0;773.0;619.0;752.0;648.0;746.0;621.0;746.0;598.0;789.0;628.0;788.0;646.0;805.0;633.0;801.0;603.0;820.0;636.0;832.0;661.0;833.0;632.0;829.0;610.0;854.0;645.0;861.0;656.0;875.0;640.0;864.0;605.0;690.0;219.0;658.0;296.0
DO Right;Intermédiaire;908.0;96.0;787.0;411.0;829.0;560.0;820.0;651.0;771.0;643.0;737.0;648.0;701.0;633.0;764.0;688.0;764.0;725.0;747.0;731.0;741.0;701.0;793.0;716.0;790.0;753.0;804.0;736.0;806.0;716.0;832.0;717.0;835.0;756.0;840.0;755.0;838.0;726.0;848.0;715.0;865.0;754.0;873.0;736.0;874.0;710.0;690.0;217.0;657.0;297.0
DO Right;Intermédiaire;902.0;99.0;784.0;418.0;827.0;569.0;825.0;680.0;773.0;675.0;741.0;678.0;708.0;674.0;773.0;720.0;761.0;739.0;755.0;753.0;753.0;776.0;801.0;740.0;800.0;760.0;802.0;774.0;802.0;795.0;830.0;749.0;828.0;768.0;834.0;784.0;841.0;802.0;861.0;756.0;867.0;770.0;870.0;787.0;885.0;785.0;691.0;222.0;654.0;294.0
DO Right;Main Ouverte, Bras Tendu;904.0;93.0;786.0;406.0;825.0;573.0;824.0;738.0;772.0;746.0;742.0;750.0;709.0;750.0;777.0;796.0;769.0;817.0;762.0;835.0;757.0;859.0;805.0;816.0;804.0;836.0;805.0;858.0;816.0;875.0;838.0;822.0;838.0;845.0;840.0;864.0;848.0;884.0;867.0;817.0;874.0;841.0;881.0;853.0;890.0;867.0;694.0;218.0;658.0;293.0
DO Right;Main Ouverte, Bras Tendu;907.0;93.0;793.0;413.0;830.0;587.0;833.0;773.0;777.0;780.0;746.0;796.0;712.0;812.0;782.0;857.0;771.0;876.0;764.0;896.0;762.0;921.0;812.0;873.0;808.0;900.0;811.0;925.0;824.0;946.0;843.0;874.0;843.0;900.0;844.0;926.0;849.0;948.0;870.0;869.0;875.0;890.0;882.0;907.0;892.0;923.0;691.0;216.0;659.0;292.0
DO Right;Main Ouverte, Bras Tendu;904.0;101.0;784.0;409.0;826.0;594.0;829.0;804.0;769.0;805.0;741.0;826.0;707.0;835.0;778.0;876.0;771.0;899.0;765.0;921.0;762.0;948.0;813.0;889.0;809.0;921.0;813.0;946.0;827.0;974.0;838.0;896.0;843.0;925.0;846.0;950.0;849.0;976.0;872.0;896.0;877.0;915.0;883.0;929.0;894.0;950.0;690.0;220.0;659.0;292.0
DO Right;Main Ouverte, Bras Tendu;904.0;93.0;785.0;410.0;829.0;595.0;828.0;813.0;764.0;826.0;741.0;851.0;708.0;859.0;777.0;902.0;770.0;934.0;766.0;952.0;765.0;972.0;811.0;921.0;810.0;953.0;820.0;976.0;824.0;998.0;845.0;924.0;844.0;955.0;849.0;974.0;851.0;994.0;869.0;918.0;878.0;938.0;889.0;957.0;893.0;970.0;691.0;219.0;658.0;291.0
DO Right;Main Ouverte, Bras Tendu;904.0;93.0;785.0;410.0;829.0;595.0;828.0;813.0;764.0;826.0;741.0;851.0;708.0;859.0;777.0;902.0;770.0;934.0;766.0;952.0;765.0;972.0;811.0;921.0;810.0;953.0;820.0;976.0;824.0;998.0;845.0;924.0;844.0;955.0;849.0;974.0;851.0;994.0;869.0;918.0;878.0;938.0;889.0;957.0;893.0;970.0;691.0;219.0;658.0;291.0
DO Right;Main Ouverte, Bras Tendu;904.0;93.0;785.0;410.0;829.0;595.0;828.0;813.0;764.0;826.0;741.0;851.0;708.0;859.0;777.0;902.0;770.0;934.0;766.0;952.0;765.0;972.0;811.0;921.0;810.0;953.0;820.0;976.0;824.0;998.0;845.0;924.0;844.0;955.0;849.0;974.0;851.0;994.0;869.0;918.0;878.0;938.0;889.0;957.0;893.0;970.0;691.0;219.0;658.0;291.0
DO Right;Main Ouverte, Bras Tendu;914.0;78.0;788.0;401.0;828.0;592.0;822.0;806.0;756.0;813.0;732.0;830.0;702.0;842.0;769.0;888.0;761.0;910.0;755.0;932.0;755.0;954.0;801.0;905.0;801.0;934.0;802.0;955.0;812.0;978.0;834.0;908.0;832.0;939.0;836.0;961.0;843.0;984.0;861.0;904.0;866.0;923.0;873.0;939.0;882.0;952.0;690.0;219.0;657.0;291.0
DO Right;Main Ouverte, Bras Tendu;905.0;100.0;785.0;411.0;829.0;590.0;816.0;792.0;754.0;794.0;728.0;811.0;705.0;817.0;765.0;870.0;755.0;889.0;747.0;909.0;742.0;931.0;798.0;888.0;794.0;907.0;793.0;928.0;808.0;949.0;827.0;893.0;825.0;914.0;829.0;933.0;833.0;955.0;854.0;886.0;864.0;905.0;870.0;917.0;881.0;929.0;691.0;219.0;657.0;297.0
DO Right;Main Ouverte, Bras Tendu;905.0;85.0;785.0;412.0;828.0;587.0;817.0;786.0;748.0;790.0;726.0;806.0;697.0;811.0;762.0;861.0;750.0;880.0;747.0;893.0;742.0;917.0;790.0;877.0;790.0;899.0;794.0;914.0;801.0;933.0;825.0;881.0;825.0;906.0;828.0;923.0;829.0;940.0;854.0;878.0;860.0;891.0;865.0;904.0;870.0;917.0;692.0;216.0;660.0;294.0
DO Right;Main Ouverte, Bras Tendu;905.0;94.0;788.0;416.0;822.0;587.0;811.0;773.0;756.0;778.0;729.0;788.0;699.0;789.0;757.0;841.0;749.0;861.0;741.0;883.0;737.0;905.0;797.0;859.0;788.0;877.0;790.0;896.0;798.0;909.0;821.0;867.0;819.0;888.0;824.0;904.0;827.0;917.0;854.0;867.0;858.0;885.0;864.0;889.0;867.0;898.0;692.0;220.0;658.0;296.0
DO Right;Main Ouverte, Bras Tendu;901.0;93.0;784.0;411.0;819.0;581.0;818.0;756.0;758.0;761.0;732.0;768.0;705.0;768.0;757.0;822.0;749.0;838.0;741.0;856.0;736.0;877.0;790.0;843.0;785.0;865.0;788.0;881.0;800.0;893.0;819.0;858.0;817.0;875.0;821.0;889.0;829.0;905.0;849.0;853.0;852.0;872.0;860.0;878.0;869.0;886.0;690.0;220.0;656.0;296.0
DO Right;Main Ouverte, Bras Tendu;892.0;104.0;784.0;410.0;821.0;576.0;821.0;745.0;757.0;748.0;742.0;758.0;709.0;756.0;755.0;819.0;746.0;837.0;738.0;852.0;732.0;869.0;784.0;843.0;781.0;861.0;789.0;873.0;803.0;881.0;818.0;856.0;818.0;876.0;825.0;885.0;832.0;896.0;848.0;852.0;854.0;862.0;858.0;872.0;867.0;876.0;688.0;220.0;654.0;298.0
PPTT Right;Intermédiaire;908.0;100.0;787.0;408.0;817.0;579.0;819.0;749.0;773.0;737.0;762.0;739.0;738.0;747.0;756.0;808.0;744.0;826.0;738.0;845.0;732.0;856.0;787.0;835.0;782.0;852.0;795.0;861.0;806.0;866.0;812.0;846.0;811.0;868.0;822.0;873.0;836.0;877.0;840.0;852.0;848.0;864.0;857.0;869.0;866.0;870.0;684.0;218.0;650.0;291.0
PPTT Right;Intermédiaire;899.0;98.0;792.0;413.0;821.0;578.0;824.0;745.0;781.0;736.0;771.0;736.0;757.0;740.0;768.0;800.0;746.0;820.0;739.0;836.0;731.0;850.0;782.0;828.0;781.0;846.0;798.0;851.0;820.0;850.0;813.0;835.0;809.0;866.0;826.0;865.0;846.0;854.0;836.0;845.0;834.0;875.0;849.0;869.0;864.0;864.0;683.0;212.0;650.0;289.0
PPTT Right;Intermédiaire;914.0;99.0;785.0;419.0;817.0;565.0;821.0;736.0;786.0;732.0;774.0;732.0;755.0;732.0;761.0;795.0;749.0;816.0;736.0;827.0;729.0;843.0;782.0;829.0;788.0;844.0;803.0;844.0;824.0;843.0;809.0;835.0;810.0;869.0;826.0;859.0;841.0;851.0;836.0;850.0;842.0;874.0;859.0;861.0;870.0;846.0;681.0;216.0;650.0;290.0
PPTT Right;Intermédiaire;901.0;94.0;787.0;409.0;821.0;572.0;832.0;757.0;793.0;733.0;786.0;732.0;774.0;732.0;758.0;793.0;740.0;816.0;732.0;828.0;730.0;841.0;779.0;827.0;794.0;838.0;818.0;830.0;837.0;819.0;800.0;833.0;819.0;857.0;851.0;834.0;864.0;812.0;836.0;843.0;842.0;861.0;866.0;843.0;872.0;825.0;681.0;214.0;651.0;296.0
PPTT Right;Pointage à droite;898.0;98.0;787.0;413.0;818.0;572.0;825.0;733.0;794.0;725.0;781.0;740.0;802.0;755.0;762.0;788.0;747.0;813.0;736.0;827.0;729.0;850.0;777.0;824.0;810.0;822.0;842.0;809.0;869.0;793.0;801.0;843.0;834.0;834.0;861.0;817.0;877.0;798.0;829.0;857.0;859.0;848.0;873.0;826.0;886.0;805.0;682.0;214.0;651.0;289.0
PPTT Right;Pointage à droite;898.0;98.0;787.0;413.0;818.0;572.0;825.0;733.0;794.0;725.0;782.0;736.0;809.0;756.0;762.0;788.0;747.0;813.0;736.0;827.0;729.0;850.0;777.0;824.0;810.0;822.0;842.0;809.0;874.0;772.0;801.0;843.0;834.0;834.0;861.0;817.0;878.0;790.0;829.0;857.0;859.0;848.0;873.0;826.0;885.0;803.0;682.0;214.0;651.0;289.0
PPTT Right;Intermédiaire;902.0;93.0;795.0;442.0;816.0;573.0;813.0;732.0;796.0;745.0;816.0;754.0;834.0;771.0;781.0;763.0;766.0;795.0;752.0;816.0;760.0;837.0;777.0;818.0;827.0;819.0;854.0;795.0;881.0;771.0;800.0;844.0;853.0;821.0;858.0;794.0;856.0;771.0;819.0;856.0;857.0;838.0;870.0;809.0;864.0;798.0;682.0;213.0;651.0;286.0
PPTT Right;Intermédiaire;913.0;100.0;790.0;416.0;821.0;572.0;808.0;748.0;808.0;744.0;826.0;762.0;850.0;793.0;780.0;782.0;771.0;805.0;765.0;826.0;774.0;849.0;794.0;820.0;830.0;817.0;850.0;793.0;849.0;764.0;804.0;849.0;856.0;829.0;859.0;798.0;872.0;766.0;821.0;861.0;868.0;841.0;870.0;803.0;859.0;796.0;683.0;216.0;652.0;290.0
PPTT Right;Intermédiaire;915.0;92.0;793.0;417.0;824.0;590.0;804.0;736.0;820.0;747.0;838.0;770.0;859.0;794.0;777.0;784.0;766.0;806.0;776.0;826.0;787.0;864.0;796.0;811.0;836.0;818.0;849.0;793.0;850.0;774.0;805.0;849.0;854.0;833.0;859.0;809.0;872.0;769.0;818.0;856.0;865.0;840.0;868.0;812.0;864.0;800.0;684.0;217.0;652.0;288.0
PPTT Right;Intermédiaire;910.0;91.0;784.0;417.0;819.0;573.0;806.0;731.0;834.0;754.0;865.0;780.0;888.0;820.0;784.0;796.0;784.0;834.0;795.0;861.0;800.0;886.0;804.0;834.0;856.0;838.0;867.0;812.0;872.0;780.0;818.0;862.0;867.0;842.0;875.0;810.0;878.0;786.0;819.0;869.0;877.0;852.0;878.0;821.0;882.0;808.0;686.0;220.0;652.0;291.0
PPTT Right;Intermédiaire;912.0;97.0;785.0;413.0;820.0;572.0;812.0;730.0;846.0;756.0;878.0;800.0;901.0;832.0;796.0;803.0;796.0;833.0;809.0;859.0;810.0;885.0;811.0;835.0;865.0;844.0;868.0;817.0;881.0;788.0;819.0;857.0;865.0;854.0;875.0;822.0;882.0;800.0;820.0;874.0;875.0;864.0;886.0;833.0;886.0;817.0;688.0;225.0;657.0;292.0
PPTT Right;Intermédiaire;902.0;102.0;781.0;417.0;816.0;590.0;814.0;755.0;858.0;765.0;883.0;804.0;901.0;840.0;801.0;814.0;803.0;838.0;814.0;861.0;820.0;882.0;824.0;846.0;870.0;844.0;876.0;826.0;878.0;814.0;826.0;861.0;873.0;861.0;878.0;837.0;882.0;821.0;822.0;874.0;880.0;868.0;884.0;842.0;891.0;825.0;690.0;224.0;657.0;296.0
PPTT Right;Intermédiaire;907.0;104.0;784.0;411.0;818.0;584.0;812.0;750.0;864.0;772.0;892.0;814.0;908.0;844.0;808.0;822.0;809.0;848.0;819.0;884.0;821.0;907.0;825.0;848.0;885.0;854.0;886.0;835.0;884.0;803.0;834.0;874.0;884.0;872.0;883.0;845.0;889.0;812.0;836.0;885.0;884.0;875.0;885.0;849.0;889.0;827.0;692.0;221.0;658.0;291.0
PPTT Right;Intermédiaire;914.0;101.0;788.0;410.0;818.0;570.0;818.0;753.0;873.0;780.0;893.0;824.0;914.0;859.0;814.0;824.0;816.0;856.0;829.0;882.0;834.0;909.0;825.0;857.0;884.0;865.0;886.0;845.0;882.0;819.0;827.0;877.0;888.0;876.0;884.0;846.0;885.0;821.0;830.0;881.0;884.0;872.0;885.0;852.0;883.0;824.0;692.0;221.0;658.0;291.0
PPTT Right;Intermédiaire;914.0;101.0;788.0;410.0;818.0;570.0;818.0;753.0;873.0;780.0;893.0;824.0;914.0;859.0;814.0;824.0;816.0;856.0;829.0;882.0;834.0;909.0;825.0;857.0;884.0;865.0;886.0;845.0;882.0;819.0;827.0;877.0;888.0;876.0;884.0;846.0;885.0;821.0;830.0;881.0;884.0;872.0;885.0;852.0;883.0;824.0;692.0;221.0;658.0;291.0
PPTT Right;Intermédiaire;914.0;101.0;788.0;410.0;818.0;570.0;818.0;753.0;873.0;780.0;893.0;824.0;914.0;859.0;814.0;824.0;816.0;856.0;829.0;882.0;834.0;909.0;825.0;857.0;884.0;865.0;886.0;845.0;882.0;819.0;827.0;877.0;888.0;876.0;884.0;846.0;885.0;821.0;830.0;881.0;884.0;872.0;885.0;852.0;883.0;824.0;692.0;221.0;658.0;291.0
PPTT Right;Intermédiaire;914.0;99.0;789.0;414.0;816.0;574.0;813.0;762.0;875.0;788.0;899.0;826.0;916.0;862.0;818.0;834.0;821.0;862.0;830.0;892.0;836.0;914.0;835.0;870.0;883.0;874.0;889.0;844.0;888.0;825.0;832.0;883.0;881.0;877.0;889.0;850.0;888.0;829.0;835.0;891.0;890.0;888.0;892.0;856.0;892.0;826.0;693.0;222.0;658.0;294.0
PPTT Right;Intermédiaire;914.0;99.0;789.0;414.0;816.0;574.0;813.0;762.0;875.0;788.0;899.0;826.0;916.0;862.0;818.0;834.0;821.0;862.0;830.0;892.0;836.0;914.0;835.0;870.0;883.0;874.0;889.0;844.0;888.0;825.0;832.0;883.0;881.0;877.0;889.0;850.0;888.0;829.0;835.0;891.0;890.0;888.0;892.0;856.0;892.0;826.0;693.0;222.0;658.0;294.0
PPTT Right;Intermédiaire;914.0;99.0;789.0;414.0;816.0;574.0;813.0;762.0;875.0;788.0;899.0;826.0;916.0;862.0;818.0;834.0;821.0;862.0;830.0;892.0;836.0;914.0;835.0;870.0;883.0;874.0;889.0;844.0;888.0;825.0;832.0;883.0;881.0;877.0;889.0;850.0;888.0;829.0;835.0;891.0;890.0;888.0;892.0;856.0;892.0;826.0;693.0;222.0;658.0;294.0
PPTT Right;Intermédiaire;912.0;102.0;788.0;416.0;819.0;570.0;816.0;758.0;870.0;785.0;892.0;827.0;914.0;865.0;812.0;826.0;817.0;862.0;824.0;884.0;830.0;906.0;828.0;866.0;881.0;866.0;878.0;837.0;882.0;820.0;822.0;880.0;884.0;877.0;888.0;850.0;886.0;829.0;829.0;893.0;878.0;885.0;885.0;858.0;881.0;827.0;693.0;222.0;658.0;294.0
PPTT Right;Intermédiaire;912.0;102.0;788.0;416.0;819.0;570.0;816.0;758.0;870.0;785.0;892.0;827.0;914.0;865.0;812.0;826.0;817.0;862.0;824.0;884.0;830.0;906.0;828.0;866.0;881.0;866.0;878.0;837.0;882.0;820.0;822.0;880.0;884.0;877.0;888.0;850.0;886.0;829.0;829.0;893.0;878.0;885.0;885.0;858.0;881.0;827.0;693.0;222.0;658.0;294.0
PPTT Right;Intermédiaire;912.0;102.0;788.0;416.0;819.0;570.0;816.0;758.0;870.0;785.0;892.0;827.0;914.0;865.0;812.0;826.0;817.0;862.0;824.0;884.0;830.0;906.0;828.0;866.0;881.0;866.0;878.0;837.0;882.0;820.0;822.0;880.0;884.0;877.0;888.0;850.0;886.0;829.0;829.0;893.0;878.0;885.0;885.0;858.0;881.0;827.0;693.0;222.0;658.0;294.0
PPTT Right;Intermédiaire;912.0;102.0;788.0;416.0;819.0;570.0;816.0;758.0;870.0;785.0;892.0;827.0;914.0;865.0;812.0;826.0;817.0;862.0;824.0;884.0;830.0;906.0;828.0;866.0;881.0;866.0;878.0;837.0;882.0;820.0;822.0;880.0;884.0;877.0;888.0;850.0;886.0;829.0;829.0;893.0;878.0;885.0;885.0;858.0;881.0;827.0;693.0;222.0;658.0;294.0
PPTT Right;Intermédiaire;912.0;102.0;788.0;416.0;819.0;570.0;816.0;758.0;870.0;785.0;892.0;827.0;914.0;865.0;812.0;826.0;817.0;862.0;824.0;884.0;830.0;906.0;828.0;866.0;881.0;866.0;878.0;837.0;882.0;820.0;822.0;880.0;884.0;877.0;888.0;850.0;886.0;829.0;829.0;893.0;878.0;885.0;885.0;858.0;881.0;827.0;693.0;222.0;658.0;294.0
PPTT Right;Intermédiaire;912.0;102.0;788.0;416.0;819.0;570.0;816.0;758.0;870.0;785.0;892.0;827.0;914.0;865.0;812.0;826.0;817.0;862.0;824.0;884.0;830.0;906.0;828.0;866.0;881.0;866.0;878.0;837.0;882.0;820.0;822.0;880.0;884.0;877.0;888.0;850.0;886.0;829.0;829.0;893.0;878.0;885.0;885.0;858.0;881.0;827.0;693.0;222.0;658.0;294.0
PPTT Right;Intermédiaire;912.0;102.0;788.0;416.0;819.0;570.0;816.0;758.0;870.0;785.0;892.0;827.0;914.0;865.0;812.0;826.0;817.0;862.0;824.0;884.0;830.0;906.0;828.0;866.0;881.0;866.0;878.0;837.0;882.0;820.0;822.0;880.0;884.0;877.0;888.0;850.0;886.0;829.0;829.0;893.0;878.0;885.0;885.0;858.0;881.0;827.0;693.0;222.0;658.0;294.0
PPTT Right;Intermédiaire;912.0;102.0;788.0;416.0;819.0;570.0;816.0;758.0;870.0;785.0;892.0;827.0;914.0;865.0;812.0;826.0;817.0;862.0;824.0;884.0;830.0;906.0;828.0;866.0;881.0;866.0;878.0;837.0;882.0;820.0;822.0;880.0;884.0;877.0;888.0;850.0;886.0;829.0;829.0;893.0;878.0;885.0;885.0;858.0;881.0;827.0;693.0;222.0;658.0;294.0
PPTT Right;Intermédiaire;912.0;102.0;788.0;416.0;819.0;570.0;816.0;758.0;870.0;785.0;892.0;827.0;914.0;865.0;812.0;826.0;817.0;862.0;824.0;884.0;830.0;906.0;828.0;866.0;881.0;866.0;878.0;837.0;882.0;820.0;822.0;880.0;884.0;877.0;888.0;850.0;886.0;829.0;829.0;893.0;878.0;885.0;885.0;858.0;881.0;827.0;693.0;222.0;658.0;294.0
PPTT Right;Intermédiaire;912.0;102.0;788.0;416.0;819.0;570.0;816.0;758.0;870.0;785.0;892.0;827.0;914.0;865.0;812.0;826.0;817.0;862.0;824.0;884.0;830.0;906.0;828.0;866.0;881.0;866.0;878.0;837.0;882.0;820.0;822.0;880.0;884.0;877.0;888.0;850.0;886.0;829.0;829.0;893.0;878.0;885.0;885.0;858.0;881.0;827.0;693.0;222.0;658.0;294.0
PPTT Right;Intermédiaire;912.0;102.0;788.0;416.0;819.0;570.0;816.0;758.0;870.0;785.0;892.0;827.0;914.0;865.0;812.0;826.0;817.0;862.0;824.0;884.0;830.0;906.0;828.0;866.0;881.0;866.0;878.0;837.0;882.0;820.0;822.0;880.0;884.0;877.0;888.0;850.0;886.0;829.0;829.0;893.0;878.0;885.0;885.0;858.0;881.0;827.0;693.0;222.0;658.0;294.0
PPTT Right;Intermédiaire;912.0;102.0;788.0;416.0;819.0;570.0;816.0;758.0;870.0;785.0;892.0;827.0;914.0;865.0;812.0;826.0;817.0;862.0;824.0;884.0;830.0;906.0;828.0;866.0;881.0;866.0;878.0;837.0;882.0;820.0;822.0;880.0;884.0;877.0;888.0;850.0;886.0;829.0;829.0;893.0;878.0;885.0;885.0;858.0;881.0;827.0;693.0;222.0;658.0;294.0
PPTT Right;Intermédiaire;912.0;102.0;788.0;416.0;819.0;570.0;816.0;758.0;870.0;785.0;892.0;827.0;914.0;865.0;812.0;826.0;817.0;862.0;824.0;884.0;830.0;906.0;828.0;866.0;881.0;866.0;878.0;837.0;882.0;820.0;822.0;880.0;884.0;877.0;888.0;850.0;886.0;829.0;829.0;893.0;878.0;885.0;885.0;858.0;881.0;827.0;693.0;222.0;658.0;294.0
PPTT Right;Intermédiaire;912.0;102.0;788.0;416.0;819.0;570.0;816.0;758.0;870.0;785.0;892.0;827.0;914.0;865.0;812.0;826.0;817.0;862.0;824.0;884.0;830.0;906.0;828.0;866.0;881.0;866.0;878.0;837.0;882.0;820.0;822.0;880.0;884.0;877.0;888.0;850.0;886.0;829.0;829.0;893.0;878.0;885.0;885.0;858.0;881.0;827.0;693.0;222.0;658.0;294.0
PPTT Right;Intermédiaire;913.0;105.0;793.0;418.0;813.0;577.0;812.0;756.0;880.0;785.0;908.0;818.0;922.0;865.0;826.0;824.0;833.0;850.0;848.0;878.0;857.0;907.0;843.0;857.0;885.0;859.0;891.0;830.0;889.0;809.0;849.0;875.0;890.0;878.0;888.0;841.0;886.0;824.0;843.0;886.0;890.0;882.0;889.0;840.0;888.0;819.0;691.0;216.0;656.0;292.0
PPTT Right;Pointage à gauche;912.0;96.0;787.0;419.0;824.0;589.0;818.0;758.0;875.0;784.0;924.0;818.0;938.0;859.0;834.0;822.0;858.0;858.0;873.0;876.0;890.0;898.0;842.0;849.0;894.0;859.0;897.0;833.0;889.0;813.0;837.0;868.0;893.0;869.0;894.0;841.0;890.0;827.0;841.0;880.0;891.0;880.0;897.0;841.0;889.0;835.0;689.0;220.0;657.0;299.0
PPTT Right;Pointage à gauche;908.0;96.0;792.0;446.0;821.0;582.0;819.0;744.0;885.0;785.0;929.0;812.0;941.0;845.0;844.0;818.0;865.0;849.0;886.0;875.0;907.0;893.0;837.0;860.0;910.0;851.0;908.0;828.0;902.0;813.0;845.0;869.0;905.0;866.0;899.0;838.0;893.0;824.0;846.0;889.0;906.0;872.0;901.0;844.0;898.0;829.0;690.0;219.0;660.0;292.0
PPTT Right;Pointage à gauche;921.0;97.0;788.0;413.0;818.0;581.0;793.0;755.0;892.0;772.0;931.0;808.0;955.0;835.0;859.0;817.0;891.0;848.0;917.0;868.0;936.0;889.0;842.0;856.0;924.0;850.0;915.0;813.0;901.0;796.0;848.0;875.0;918.0;860.0;902.0;829.0;890.0;813.0;848.0;888.0;920.0;873.0;907.0;842.0;889.0;827.0;690.0;219.0;660.0;292.0
PPTT Right;Pointage à gauche;921.0;97.0;788.0;413.0;818.0;581.0;793.0;755.0;892.0;772.0;931.0;808.0;955.0;835.0;859.0;817.0;891.0;848.0;922.0;876.0;948.0;884.0;842.0;856.0;924.0;850.0;915.0;813.0;901.0;796.0;848.0;875.0;918.0;860.0;902.0;829.0;890.0;813.0;848.0;888.0;920.0;873.0;907.0;842.0;889.0;827.0;690.0;219.0;660.0;292.0
PPTT Right;Pointage à gauche;921.0;97.0;788.0;413.0;818.0;581.0;793.0;755.0;892.0;772.0;931.0;808.0;955.0;835.0;859.0;817.0;891.0;848.0;922.0;876.0;948.0;884.0;842.0;856.0;924.0;850.0;915.0;813.0;901.0;796.0;848.0;875.0;918.0;860.0;902.0;829.0;890.0;813.0;848.0;888.0;920.0;873.0;907.0;842.0;889.0;827.0;690.0;219.0;660.0;292.0
PPTT Right;Pointage à gauche;913.0;101.0;790.0;417.0;821.0;586.0;810.0;744.0;893.0;772.0;942.0;800.0;968.0;832.0;872.0;810.0;904.0;842.0;934.0;858.0;961.0;873.0;856.0;854.0;934.0;835.0;922.0;810.0;907.0;797.0;860.0;868.0;926.0;853.0;921.0;820.0;908.0;811.0;867.0;880.0;932.0;856.0;917.0;832.0;904.0;826.0;692.0;218.0;657.0;298.0
PPTT Right;Pointage à gauche;913.0;101.0;790.0;417.0;821.0;586.0;810.0;744.0;893.0;772.0;942.0;800.0;968.0;832.0;872.0;810.0;904.0;842.0;934.0;858.0;961.0;873.0;856.0;854.0;934.0;835.0;922.0;810.0;907.0;797.0;860.0;868.0;926.0;853.0;921.0;820.0;908.0;811.0;867.0;880.0;932.0;856.0;917.0;832.0;904.0;826.0;692.0;218.0;657.0;298.0
PPTT Right;Pointage à gauche;913.0;101.0;790.0;417.0;821.0;586.0;810.0;744.0;893.0;772.0;942.0;800.0;968.0;832.0;872.0;810.0;904.0;842.0;934.0;858.0;961.0;873.0;856.0;854.0;934.0;835.0;922.0;810.0;907.0;797.0;860.0;868.0;926.0;853.0;921.0;820.0;908.0;811.0;867.0;880.0;932.0;856.0;917.0;832.0;904.0;826.0;692.0;218.0;657.0;298.0
PPTT Right;Pointage à gauche;913.0;101.0;790.0;417.0;821.0;586.0;810.0;744.0;893.0;772.0;942.0;800.0;968.0;832.0;872.0;810.0;904.0;842.0;934.0;858.0;961.0;873.0;856.0;854.0;934.0;835.0;922.0;810.0;907.0;797.0;860.0;868.0;926.0;853.0;921.0;820.0;908.0;811.0;867.0;880.0;932.0;856.0;917.0;832.0;904.0;826.0;692.0;218.0;657.0;298.0
PPTT Right;Pointage à gauche;915.0;96.0;785.0;416.0;825.0;574.0;795.0;761.0;897.0;763.0;948.0;789.0;969.0;820.0;890.0;814.0;921.0;840.0;954.0;860.0;973.0;875.0;868.0;849.0;939.0;838.0;930.0;805.0;909.0;798.0;867.0;865.0;934.0;851.0;928.0;817.0;909.0;811.0;873.0;876.0;936.0;857.0;929.0;824.0;908.0;820.0;691.0;222.0;657.0;293.0
PPTT Right;Pointage à gauche;915.0;96.0;785.0;416.0;825.0;574.0;795.0;761.0;897.0;763.0;948.0;789.0;969.0;820.0;890.0;814.0;921.0;840.0;954.0;860.0;973.0;875.0;868.0;849.0;939.0;838.0;930.0;805.0;909.0;798.0;867.0;865.0;934.0;851.0;928.0;817.0;909.0;811.0;873.0;876.0;936.0;857.0;929.0;824.0;908.0;820.0;692.0;219.0;658.0;296.0
PPTT Right;Pointage à gauche;915.0;96.0;785.0;416.0;825.0;574.0;795.0;761.0;897.0;763.0;948.0;789.0;969.0;820.0;890.0;814.0;921.0;840.0;954.0;860.0;973.0;875.0;868.0;849.0;939.0;838.0;930.0;805.0;909.0;798.0;867.0;865.0;934.0;851.0;928.0;817.0;909.0;811.0;873.0;876.0;936.0;857.0;929.0;824.0;908.0;820.0;692.0;218.0;659.0;292.0
PPTT Right;Pointage à gauche;915.0;96.0;785.0;416.0;825.0;574.0;795.0;761.0;897.0;763.0;948.0;789.0;969.0;820.0;890.0;814.0;921.0;840.0;954.0;860.0;973.0;875.0;868.0;849.0;939.0;838.0;930.0;805.0;909.0;798.0;867.0;865.0;934.0;851.0;928.0;817.0;909.0;811.0;873.0;876.0;936.0;857.0;929.0;824.0;908.0;820.0;693.0;217.0;659.0;294.0
PPTT Right;Pointage à gauche;915.0;96.0;785.0;416.0;825.0;574.0;795.0;761.0;897.0;763.0;948.0;789.0;969.0;820.0;890.0;814.0;921.0;840.0;954.0;860.0;973.0;875.0;868.0;849.0;939.0;838.0;930.0;805.0;909.0;798.0;867.0;865.0;934.0;851.0;928.0;817.0;909.0;811.0;873.0;876.0;936.0;857.0;929.0;824.0;908.0;820.0;693.0;220.0;658.0;297.0
PPTT Right;Pointage à gauche;915.0;96.0;785.0;416.0;825.0;574.0;795.0;761.0;897.0;763.0;948.0;789.0;969.0;820.0;890.0;814.0;921.0;840.0;954.0;860.0;973.0;875.0;868.0;849.0;939.0;838.0;930.0;805.0;909.0;798.0;867.0;865.0;934.0;851.0;928.0;817.0;909.0;811.0;873.0;876.0;936.0;857.0;929.0;824.0;908.0;820.0;690.0;221.0;659.0;291.0
PPTT Right;Pointage à gauche;915.0;96.0;785.0;416.0;825.0;574.0;795.0;761.0;897.0;763.0;948.0;789.0;969.0;820.0;890.0;814.0;921.0;840.0;954.0;860.0;973.0;875.0;868.0;849.0;939.0;838.0;930.0;805.0;909.0;798.0;867.0;865.0;934.0;851.0;928.0;817.0;909.0;811.0;873.0;876.0;936.0;857.0;929.0;824.0;908.0;820.0;690.0;220.0;658.0;292.0
PPTT Right;Pointage à gauche;915.0;96.0;785.0;416.0;825.0;574.0;795.0;761.0;897.0;763.0;948.0;789.0;969.0;820.0;890.0;814.0;921.0;840.0;954.0;860.0;973.0;875.0;868.0;849.0;939.0;838.0;930.0;805.0;909.0;798.0;867.0;865.0;934.0;851.0;928.0;817.0;909.0;811.0;873.0;876.0;936.0;857.0;929.0;824.0;908.0;820.0;691.0;219.0;658.0;292.0
PPTT Right;Pointage à gauche;915.0;96.0;785.0;416.0;825.0;574.0;795.0;761.0;897.0;763.0;948.0;789.0;969.0;820.0;890.0;814.0;921.0;840.0;954.0;860.0;973.0;875.0;868.0;849.0;939.0;838.0;930.0;805.0;909.0;798.0;867.0;865.0;934.0;851.0;928.0;817.0;909.0;811.0;873.0;876.0;936.0;857.0;929.0;824.0;908.0;820.0;691.0;222.0;658.0;294.0
PPTT Right;Pointage à gauche;915.0;96.0;785.0;416.0;825.0;574.0;795.0;761.0;897.0;763.0;948.0;789.0;969.0;820.0;890.0;814.0;921.0;840.0;954.0;860.0;973.0;875.0;868.0;849.0;939.0;838.0;930.0;805.0;909.0;798.0;867.0;865.0;934.0;851.0;928.0;817.0;909.0;811.0;873.0;876.0;936.0;857.0;929.0;824.0;908.0;820.0;691.0;219.0;660.0;292.0
PPTT Right;Pointage à gauche;915.0;96.0;785.0;416.0;825.0;574.0;795.0;761.0;897.0;763.0;948.0;789.0;969.0;820.0;890.0;814.0;921.0;840.0;954.0;860.0;973.0;875.0;868.0;849.0;939.0;838.0;930.0;805.0;909.0;798.0;867.0;865.0;934.0;851.0;928.0;817.0;909.0;811.0;873.0;876.0;936.0;857.0;929.0;824.0;908.0;820.0;692.0;221.0;658.0;293.0
PPTT Right;Pointage à gauche;915.0;96.0;785.0;416.0;825.0;574.0;795.0;761.0;897.0;763.0;948.0;789.0;969.0;820.0;890.0;814.0;921.0;840.0;954.0;860.0;973.0;875.0;868.0;849.0;939.0;838.0;930.0;805.0;909.0;798.0;867.0;865.0;934.0;851.0;928.0;817.0;909.0;811.0;873.0;876.0;936.0;857.0;929.0;824.0;908.0;820.0;690.0;220.0;657.0;292.0
PPTT Right;Pointage à gauche;915.0;96.0;785.0;416.0;825.0;574.0;795.0;761.0;897.0;763.0;948.0;789.0;969.0;820.0;890.0;814.0;921.0;840.0;954.0;860.0;973.0;875.0;868.0;849.0;939.0;838.0;930.0;805.0;909.0;798.0;867.0;865.0;934.0;851.0;928.0;817.0;909.0;811.0;873.0;876.0;936.0;857.0;929.0;824.0;908.0;820.0;691.0;214.0;660.0;291.0
PPTT Right;Pointage à gauche;915.0;96.0;785.0;416.0;825.0;574.0;795.0;761.0;897.0;763.0;948.0;789.0;969.0;820.0;890.0;814.0;921.0;840.0;954.0;860.0;973.0;875.0;868.0;849.0;939.0;838.0;930.0;805.0;909.0;798.0;867.0;865.0;934.0;851.0;928.0;817.0;909.0;811.0;873.0;876.0;936.0;857.0;929.0;824.0;908.0;820.0;977.0;882.0;690.0;219.0
PPTT Right;Pointage à gauche;904.0;90.0;782.0;412.0;821.0;577.0;796.0;762.0;901.0;764.0;946.0;794.0;962.0;827.0;877.0;813.0;915.0;843.0;944.0;861.0;963.0;876.0;866.0;850.0;940.0;838.0;922.0;816.0;914.0;801.0;862.0;869.0;937.0;850.0;923.0;827.0;910.0;809.0;867.0;882.0;933.0;853.0;923.0;835.0;909.0;814.0;690.0;224.0;659.0;294.0
PPTT Right;Pointage à gauche;904.0;90.0;782.0;412.0;821.0;577.0;796.0;762.0;901.0;764.0;946.0;794.0;962.0;827.0;877.0;813.0;915.0;843.0;944.0;861.0;963.0;876.0;866.0;850.0;940.0;838.0;922.0;816.0;914.0;801.0;862.0;869.0;937.0;850.0;923.0;827.0;910.0;809.0;867.0;882.0;933.0;853.0;923.0;835.0;909.0;814.0;690.0;224.0;659.0;294.0
PPTT Right;Pointage à gauche;904.0;90.0;782.0;412.0;821.0;577.0;796.0;762.0;901.0;764.0;946.0;794.0;962.0;827.0;877.0;813.0;915.0;843.0;944.0;861.0;963.0;876.0;866.0;850.0;940.0;838.0;922.0;816.0;914.0;801.0;862.0;869.0;937.0;850.0;923.0;827.0;910.0;809.0;867.0;882.0;933.0;853.0;923.0;835.0;909.0;814.0;690.0;224.0;659.0;294.0
PPTT Right;Pointage à gauche;904.0;90.0;782.0;412.0;821.0;577.0;796.0;762.0;901.0;764.0;946.0;794.0;962.0;827.0;877.0;813.0;915.0;843.0;944.0;861.0;963.0;876.0;866.0;850.0;940.0;838.0;922.0;816.0;914.0;801.0;862.0;869.0;937.0;850.0;923.0;827.0;910.0;809.0;867.0;882.0;933.0;853.0;923.0;835.0;909.0;814.0;690.0;224.0;659.0;294.0
PPTT Right;Pointage à gauche;909.0;92.0;781.0;409.0;819.0;587.0;819.0;749.0;896.0;764.0;941.0;800.0;958.0;835.0;870.0;814.0;902.0;841.0;925.0;864.0;952.0;878.0;862.0;852.0;931.0;842.0;916.0;806.0;906.0;796.0;864.0;862.0;928.0;853.0;913.0;824.0;901.0;811.0;864.0;877.0;929.0;861.0;914.0;830.0;901.0;822.0;688.0;218.0;654.0;296.0
PPTT Right;Pointage à gauche;909.0;92.0;781.0;409.0;819.0;587.0;819.0;749.0;896.0;764.0;941.0;800.0;958.0;835.0;870.0;814.0;902.0;841.0;925.0;864.0;952.0;878.0;862.0;852.0;931.0;842.0;916.0;806.0;906.0;796.0;864.0;862.0;928.0;853.0;913.0;824.0;901.0;811.0;864.0;877.0;929.0;861.0;914.0;830.0;901.0;822.0;688.0;218.0;654.0;296.0
PPTT Right;Pointage à gauche;906.0;84.0;781.0;414.0;825.0;585.0;814.0;747.0;892.0;776.0;932.0;804.0;945.0;836.0;857.0;816.0;889.0;844.0;908.0;858.0;923.0;883.0;850.0;856.0;914.0;848.0;913.0;819.0;901.0;803.0;854.0;867.0;918.0;860.0;910.0;830.0;899.0;812.0;852.0;882.0;917.0;872.0;908.0;838.0;897.0;824.0;691.0;222.0;657.0;297.0
PPTT Right;Pointage à gauche;906.0;91.0;781.0;408.0;820.0;579.0;798.0;765.0;881.0;773.0;929.0;813.0;940.0;851.0;849.0;813.0;869.0;848.0;890.0;867.0;907.0;889.0;841.0;849.0;910.0;843.0;902.0;816.0;897.0;803.0;843.0;872.0;912.0;866.0;902.0;832.0;889.0;817.0;844.0;884.0;900.0;880.0;902.0;846.0;890.0;830.0;690.0;219.0;658.0;296.0
PPTT Right;Intermédiaire;902.0;98.0;786.0;409.0;818.0;577.0;800.0;764.0;875.0;771.0;920.0;805.0;931.0;840.0;845.0;820.0;867.0;849.0;883.0;866.0;890.0;877.0;845.0;850.0;902.0;851.0;906.0;826.0;896.0;810.0;842.0;868.0;899.0;869.0;900.0;835.0;890.0;824.0;841.0;878.0;898.0;877.0;898.0;838.0;889.0;829.0;689.0;221.0;659.0;294.0
PPTT Right;Intermédiaire;907.0;105.0;781.0;414.0;822.0;580.0;794.0;772.0;874.0;774.0;915.0;814.0;929.0;852.0;829.0;817.0;843.0;849.0;861.0;866.0;870.0;896.0;818.0;852.0;901.0;852.0;901.0;822.0;896.0;806.0;827.0;874.0;898.0;867.0;898.0;833.0;891.0;814.0;836.0;885.0;894.0;885.0;893.0;840.0;886.0;821.0;692.0;219.0;659.0;294.0
PPTT Right;Intermédiaire;907.0;105.0;781.0;414.0;822.0;580.0;794.0;772.0;874.0;774.0;915.0;814.0;929.0;852.0;829.0;817.0;835.0;852.0;848.0;874.0;856.0;899.0;818.0;852.0;901.0;852.0;901.0;822.0;896.0;806.0;827.0;874.0;898.0;867.0;898.0;833.0;891.0;814.0;836.0;885.0;894.0;885.0;893.0;840.0;886.0;821.0;692.0;219.0;659.0;294.0
PPTT Right;Intermédiaire;904.0;91.0;784.0;411.0;819.0;580.0;804.0;771.0;865.0;784.0;901.0;819.0;909.0;853.0;820.0;819.0;828.0;851.0;837.0;874.0;844.0;898.0;804.0;849.0;881.0;857.0;885.0;833.0;876.0;816.0;816.0;876.0;878.0;873.0;881.0;840.0;875.0;825.0;820.0;888.0;881.0;882.0;878.0;844.0;870.0;834.0;690.0;220.0;656.0;297.0
PPTT Right;Intermédiaire;907.0;102.0;787.0;414.0;817.0;577.0;804.0;773.0;862.0;785.0;897.0;825.0;908.0;859.0;809.0;820.0;814.0;852.0;826.0;880.0;827.0;899.0;812.0;858.0;869.0;867.0;878.0;843.0;872.0;825.0;817.0;876.0;873.0;876.0;878.0;857.0;870.0;841.0;820.0;894.0;876.0;886.0;881.0;862.0;870.0;851.0;692.0;220.0;657.0;292.0
PPTT Right;Intermédiaire;907.0;102.0;787.0;414.0;817.0;577.0;804.0;773.0;862.0;785.0;897.0;825.0;908.0;859.0;809.0;820.0;805.0;850.0;808.0;880.0;818.0;906.0;812.0;858.0;869.0;867.0;878.0;843.0;872.0;825.0;817.0;876.0;873.0;876.0;878.0;857.0;870.0;841.0;820.0;894.0;876.0;886.0;881.0;862.0;870.0;851.0;692.0;220.0;657.0;292.0
PPTT Right;Intermédiaire;907.0;102.0;787.0;414.0;817.0;577.0;804.0;773.0;862.0;785.0;897.0;825.0;908.0;859.0;809.0;820.0;802.0;854.0;803.0;881.0;809.0;910.0;812.0;858.0;869.0;867.0;878.0;843.0;872.0;825.0;817.0;876.0;873.0;876.0;878.0;857.0;870.0;841.0;820.0;894.0;876.0;886.0;881.0;862.0;870.0;851.0;692.0;220.0;657.0;292.0
PPTT Right;Intermédiaire;907.0;102.0;787.0;414.0;817.0;577.0;804.0;773.0;862.0;785.0;888.0;829.0;890.0;869.0;801.0;817.0;798.0;856.0;803.0;881.0;809.0;910.0;812.0;858.0;869.0;867.0;878.0;843.0;872.0;825.0;817.0;876.0;873.0;876.0;878.0;857.0;870.0;841.0;820.0;894.0;876.0;886.0;881.0;862.0;870.0;851.0;692.0;220.0;657.0;292.0
PPTT Right;Intermédiaire;907.0;102.0;787.0;414.0;817.0;577.0;804.0;773.0;862.0;785.0;888.0;829.0;890.0;869.0;797.0;818.0;792.0;860.0;795.0;886.0;798.0;910.0;812.0;858.0;869.0;867.0;878.0;843.0;872.0;825.0;817.0;876.0;873.0;876.0;878.0;857.0;870.0;841.0;820.0;894.0;876.0;886.0;881.0;862.0;870.0;851.0;692.0;220.0;657.0;292.0
PPTT Right;Intermédiaire;907.0;102.0;787.0;414.0;817.0;577.0;804.0;773.0;862.0;785.0;888.0;829.0;890.0;869.0;797.0;818.0;792.0;860.0;795.0;886.0;798.0;910.0;812.0;858.0;869.0;867.0;878.0;843.0;872.0;825.0;817.0;876.0;873.0;876.0;878.0;857.0;870.0;841.0;820.0;894.0;876.0;886.0;881.0;862.0;870.0;851.0;692.0;220.0;657.0;292.0
PPTT Right;Intermédiaire;907.0;102.0;787.0;414.0;817.0;577.0;804.0;773.0;862.0;785.0;888.0;829.0;890.0;869.0;797.0;818.0;794.0;860.0;801.0;883.0;803.0;909.0;812.0;858.0;869.0;867.0;878.0;843.0;872.0;825.0;817.0;876.0;873.0;876.0;878.0;857.0;870.0;841.0;820.0;894.0;876.0;886.0;881.0;862.0;870.0;851.0;692.0;220.0;657.0;292.0
PPTT Right;Intermédiaire;907.0;102.0;787.0;414.0;817.0;577.0;804.0;773.0;862.0;785.0;888.0;829.0;890.0;869.0;797.0;818.0;794.0;860.0;801.0;883.0;803.0;909.0;812.0;858.0;869.0;867.0;878.0;843.0;872.0;825.0;817.0;876.0;873.0;876.0;878.0;857.0;870.0;841.0;820.0;894.0;876.0;886.0;881.0;862.0;870.0;851.0;692.0;220.0;657.0;292.0
PPTT Right;Intermédiaire;907.0;102.0;787.0;414.0;817.0;577.0;804.0;773.0;862.0;785.0;888.0;829.0;890.0;869.0;797.0;818.0;794.0;860.0;801.0;883.0;803.0;909.0;812.0;858.0;869.0;867.0;878.0;843.0;872.0;825.0;817.0;876.0;873.0;876.0;878.0;857.0;870.0;841.0;820.0;894.0;876.0;886.0;881.0;862.0;870.0;851.0;692.0;220.0;657.0;292.0
PPTT Right;Intermédiaire;901.0;102.0;785.0;410.0;825.0;574.0;801.0;781.0;862.0;790.0;892.0;840.0;896.0;877.0;801.0;827.0;806.0;860.0;808.0;888.0;813.0;909.0;813.0;865.0;859.0;873.0;876.0;852.0;875.0;832.0;816.0;882.0;862.0;880.0;875.0;859.0;876.0;838.0;820.0;890.0;865.0;891.0;878.0;865.0;876.0;843.0;689.0;219.0;657.0;293.0
PPTT Right;Intermédiaire;901.0;102.0;785.0;410.0;825.0;574.0;801.0;781.0;862.0;790.0;892.0;840.0;896.0;877.0;801.0;827.0;806.0;860.0;808.0;888.0;813.0;909.0;813.0;865.0;859.0;873.0;876.0;852.0;875.0;832.0;816.0;882.0;862.0;880.0;875.0;859.0;876.0;838.0;820.0;890.0;865.0;891.0;878.0;865.0;876.0;843.0;689.0;219.0;657.0;293.0
PPTT Right;Intermédiaire;901.0;102.0;785.0;410.0;825.0;574.0;801.0;781.0;862.0;790.0;892.0;840.0;896.0;877.0;801.0;827.0;806.0;860.0;808.0;888.0;813.0;909.0;813.0;865.0;859.0;873.0;876.0;852.0;875.0;832.0;816.0;882.0;862.0;880.0;875.0;859.0;876.0;838.0;820.0;890.0;865.0;891.0;878.0;865.0;876.0;843.0;689.0;219.0;657.0;293.0
PPTT Right;Intermédiaire;901.0;102.0;785.0;410.0;825.0;574.0;801.0;781.0;862.0;790.0;892.0;840.0;896.0;877.0;801.0;827.0;806.0;860.0;808.0;888.0;813.0;909.0;813.0;865.0;859.0;873.0;876.0;852.0;875.0;832.0;816.0;882.0;862.0;880.0;875.0;859.0;876.0;838.0;820.0;890.0;865.0;891.0;878.0;865.0;876.0;843.0;689.0;219.0;657.0;293.0
PPTT Right;Intermédiaire;901.0;102.0;785.0;410.0;825.0;574.0;801.0;781.0;862.0;790.0;892.0;840.0;896.0;877.0;801.0;827.0;806.0;860.0;808.0;888.0;813.0;909.0;813.0;865.0;859.0;873.0;876.0;852.0;875.0;832.0;816.0;882.0;862.0;880.0;875.0;859.0;876.0;838.0;820.0;890.0;865.0;891.0;878.0;865.0;876.0;843.0;689.0;219.0;657.0;293.0
PPTT Right;Intermédiaire;901.0;102.0;785.0;410.0;825.0;574.0;801.0;781.0;862.0;790.0;892.0;840.0;896.0;877.0;801.0;827.0;806.0;860.0;808.0;888.0;813.0;909.0;813.0;865.0;859.0;873.0;876.0;852.0;875.0;832.0;816.0;882.0;862.0;880.0;875.0;859.0;876.0;838.0;820.0;890.0;865.0;891.0;878.0;865.0;876.0;843.0;689.0;219.0;657.0;293.0
PPTT Right;Intermédiaire;901.0;102.0;785.0;410.0;825.0;574.0;801.0;781.0;862.0;790.0;892.0;840.0;896.0;877.0;801.0;827.0;806.0;860.0;808.0;888.0;813.0;909.0;813.0;865.0;859.0;873.0;876.0;852.0;875.0;832.0;816.0;882.0;862.0;880.0;875.0;859.0;876.0;838.0;820.0;890.0;865.0;891.0;878.0;865.0;876.0;843.0;689.0;219.0;657.0;293.0
PPTT Right;Intermédiaire;901.0;102.0;785.0;410.0;825.0;574.0;801.0;781.0;862.0;790.0;892.0;840.0;896.0;877.0;801.0;827.0;806.0;860.0;808.0;888.0;813.0;909.0;813.0;865.0;859.0;873.0;876.0;852.0;875.0;832.0;816.0;882.0;862.0;880.0;875.0;859.0;876.0;838.0;820.0;890.0;865.0;891.0;878.0;865.0;876.0;843.0;689.0;219.0;657.0;293.0
PPTT Right;Intermédiaire;905.0;102.0;784.0;411.0;821.0;576.0;802.0;762.0;861.0;787.0;886.0;830.0;897.0;868.0;797.0;822.0;798.0;854.0;804.0;878.0;802.0;904.0;814.0;864.0;853.0;876.0;872.0;846.0;869.0;822.0;812.0;880.0;859.0;886.0;873.0;852.0;870.0;833.0;814.0;891.0;862.0;892.0;876.0;862.0;873.0;840.0;691.0;220.0;657.0;292.0
PPTT Right;Intermédiaire;905.0;102.0;784.0;411.0;821.0;576.0;802.0;762.0;861.0;787.0;886.0;830.0;897.0;868.0;797.0;822.0;795.0;854.0;796.0;881.0;794.0;909.0;814.0;864.0;853.0;876.0;872.0;846.0;869.0;822.0;812.0;880.0;859.0;886.0;873.0;852.0;870.0;833.0;814.0;891.0;862.0;892.0;876.0;862.0;873.0;840.0;691.0;220.0;657.0;292.0
PPTT Right;Intermédiaire;905.0;102.0;784.0;411.0;821.0;576.0;802.0;762.0;861.0;787.0;886.0;830.0;888.0;872.0;795.0;817.0;786.0;853.0;787.0;884.0;784.0;902.0;805.0;853.0;844.0;869.0;872.0;846.0;869.0;822.0;801.0;869.0;850.0;882.0;873.0;852.0;870.0;833.0;802.0;883.0;857.0;896.0;876.0;862.0;873.0;840.0;691.0;220.0;657.0;292.0
PPTT Right;Intermédiaire;905.0;102.0;784.0;411.0;821.0;576.0;802.0;762.0;861.0;787.0;886.0;830.0;888.0;872.0;788.0;813.0;778.0;854.0;781.0;882.0;778.0;906.0;805.0;853.0;844.0;869.0;872.0;846.0;869.0;822.0;801.0;869.0;850.0;882.0;873.0;852.0;870.0;833.0;802.0;883.0;857.0;896.0;876.0;862.0;873.0;840.0;691.0;220.0;657.0;292.0
PPTT Right;Pointage à droite;910.0;104.0;779.0;411.0;814.0;580.0;800.0;766.0;844.0;781.0;868.0;834.0;876.0;876.0;785.0;819.0;771.0;849.0;768.0;870.0;762.0;898.0;794.0;853.0;837.0;870.0;856.0;854.0;851.0;825.0;794.0;878.0;842.0;881.0;856.0;853.0;850.0;832.0;797.0;894.0;843.0;899.0;862.0;862.0;858.0;840.0;693.0;214.0;657.0;297.0
PPTT Right;Pointage à droite;912.0;100.0;786.0;409.0;824.0;588.0;806.0;763.0;845.0;793.0;860.0;833.0;865.0;868.0;773.0;825.0;760.0;851.0;754.0;877.0;746.0;906.0;778.0;864.0;822.0;872.0;848.0;854.0;856.0;835.0;782.0;880.0;832.0;881.0;856.0;862.0;861.0;838.0;785.0;886.0;838.0;898.0;859.0;873.0;864.0;849.0;691.0;219.0;658.0;291.0
PPTT Right;Pointage à droite;910.0;108.0;792.0;409.0;817.0;579.0;805.0;770.0;849.0;795.0;857.0;835.0;861.0;870.0;768.0;822.0;749.0;853.0;746.0;875.0;736.0;902.0;774.0;860.0;822.0;873.0;844.0;862.0;853.0;842.0;777.0;873.0;825.0;883.0;846.0;869.0;856.0;851.0;778.0;886.0;837.0;904.0;853.0;880.0;860.0;859.0;693.0;218.0;658.0;293.0
PPTT Right;Pointage à droite;910.0;104.0;785.0;414.0;818.0;581.0;811.0;764.0;837.0;795.0;849.0;834.0;850.0;870.0;764.0;813.0;744.0;843.0;738.0;864.0;726.0;888.0;772.0;849.0;805.0;870.0;837.0;856.0;845.0;841.0;770.0;875.0;813.0;881.0;838.0;868.0;849.0;853.0;777.0;888.0;828.0;898.0;844.0;881.0;853.0;864.0;691.0;224.0;658.0;294.0
PPTT Right;Pointage à droite;900.0;101.0;788.0;414.0;812.0;582.0;811.0;766.0;833.0;796.0;837.0;836.0;834.0;868.0;764.0;809.0;734.0;841.0;723.0;866.0;707.0;891.0;762.0;853.0;789.0;874.0;826.0;858.0;843.0;845.0;764.0;876.0;812.0;886.0;832.0;870.0;848.0;853.0;776.0;893.0;817.0;897.0;841.0;880.0;849.0;860.0;691.0;214.0;656.0;293.0
PPTT Right;Pointage à droite;900.0;101.0;788.0;414.0;812.0;582.0;811.0;766.0;833.0;796.0;837.0;836.0;834.0;868.0;755.0;809.0;731.0;843.0;718.0;866.0;700.0;886.0;756.0;856.0;794.0;867.0;826.0;858.0;843.0;845.0;762.0;873.0;812.0;886.0;832.0;870.0;848.0;853.0;774.0;890.0;817.0;897.0;841.0;880.0;849.0;860.0;691.0;214.0;656.0;293.0
PPTT Right;Pointage à droite;906.0;110.0;785.0;412.0;818.0;577.0;811.0;755.0;818.0;801.0;821.0;837.0;822.0;872.0;755.0;806.0;720.0;834.0;706.0;853.0;686.0;880.0;749.0;846.0;778.0;865.0;816.0;850.0;833.0;838.0;750.0;870.0;789.0;882.0;814.0;864.0;838.0;849.0;763.0;883.0;801.0;897.0;833.0;874.0;832.0;859.0;688.0;219.0;654.0;291.0
PPTT Right;Pointage à droite;897.0;86.0;782.0;414.0;817.0;576.0;806.0;763.0;813.0;792.0;817.0;836.0;813.0;873.0;744.0;806.0;704.0;830.0;690.0;861.0;673.0;878.0;744.0;848.0;772.0;868.0;811.0;851.0;825.0;834.0;746.0;867.0;782.0;883.0;818.0;864.0;825.0;845.0;756.0;884.0;796.0;897.0;822.0;875.0;824.0;857.0;692.0;220.0;654.0;296.0
PPTT Right;Pointage à droite;906.0;96.0;781.0;417.0;817.0;577.0;817.0;754.0;805.0;792.0;805.0;832.0;806.0;865.0;737.0;811.0;702.0;832.0;684.0;850.0;666.0;876.0;739.0;844.0;764.0;859.0;795.0;849.0;825.0;830.0;746.0;867.0;779.0;878.0;811.0;860.0;825.0;838.0;757.0;882.0;795.0;891.0;819.0;870.0;821.0;854.0;692.0;220.0;658.0;292.0
PPTT Right;Pointage à droite;906.0;96.0;781.0;417.0;817.0;577.0;817.0;754.0;805.0;792.0;805.0;832.0;806.0;865.0;731.0;805.0;696.0;827.0;676.0;849.0;659.0;864.0;739.0;844.0;764.0;859.0;795.0;849.0;825.0;830.0;746.0;867.0;779.0;878.0;811.0;860.0;825.0;838.0;757.0;882.0;795.0;891.0;819.0;870.0;821.0;854.0;692.0;220.0;658.0;292.0
PPTT Right;Pointage à droite;910.0;97.0;785.0;405.0;818.0;578.0;816.0;749.0;797.0;784.0;793.0;829.0;786.0;861.0;730.0;803.0;692.0;818.0;667.0;842.0;649.0;860.0;731.0;840.0;747.0;861.0;777.0;846.0;814.0;828.0;739.0;868.0;754.0;881.0;794.0;873.0;805.0;849.0;763.0;889.0;786.0;894.0;808.0;870.0;805.0;851.0;694.0;212.0;658.0;293.0
PPTT Right;Pointage à droite;910.0;97.0;785.0;405.0;818.0;578.0;816.0;749.0;797.0;784.0;793.0;829.0;786.0;861.0;730.0;803.0;692.0;818.0;667.0;842.0;649.0;860.0;731.0;840.0;747.0;861.0;777.0;846.0;814.0;828.0;739.0;868.0;754.0;881.0;794.0;873.0;805.0;849.0;763.0;889.0;786.0;894.0;808.0;870.0;805.0;851.0;694.0;212.0;658.0;293.0
PPTT Right;Pointage à droite;910.0;97.0;785.0;405.0;818.0;578.0;816.0;749.0;797.0;784.0;793.0;829.0;786.0;861.0;730.0;803.0;692.0;818.0;667.0;842.0;649.0;860.0;731.0;840.0;747.0;861.0;777.0;846.0;814.0;828.0;739.0;868.0;754.0;881.0;794.0;873.0;805.0;849.0;763.0;889.0;786.0;894.0;808.0;870.0;805.0;851.0;694.0;212.0;658.0;293.0
PPTT Right;Pointage à droite;910.0;97.0;785.0;405.0;818.0;578.0;816.0;749.0;797.0;784.0;793.0;829.0;786.0;861.0;730.0;803.0;692.0;818.0;667.0;842.0;649.0;860.0;731.0;840.0;747.0;861.0;777.0;846.0;814.0;828.0;739.0;868.0;754.0;881.0;794.0;873.0;805.0;849.0;763.0;889.0;786.0;894.0;808.0;870.0;805.0;851.0;694.0;212.0;658.0;293.0
PPTT Right;Pointage à droite;910.0;97.0;785.0;405.0;818.0;578.0;816.0;749.0;797.0;784.0;793.0;829.0;786.0;861.0;730.0;803.0;692.0;818.0;667.0;842.0;649.0;860.0;731.0;840.0;747.0;861.0;777.0;846.0;814.0;828.0;739.0;868.0;754.0;881.0;794.0;873.0;805.0;849.0;763.0;889.0;786.0;894.0;808.0;870.0;805.0;851.0;694.0;212.0;658.0;293.0
PPTT Right;Pointage à droite;910.0;97.0;785.0;405.0;818.0;578.0;816.0;749.0;797.0;784.0;793.0;829.0;786.0;861.0;730.0;803.0;692.0;818.0;667.0;842.0;649.0;860.0;731.0;840.0;747.0;861.0;777.0;846.0;814.0;828.0;739.0;868.0;754.0;881.0;794.0;873.0;805.0;849.0;763.0;889.0;786.0;894.0;808.0;870.0;805.0;851.0;694.0;212.0;658.0;293.0
PPTT Right;Pointage à droite;910.0;97.0;785.0;405.0;818.0;578.0;816.0;749.0;797.0;784.0;793.0;829.0;786.0;861.0;730.0;803.0;692.0;818.0;667.0;842.0;649.0;860.0;731.0;840.0;747.0;861.0;777.0;846.0;814.0;828.0;739.0;868.0;754.0;881.0;794.0;873.0;805.0;849.0;763.0;889.0;786.0;894.0;808.0;870.0;805.0;851.0;694.0;212.0;658.0;293.0
PPTT Right;Pointage à droite;910.0;97.0;785.0;405.0;818.0;578.0;816.0;749.0;797.0;784.0;793.0;829.0;786.0;861.0;730.0;803.0;692.0;818.0;667.0;842.0;649.0;860.0;731.0;840.0;747.0;861.0;777.0;846.0;814.0;828.0;739.0;868.0;754.0;881.0;794.0;873.0;805.0;849.0;763.0;889.0;786.0;894.0;808.0;870.0;805.0;851.0;694.0;212.0;658.0;293.0
PPTT Right;Pointage à droite;910.0;97.0;785.0;405.0;818.0;578.0;816.0;749.0;797.0;784.0;793.0;829.0;786.0;861.0;730.0;803.0;692.0;818.0;667.0;842.0;649.0;860.0;731.0;840.0;747.0;861.0;777.0;846.0;814.0;828.0;739.0;868.0;754.0;881.0;794.0;873.0;805.0;849.0;763.0;889.0;786.0;894.0;808.0;870.0;805.0;851.0;694.0;212.0;658.0;293.0
PPTT Right;Pointage à droite;910.0;97.0;785.0;405.0;818.0;578.0;816.0;749.0;797.0;784.0;793.0;829.0;786.0;861.0;730.0;803.0;692.0;818.0;667.0;842.0;649.0;860.0;731.0;840.0;747.0;861.0;777.0;846.0;814.0;828.0;739.0;868.0;754.0;881.0;794.0;873.0;805.0;849.0;763.0;889.0;786.0;894.0;808.0;870.0;805.0;851.0;694.0;212.0;658.0;293.0
PPTT Right;Pointage à droite;910.0;97.0;785.0;405.0;818.0;578.0;816.0;749.0;797.0;784.0;793.0;829.0;786.0;861.0;730.0;803.0;692.0;818.0;667.0;842.0;649.0;860.0;731.0;840.0;747.0;861.0;777.0;846.0;814.0;828.0;739.0;868.0;754.0;881.0;794.0;873.0;805.0;849.0;763.0;889.0;786.0;894.0;808.0;870.0;805.0;851.0;694.0;212.0;658.0;293.0
PPTT Right;Pointage à droite;910.0;97.0;785.0;405.0;818.0;578.0;816.0;749.0;797.0;784.0;793.0;829.0;786.0;861.0;730.0;803.0;692.0;818.0;667.0;842.0;649.0;860.0;731.0;840.0;747.0;861.0;777.0;846.0;814.0;828.0;739.0;868.0;754.0;881.0;794.0;873.0;805.0;849.0;763.0;889.0;786.0;894.0;808.0;870.0;805.0;851.0;694.0;212.0;658.0;293.0
PPTT Right;Pointage à droite;910.0;97.0;785.0;405.0;818.0;578.0;816.0;749.0;797.0;784.0;793.0;829.0;786.0;861.0;730.0;803.0;692.0;818.0;667.0;842.0;649.0;860.0;731.0;840.0;747.0;861.0;777.0;846.0;814.0;828.0;739.0;868.0;754.0;881.0;794.0;873.0;805.0;849.0;763.0;889.0;786.0;894.0;808.0;870.0;805.0;851.0;694.0;212.0;658.0;293.0
PPTT Right;Pointage à droite;910.0;97.0;785.0;405.0;818.0;578.0;816.0;749.0;797.0;784.0;793.0;829.0;786.0;861.0;730.0;803.0;692.0;818.0;667.0;842.0;649.0;860.0;731.0;840.0;747.0;861.0;777.0;846.0;814.0;828.0;739.0;868.0;754.0;881.0;794.0;873.0;805.0;849.0;763.0;889.0;786.0;894.0;808.0;870.0;805.0;851.0;694.0;212.0;658.0;293.0
PPTT Right;Pointage à droite;910.0;97.0;785.0;405.0;818.0;578.0;816.0;749.0;797.0;784.0;793.0;829.0;786.0;861.0;730.0;803.0;692.0;818.0;667.0;842.0;649.0;860.0;731.0;840.0;747.0;861.0;777.0;846.0;814.0;828.0;739.0;868.0;754.0;881.0;794.0;873.0;805.0;849.0;763.0;889.0;786.0;894.0;808.0;870.0;805.0;851.0;694.0;212.0;658.0;293.0
PPTT Right;Pointage à droite;910.0;97.0;785.0;405.0;818.0;578.0;816.0;749.0;797.0;784.0;793.0;829.0;786.0;861.0;730.0;803.0;692.0;818.0;667.0;842.0;649.0;860.0;731.0;840.0;747.0;861.0;777.0;846.0;814.0;828.0;739.0;868.0;754.0;881.0;794.0;873.0;805.0;849.0;763.0;889.0;786.0;894.0;808.0;870.0;805.0;851.0;694.0;212.0;658.0;293.0
PPTT Right;Pointage à droite;910.0;97.0;785.0;405.0;818.0;578.0;816.0;749.0;797.0;784.0;793.0;829.0;786.0;861.0;730.0;803.0;692.0;818.0;667.0;842.0;649.0;860.0;731.0;840.0;747.0;861.0;777.0;846.0;814.0;828.0;739.0;868.0;754.0;881.0;794.0;873.0;805.0;849.0;763.0;889.0;786.0;894.0;808.0;870.0;805.0;851.0;694.0;212.0;658.0;293.0
PPTT Right;Pointage à droite;899.0;91.0;785.0;414.0;820.0;578.0;814.0;757.0;801.0;789.0;804.0;832.0;800.0;857.0;741.0;797.0;698.0;821.0;681.0;844.0;660.0;862.0;731.0;829.0;754.0;852.0;787.0;851.0;796.0;833.0;746.0;865.0;772.0;877.0;802.0;865.0;809.0;838.0;760.0;882.0;789.0;889.0;805.0;869.0;810.0;849.0;692.0;221.0;658.0;293.0
PPTT Right;Pointage à droite;899.0;91.0;785.0;414.0;820.0;578.0;814.0;757.0;801.0;789.0;804.0;832.0;800.0;857.0;741.0;797.0;698.0;821.0;681.0;844.0;660.0;862.0;731.0;829.0;754.0;852.0;787.0;851.0;796.0;833.0;746.0;865.0;772.0;877.0;802.0;865.0;809.0;838.0;760.0;882.0;789.0;889.0;805.0;869.0;810.0;849.0;692.0;221.0;658.0;293.0
PPTT Right;Pointage à droite;899.0;91.0;785.0;414.0;820.0;578.0;814.0;757.0;801.0;789.0;804.0;832.0;800.0;857.0;741.0;797.0;707.0;828.0;688.0;849.0;672.0;868.0;731.0;829.0;754.0;852.0;787.0;851.0;796.0;833.0;746.0;865.0;772.0;877.0;802.0;865.0;809.0;838.0;760.0;882.0;789.0;889.0;805.0;869.0;810.0;849.0;692.0;221.0;658.0;293.0
PPTT Right;Pointage à droite;912.0;102.0;792.0;418.0;813.0;568.0;802.0;749.0;804.0;788.0;809.0;821.0;804.0;858.0;737.0;810.0;713.0;830.0;696.0;850.0;676.0;876.0;741.0;841.0;761.0;861.0;795.0;854.0;817.0;830.0;755.0;877.0;788.0;880.0;809.0;869.0;814.0;843.0;769.0;884.0;796.0;890.0;816.0;877.0;820.0;858.0;691.0;219.0;654.0;300.0
PPTT Right;Pointage à droite;915.0;99.0;787.0;414.0;813.0;574.0;809.0;752.0;810.0;790.0;818.0;830.0;813.0;857.0;739.0;809.0;715.0;833.0;701.0;857.0;685.0;882.0;752.0;844.0;772.0;866.0;808.0;849.0;825.0;827.0;755.0;870.0;793.0;884.0;818.0;868.0;825.0;846.0;765.0;883.0;802.0;892.0;819.0;875.0;822.0;859.0;691.0;216.0;657.0;296.0
PPTT Right;Pointage à droite;915.0;99.0;787.0;414.0;813.0;574.0;809.0;752.0;810.0;790.0;818.0;830.0;813.0;857.0;739.0;809.0;720.0;835.0;709.0;859.0;699.0;881.0;752.0;844.0;772.0;866.0;808.0;849.0;825.0;827.0;755.0;870.0;793.0;884.0;818.0;868.0;825.0;846.0;765.0;883.0;802.0;892.0;819.0;875.0;822.0;859.0;691.0;216.0;657.0;296.0
PPTT Right;Intermédiaire;914.0;106.0;787.0;412.0;811.0;572.0;806.0;748.0;824.0;779.0;836.0;818.0;837.0;860.0;747.0;817.0;733.0;843.0;728.0;865.0;723.0;889.0;757.0;844.0;798.0;857.0;825.0;843.0;832.0;829.0;762.0;873.0;795.0;876.0;825.0;865.0;837.0;843.0;779.0;888.0;821.0;891.0;832.0;872.0;834.0;854.0;693.0;220.0;653.0;294.0
PPTT Right;Intermédiaire;915.0;97.0;782.0;414.0;818.0;580.0;804.0;760.0;836.0;787.0;849.0;825.0;852.0;867.0;761.0;814.0;744.0;848.0;746.0;872.0;741.0;890.0;774.0;841.0;811.0;860.0;836.0;842.0;845.0;819.0;771.0;872.0;819.0;875.0;840.0;851.0;848.0;832.0;785.0;884.0;826.0;890.0;840.0;865.0;849.0;840.0;692.0;224.0;656.0;293.0
PPTT Right;Intermédiaire;909.0;102.0;781.0;400.0;813.0;579.0;803.0;757.0;834.0;784.0;853.0;827.0;854.0;858.0;765.0;813.0;758.0;843.0;753.0;869.0;749.0;890.0;779.0;849.0;818.0;854.0;845.0;840.0;851.0;825.0;784.0;873.0;820.0;875.0;842.0;854.0;856.0;833.0;788.0;885.0;834.0;884.0;848.0;866.0;852.0;844.0;690.0;219.0;660.0;291.0
PPTT Right;Intermédiaire;907.0;101.0;786.0;404.0;819.0;584.0;811.0;757.0;849.0;782.0;872.0;826.0;868.0;858.0;777.0;817.0;776.0;841.0;778.0;867.0;780.0;889.0;793.0;849.0;837.0;858.0;857.0;844.0;860.0;824.0;787.0;870.0;838.0;870.0;859.0;850.0;862.0;829.0;792.0;883.0;849.0;886.0;860.0;862.0;867.0;841.0;690.0;220.0;657.0;293.0
PPTT Right;Intermédiaire;908.0;86.0;785.0;413.0;820.0;586.0;809.0;761.0;848.0;782.0;876.0;824.0;888.0;856.0;785.0;822.0;786.0;854.0;798.0;878.0;798.0;904.0;809.0;864.0;848.0;864.0;858.0;841.0;854.0;822.0;809.0;877.0;851.0;878.0;864.0;848.0;859.0;826.0;808.0;891.0;865.0;892.0;869.0;856.0;868.0;834.0;690.0;218.0;656.0;297.0
PPTT Right;Intermédiaire;908.0;107.0;786.0;418.0;817.0;594.0;810.0;765.0;852.0;784.0;885.0;825.0;892.0;853.0;796.0;821.0;794.0;846.0;803.0;873.0;809.0;896.0;809.0;861.0;856.0;860.0;869.0;840.0;864.0;816.0;812.0;878.0;865.0;875.0;872.0;849.0;865.0;827.0;814.0;893.0;868.0;889.0;880.0;858.0;877.0;841.0;690.0;220.0;656.0;292.0
PPTT Right;Intermédiaire;914.0;94.0;784.0;416.0;812.0;576.0;812.0;770.0;851.0;780.0;889.0;819.0;900.0;860.0;795.0;824.0;805.0;859.0;816.0;884.0;819.0;902.0;814.0;860.0;860.0;866.0;873.0;836.0;872.0;813.0;821.0;880.0;869.0;881.0;878.0;842.0;875.0;825.0;826.0;894.0;874.0;883.0;882.0;854.0;882.0;832.0;692.0;220.0;658.0;300.0
PPTT Right;Intermédiaire;906.0;99.0;780.0;417.0;816.0;579.0;808.0;760.0;856.0;786.0;891.0;821.0;900.0;860.0;798.0;826.0;808.0;860.0;819.0;882.0;828.0;901.0;816.0;858.0;864.0;858.0;882.0;840.0;874.0;811.0;818.0;870.0;868.0;875.0;884.0;851.0;880.0;821.0;829.0;886.0;874.0;885.0;886.0;854.0;884.0;828.0;694.0;219.0;659.0;293.0
PPTT Right;Intermédiaire;915.0;94.0;782.0;412.0;819.0;581.0;813.0;766.0;858.0;787.0;891.0;821.0;909.0;865.0;796.0;822.0;810.0;860.0;818.0;885.0;829.0;908.0;827.0;865.0;865.0;867.0;877.0;849.0;875.0;826.0;834.0;883.0;866.0;884.0;881.0;864.0;877.0;837.0;837.0;897.0;874.0;892.0;885.0;870.0;884.0;848.0;688.0;221.0;658.0;298.0
PPTT Right;Intermédiaire;907.0;94.0;781.0;414.0;820.0;587.0;814.0;770.0;852.0;789.0;896.0;826.0;904.0;860.0;806.0;820.0;809.0;861.0;822.0;883.0;828.0;909.0;832.0;867.0;868.0;867.0;877.0;843.0;875.0;821.0;835.0;883.0;874.0;875.0;881.0;848.0;880.0;829.0;837.0;894.0;876.0;889.0;886.0;860.0;884.0;841.0;690.0;220.0;657.0;293.0
PPTT Right;Intermédiaire;912.0;106.0;781.0;416.0;818.0;584.0;813.0;763.0;860.0;793.0;889.0;828.0;905.0;866.0;802.0;830.0;812.0;862.0;821.0;885.0;822.0;909.0;825.0;862.0;866.0;864.0;876.0;843.0;872.0;828.0;830.0;880.0;870.0;882.0;880.0;854.0;876.0;836.0;837.0;893.0;877.0;893.0;883.0;861.0;880.0;844.0;691.0;219.0;658.0;294.0
PPTT Right;Intermédiaire;914.0;100.0;780.0;411.0;819.0;586.0;809.0;776.0;856.0;785.0;890.0;827.0;902.0;864.0;800.0;822.0;813.0;858.0;822.0;889.0;830.0;906.0;825.0;862.0;861.0;862.0;874.0;841.0;873.0;828.0;832.0;877.0;869.0;877.0;876.0;849.0;874.0;833.0;836.0;894.0;870.0;889.0;880.0;867.0;878.0;851.0;696.0;221.0;657.0;296.0
PPTT Right;Intermédiaire;913.0;101.0;784.0;412.0;816.0;580.0;812.0;769.0;858.0;786.0;886.0;830.0;900.0;866.0;803.0;826.0;811.0;862.0;819.0;881.0;829.0;905.0;790.0;856.0;857.0;870.0;876.0;844.0;868.0;820.0;796.0;884.0;865.0;885.0;880.0;858.0;876.0;830.0;816.0;898.0;867.0;893.0;881.0;872.0;881.0;840.0;691.0;218.0;657.0;294.0
PPTT Right;Intermédiaire;907.0;98.0;788.0;417.0;818.0;592.0;810.0;763.0;856.0;788.0;885.0;828.0;899.0;862.0;800.0;827.0;809.0;865.0;820.0;886.0;827.0;906.0;794.0;856.0;861.0;870.0;873.0;849.0;872.0;828.0;802.0;880.0;866.0;886.0;878.0;859.0;876.0;840.0;812.0;898.0;869.0;894.0;881.0;866.0;882.0;848.0;688.0;221.0;658.0;296.0
PPTT Right;Intermédiaire;905.0;112.0;780.0;414.0;819.0;581.0;808.0;765.0;852.0;794.0;884.0;826.0;894.0;860.0;797.0;829.0;804.0;861.0;821.0;888.0;830.0;909.0;787.0;859.0;861.0;866.0;874.0;848.0;872.0;826.0;798.0;882.0;862.0;883.0;877.0;857.0;874.0;834.0;814.0;896.0;862.0;897.0;881.0;866.0;882.0;844.0;693.0;217.0;658.0;293.0
PPTT Right;Intermédiaire;915.0;104.0;788.0;410.0;817.0;582.0;812.0;780.0;851.0;795.0;880.0;829.0;897.0;862.0;804.0;824.0;810.0;866.0;821.0;892.0;828.0;913.0;786.0;857.0;856.0;865.0;870.0;846.0;869.0;828.0;797.0;880.0;864.0;884.0;873.0;861.0;873.0;837.0;810.0;894.0;869.0;896.0;876.0;872.0;876.0;846.0;690.0;220.0;654.0;294.0
PPTT Right;Intermédiaire;914.0;96.0;785.0;409.0;818.0;585.0;810.0;769.0;859.0;792.0;889.0;829.0;897.0;860.0;804.0;825.0;811.0;862.0;824.0;884.0;829.0;910.0;784.0;857.0;858.0;873.0;875.0;851.0;877.0;827.0;794.0;876.0;866.0;883.0;877.0;860.0;877.0;834.0;805.0;893.0;869.0;894.0;880.0;865.0;880.0;840.0;692.0;217.0;658.0;294.0
PPTT Right;Intermédiaire;915.0;98.0;782.0;412.0;816.0;580.0;811.0;765.0;854.0;790.0;886.0;834.0;904.0;867.0;801.0;829.0;811.0;862.0;822.0;891.0;832.0;912.0;787.0;854.0;867.0;872.0;870.0;843.0;867.0;826.0;797.0;878.0;869.0;886.0;876.0;853.0;872.0;833.0;809.0;892.0;869.0;899.0;880.0;864.0;876.0;843.0;690.0;220.0;658.0;296.0
PPTT Right;Intermédiaire;906.0;106.0;786.0;412.0;822.0;581.0;812.0;764.0;861.0;790.0;886.0;825.0;902.0;868.0;802.0;821.0;812.0;859.0;825.0;891.0;834.0;913.0;789.0;853.0;864.0;864.0;880.0;843.0;875.0;825.0;793.0;875.0;865.0;882.0;880.0;854.0;876.0;834.0;803.0;892.0;872.0;898.0;882.0;869.0;880.0;842.0;691.0;219.0;658.0;296.0
PPTT Right;Intermédiaire;910.0;102.0;779.0;416.0;819.0;585.0;812.0;773.0;854.0;788.0;889.0;828.0;902.0;862.0;805.0;830.0;811.0;865.0;826.0;890.0;835.0;917.0;786.0;861.0;860.0;868.0;875.0;845.0;869.0;829.0;800.0;878.0;866.0;886.0;881.0;860.0;875.0;838.0;809.0;894.0;869.0;898.0;884.0;867.0;878.0;851.0;691.0;218.0;658.0;297.0
PPTT Right;Intermédiaire;909.0;102.0;786.0;414.0;816.0;585.0;811.0;772.0;857.0;787.0;886.0;832.0;899.0;862.0;796.0;826.0;811.0;862.0;826.0;890.0;830.0;913.0;788.0;858.0;865.0;870.0;872.0;843.0;866.0;825.0;796.0;880.0;864.0;884.0;876.0;854.0;872.0;834.0;809.0;893.0;867.0;893.0;878.0;865.0;880.0;844.0;689.0;225.0;657.0;294.0
PPTT Right;Intermédiaire;907.0;105.0;789.0;413.0;817.0;580.0;820.0;784.0;857.0;790.0;886.0;829.0;905.0;868.0;804.0;833.0;813.0;857.0;824.0;885.0;830.0;908.0;787.0;854.0;858.0;866.0;875.0;848.0;872.0;827.0;802.0;874.0;860.0;883.0;876.0;861.0;875.0;838.0;811.0;893.0;866.0;890.0;878.0;866.0;881.0;850.0;692.0;216.0;658.0;293.0
PPTT Right;Intermédiaire;912.0;105.0;784.0;410.0;819.0;589.0;816.0;764.0;860.0;784.0;892.0;828.0;902.0;864.0;804.0;827.0;813.0;862.0;827.0;888.0;834.0;908.0;792.0;851.0;861.0;862.0;877.0;842.0;874.0;824.0;800.0;877.0;865.0;878.0;882.0;854.0;875.0;836.0;809.0;892.0;869.0;893.0;882.0;864.0;878.0;843.0;689.0;214.0;658.0;291.0
PPTT Right;Intermédiaire;909.0;102.0;782.0;412.0;821.0;580.0;812.0;765.0;861.0;785.0;894.0;828.0;904.0;860.0;808.0;819.0;818.0;854.0;829.0;881.0;836.0;906.0;794.0;851.0;865.0;861.0;875.0;837.0;873.0;822.0;802.0;868.0;865.0;877.0;877.0;848.0;876.0;835.0;812.0;884.0;870.0;889.0;880.0;860.0;878.0;850.0;690.0;220.0;656.0;291.0
PPTT Right;Intermédiaire;910.0;104.0;785.0;411.0;814.0;580.0;814.0;762.0;865.0;779.0;899.0;824.0;913.0;857.0;813.0;819.0;824.0;848.0;834.0;878.0;843.0;900.0;796.0;849.0;872.0;853.0;883.0;833.0;882.0;814.0;803.0;867.0;872.0;872.0;884.0;848.0;882.0;826.0;814.0;885.0;876.0;885.0;885.0;858.0;886.0;840.0;691.0;220.0;659.0;293.0
PPTT Right;Intermédiaire;898.0;97.0;774.0;408.0;820.0;582.0;814.0;765.0;867.0;777.0;900.0;814.0;915.0;846.0;822.0;811.0;833.0;842.0;844.0;867.0;852.0;889.0;804.0;842.0;881.0;850.0;892.0;824.0;889.0;804.0;812.0;865.0;881.0;870.0;891.0;835.0;883.0;812.0;817.0;878.0;881.0;883.0;890.0;848.0;885.0;827.0;691.0;224.0;656.0;298.0
PPTT Right;Pointage à gauche;908.0;91.0;782.0;412.0;817.0;571.0;822.0;772.0;873.0;771.0;905.0;802.0;916.0;836.0;825.0;802.0;836.0;836.0;851.0;854.0;857.0;876.0;810.0;828.0;881.0;841.0;897.0;812.0;891.0;794.0;818.0;853.0;884.0;862.0;882.0;824.0;870.0;808.0;830.0;870.0;884.0;877.0;890.0;844.0;872.0;827.0;689.0;217.0;659.0;296.0
PPTT Right;Pointage à gauche;899.0;97.0;784.0;406.0;816.0;582.0;827.0;760.0;874.0;765.0;917.0;795.0;932.0;820.0;835.0;793.0;849.0;818.0;864.0;832.0;872.0;848.0;816.0;814.0;891.0;827.0;904.0;808.0;896.0;793.0;824.0;842.0;892.0;844.0;892.0;817.0;877.0;806.0;837.0;865.0;890.0;862.0;890.0;838.0;875.0;825.0;690.0;219.0;657.0;296.0
PPTT Right;Pointage à gauche;909.0;97.0;784.0;410.0;822.0;581.0;795.0;745.0;875.0;754.0;917.0;780.0;937.0;803.0;832.0;789.0;858.0;805.0;880.0;820.0;896.0;835.0;822.0;824.0;907.0;817.0;907.0;800.0;896.0;786.0;835.0;846.0;904.0;836.0;902.0;811.0;888.0;800.0;849.0;865.0;901.0;852.0;904.0;828.0;889.0;816.0;694.0;218.0;658.0;293.0
PPTT Right;Pointage à gauche;910.0;100.0;785.0;409.0;818.0;574.0;801.0;752.0;878.0;747.0;923.0;769.0;946.0;802.0;842.0;780.0;865.0;800.0;893.0;805.0;904.0;819.0;826.0;819.0;907.0;821.0;909.0;793.0;900.0;780.0;840.0;841.0;908.0;833.0;908.0;806.0;898.0;797.0;851.0;849.0;907.0;843.0;905.0;820.0;894.0;814.0;694.0;221.0;659.0;294.0
PPTT Right;Pointage à gauche;908.0;94.0;786.0;411.0;816.0;577.0;811.0;734.0;888.0;746.0;928.0;760.0;953.0;780.0;846.0;771.0;876.0;788.0;904.0;796.0;929.0;804.0;851.0;804.0;920.0;786.0;914.0;765.0;900.0;757.0;851.0;833.0;914.0;821.0;913.0;795.0;897.0;780.0;861.0;857.0;912.0;843.0;910.0;821.0;896.0;811.0;691.0;218.0;656.0;291.0
PPTT Right;Pointage à gauche;910.0;101.0;785.0;413.0;819.0;581.0;805.0;731.0;888.0;734.0;931.0;753.0;956.0;780.0;845.0;779.0;888.0;784.0;917.0;787.0;939.0;790.0;848.0;810.0;926.0;802.0;925.0;774.0;893.0;763.0;860.0;830.0;917.0;819.0;921.0;794.0;892.0;786.0;869.0;845.0;918.0;830.0;921.0;808.0;892.0;804.0;691.0;222.0;656.0;297.0
PPTT Right;Pointage à gauche;904.0;105.0;784.0;408.0;822.0;576.0;805.0;744.0;891.0;732.0;930.0;745.0;958.0;774.0;856.0;761.0;900.0;771.0;920.0;778.0;936.0;784.0;859.0;803.0;924.0;802.0;923.0;774.0;908.0;761.0;862.0;826.0;918.0;814.0;920.0;788.0;908.0;772.0;870.0;842.0;921.0;825.0;921.0;803.0;912.0;789.0;690.0;217.0;658.0;291.0
PPTT Right;Pointage à gauche;902.0;93.0;787.0;408.0;824.0;579.0;806.0;728.0;892.0;716.0;936.0;745.0;957.0;774.0;856.0;766.0;901.0;770.0;926.0;772.0;940.0;782.0;867.0;800.0;931.0;796.0;933.0;765.0;926.0;750.0;878.0;822.0;921.0;814.0;926.0;786.0;914.0;782.0;873.0;841.0;924.0;822.0;926.0;800.0;917.0;788.0;692.0;224.0;652.0;292.0
PPTT Right;Pointage à gauche;912.0;98.0;779.0;411.0;821.0;574.0;819.0;726.0;888.0;722.0;932.0;737.0;954.0;769.0;864.0;764.0;906.0;771.0;928.0;771.0;946.0;779.0;868.0;798.0;926.0;795.0;925.0;768.0;906.0;758.0;868.0;819.0;926.0;810.0;924.0;777.0;907.0;773.0;874.0;835.0;928.0;826.0;926.0;797.0;912.0;789.0;691.0;218.0;659.0;292.0
PPTT Right;Pointage à gauche;913.0;96.0;787.0;413.0;820.0;576.0;805.0;728.0;884.0;721.0;934.0;742.0;953.0;769.0;862.0;769.0;907.0;772.0;928.0;774.0;947.0;780.0;867.0;797.0;933.0;794.0;931.0;766.0;910.0;758.0;862.0;820.0;930.0;810.0;926.0;785.0;910.0;779.0;867.0;834.0;924.0;826.0;921.0;802.0;910.0;796.0;692.0;221.0;658.0;296.0
PPTT Right;Pointage à gauche;909.0;94.0;782.0;412.0;820.0;574.0;800.0;741.0;890.0;722.0;936.0;737.0;960.0;769.0;870.0;765.0;906.0;773.0;931.0;773.0;946.0;778.0;874.0;795.0;929.0;795.0;926.0;762.0;909.0;752.0;872.0;820.0;924.0;811.0;924.0;780.0;909.0;770.0;876.0;835.0;917.0;824.0;923.0;794.0;906.0;781.0;694.0;221.0;660.0;291.0
PPTT Right;Pointage à gauche;915.0;106.0;790.0;414.0;821.0;581.0;805.0;734.0;884.0;728.0;938.0;741.0;960.0;768.0;866.0;763.0;908.0;765.0;931.0;769.0;948.0;777.0;867.0;795.0;928.0;794.0;931.0;776.0;915.0;761.0;869.0;822.0;917.0;808.0;923.0;787.0;904.0;774.0;870.0;834.0;922.0;819.0;923.0;796.0;901.0;788.0;692.0;219.0;660.0;291.0
PPTT Right;Pointage à gauche;915.0;92.0;779.0;412.0;818.0;587.0;828.0;732.0;898.0;722.0;941.0;738.0;961.0;766.0;859.0;761.0;898.0;769.0;926.0;771.0;950.0;777.0;869.0;800.0;931.0;803.0;929.0;758.0;912.0;753.0;875.0;818.0;931.0;812.0;930.0;778.0;915.0;771.0;875.0;838.0;928.0;825.0;933.0;790.0;913.0;785.0;691.0;221.0;658.0;298.0
PPTT Right;Pointage à gauche;915.0;92.0;779.0;412.0;818.0;587.0;828.0;732.0;898.0;722.0;941.0;738.0;961.0;766.0;859.0;761.0;898.0;769.0;926.0;771.0;950.0;777.0;869.0;800.0;931.0;803.0;929.0;758.0;912.0;753.0;875.0;818.0;931.0;812.0;930.0;778.0;915.0;771.0;875.0;838.0;928.0;825.0;933.0;790.0;913.0;785.0;691.0;221.0;658.0;298.0
PPTT Right;Pointage à gauche;915.0;92.0;779.0;412.0;818.0;587.0;828.0;732.0;898.0;722.0;941.0;738.0;961.0;766.0;859.0;761.0;898.0;769.0;926.0;771.0;950.0;777.0;869.0;800.0;931.0;803.0;929.0;758.0;912.0;753.0;875.0;818.0;931.0;812.0;930.0;778.0;915.0;771.0;875.0;838.0;928.0;825.0;933.0;790.0;913.0;785.0;691.0;221.0;658.0;298.0
PPTT Right;Pointage à gauche;915.0;92.0;779.0;412.0;818.0;587.0;828.0;732.0;898.0;722.0;941.0;738.0;961.0;766.0;859.0;761.0;898.0;769.0;926.0;771.0;950.0;777.0;869.0;800.0;931.0;803.0;929.0;758.0;912.0;753.0;875.0;818.0;931.0;812.0;930.0;778.0;915.0;771.0;875.0;838.0;928.0;825.0;933.0;790.0;913.0;785.0;691.0;221.0;658.0;298.0
PPTT Right;Pointage à gauche;915.0;92.0;779.0;412.0;818.0;587.0;828.0;732.0;898.0;722.0;941.0;738.0;961.0;766.0;859.0;761.0;898.0;769.0;926.0;771.0;950.0;777.0;869.0;800.0;931.0;803.0;929.0;758.0;912.0;753.0;875.0;818.0;931.0;812.0;930.0;778.0;915.0;771.0;875.0;838.0;928.0;825.0;933.0;790.0;913.0;785.0;691.0;221.0;658.0;298.0
PPTT Right;Pointage à gauche;915.0;92.0;779.0;412.0;818.0;587.0;828.0;732.0;898.0;722.0;941.0;738.0;961.0;766.0;859.0;761.0;898.0;769.0;926.0;771.0;949.0;780.0;869.0;800.0;931.0;803.0;929.0;758.0;912.0;753.0;875.0;818.0;931.0;812.0;930.0;778.0;915.0;771.0;875.0;838.0;928.0;825.0;933.0;790.0;913.0;785.0;691.0;221.0;658.0;298.0
PPTT Right;Pointage à gauche;915.0;92.0;779.0;412.0;818.0;587.0;828.0;732.0;898.0;722.0;941.0;738.0;961.0;766.0;859.0;761.0;898.0;769.0;926.0;771.0;949.0;780.0;869.0;800.0;931.0;803.0;929.0;758.0;912.0;753.0;875.0;818.0;931.0;812.0;930.0;778.0;915.0;771.0;875.0;838.0;928.0;825.0;933.0;790.0;913.0;785.0;691.0;221.0;658.0;298.0
PPTT Right;Pointage à gauche;915.0;92.0;779.0;412.0;818.0;587.0;828.0;732.0;898.0;722.0;941.0;738.0;960.0;774.0;859.0;761.0;898.0;769.0;926.0;771.0;946.0;782.0;869.0;800.0;931.0;803.0;929.0;758.0;912.0;753.0;875.0;818.0;931.0;812.0;930.0;778.0;915.0;771.0;875.0;838.0;928.0;825.0;933.0;790.0;913.0;785.0;691.0;221.0;658.0;298.0
PPTT Right;Pointage à gauche;915.0;92.0;779.0;412.0;818.0;587.0;828.0;732.0;898.0;722.0;941.0;738.0;960.0;774.0;859.0;761.0;898.0;769.0;926.0;771.0;946.0;782.0;869.0;800.0;931.0;803.0;929.0;758.0;912.0;753.0;875.0;818.0;931.0;812.0;930.0;778.0;915.0;771.0;875.0;838.0;928.0;825.0;933.0;790.0;913.0;785.0;691.0;221.0;658.0;298.0
PPTT Right;Pointage à gauche;902.0;106.0;787.0;418.0;819.0;582.0;816.0;734.0;891.0;730.0;932.0;745.0;952.0;773.0;864.0;773.0;892.0;779.0;920.0;780.0;932.0;786.0;866.0;798.0;921.0;801.0;922.0;766.0;908.0;761.0;867.0;826.0;917.0;818.0;921.0;788.0;906.0;779.0;869.0;836.0;915.0;825.0;917.0;800.0;904.0;794.0;691.0;221.0;657.0;296.0
PPTT Right;Pointage à gauche;912.0;105.0;788.0;413.0;820.0;585.0;808.0;739.0;884.0;725.0;933.0;745.0;954.0;773.0;861.0;773.0;886.0;778.0;912.0;787.0;932.0;795.0;869.0;801.0;924.0;801.0;916.0;769.0;909.0;762.0;866.0;820.0;917.0;816.0;917.0;778.0;908.0;772.0;874.0;836.0;917.0;829.0;916.0;800.0;906.0;785.0;693.0;214.0;658.0;292.0
PPTT Right;Pointage à gauche;916.0;98.0;788.0;417.0;813.0;582.0;818.0;732.0;893.0;730.0;931.0;755.0;948.0;778.0;858.0;780.0;886.0;790.0;900.0;801.0;914.0;801.0;851.0;808.0;921.0;798.0;918.0;776.0;907.0;768.0;862.0;827.0;915.0;825.0;908.0;785.0;893.0;773.0;861.0;842.0;906.0;833.0;909.0;801.0;897.0;790.0;689.0;222.0;659.0;294.0
PPTT Right;Pointage à gauche;907.0;97.0;790.0;422.0;821.0;578.0;820.0;738.0;888.0;740.0;931.0;761.0;945.0;786.0;849.0;774.0;873.0;789.0;890.0;798.0;910.0;812.0;836.0;803.0;918.0;801.0;914.0;777.0;898.0;768.0;844.0;826.0;910.0;822.0;913.0;795.0;896.0;784.0;853.0;851.0;909.0;837.0;913.0;804.0;897.0;798.0;692.0;220.0;658.0;294.0
PPTT Right;Pointage à gauche;909.0;97.0;780.0;414.0;817.0;582.0;806.0;745.0;880.0;740.0;925.0;766.0;936.0;798.0;837.0;776.0;865.0;801.0;885.0;813.0;901.0;820.0;830.0;809.0;907.0;801.0;908.0;789.0;898.0;777.0;834.0;830.0;905.0;830.0;902.0;798.0;891.0;784.0;841.0;848.0;899.0;842.0;905.0;810.0;889.0;800.0;692.0;221.0;657.0;294.0
PPTT Right;Pointage à gauche;905.0;107.0;782.0;413.0;818.0;574.0;806.0;746.0;880.0;754.0;914.0;780.0;928.0;814.0;834.0;788.0;852.0;810.0;876.0;826.0;894.0;841.0;820.0;822.0;896.0;822.0;901.0;803.0;896.0;786.0;827.0;846.0;892.0;834.0;897.0;810.0;885.0;796.0;836.0;861.0;894.0;851.0;896.0;817.0;884.0;808.0;693.0;222.0;658.0;294.0
PPTT Right;Pointage à gauche;912.0;101.0;781.0;412.0;818.0;577.0;809.0;747.0;869.0;755.0;912.0;785.0;930.0;814.0;827.0;781.0;846.0;820.0;867.0;832.0;884.0;845.0;826.0;819.0;888.0;825.0;898.0;804.0;894.0;789.0;834.0;840.0;894.0;835.0;897.0;812.0;889.0;795.0;835.0;864.0;886.0;854.0;893.0;822.0;881.0;808.0;690.0;222.0;656.0;294.0
PPTT Right;Pointage à gauche;908.0;94.0;787.0;414.0;822.0;578.0;813.0;758.0;870.0;764.0;907.0;796.0;921.0;830.0;822.0;798.0;841.0;822.0;860.0;844.0;877.0;861.0;812.0;834.0;874.0;827.0;899.0;806.0;898.0;795.0;822.0;851.0;890.0;845.0;890.0;812.0;883.0;795.0;822.0;866.0;881.0;867.0;890.0;819.0;878.0;805.0;693.0;218.0;654.0;296.0
PPTT Right;Intermédiaire;907.0;105.0;782.0;409.0;817.0;573.0;809.0;771.0;868.0;774.0;902.0;808.0;914.0;840.0;818.0;805.0;833.0;835.0;849.0;861.0;862.0;882.0;806.0;833.0;878.0;837.0;890.0;821.0;885.0;806.0;810.0;857.0;870.0;857.0;883.0;833.0;881.0;819.0;816.0;873.0;880.0;870.0;888.0;841.0;884.0;825.0;691.0;219.0;657.0;296.0
PPTT Right;Intermédiaire;913.0;89.0;788.0;402.0;816.0;576.0;809.0;756.0;862.0;781.0;897.0;814.0;907.0;846.0;814.0;811.0;828.0;846.0;844.0;869.0;857.0;897.0;801.0;842.0;881.0;844.0;884.0;825.0;884.0;811.0;805.0;862.0;870.0;866.0;877.0;833.0;869.0;816.0;809.0;877.0;873.0;870.0;877.0;840.0;873.0;829.0;693.0;221.0;658.0;291.0
PPTT Right;Intermédiaire;909.0;100.0;785.0;411.0;817.0;577.0;811.0;753.0;857.0;777.0;893.0;819.0;905.0;856.0;811.0;813.0;821.0;850.0;835.0;875.0;844.0;902.0;796.0;844.0;868.0;859.0;883.0;836.0;880.0;812.0;798.0;868.0;870.0;876.0;884.0;848.0;873.0;819.0;810.0;878.0;870.0;885.0;882.0;860.0;870.0;835.0;690.0;221.0;658.0;294.0
PPTT Right;Intermédiaire;909.0;100.0;785.0;411.0;817.0;577.0;811.0;753.0;857.0;777.0;893.0;819.0;905.0;856.0;811.0;813.0;820.0;854.0;832.0;883.0;838.0;906.0;796.0;844.0;868.0;859.0;883.0;836.0;880.0;812.0;798.0;868.0;870.0;876.0;884.0;848.0;873.0;819.0;810.0;878.0;870.0;885.0;882.0;860.0;870.0;835.0;690.0;221.0;658.0;294.0
PPTT Right;Intermédiaire;909.0;100.0;785.0;411.0;817.0;577.0;811.0;753.0;857.0;777.0;893.0;819.0;899.0;862.0;806.0;819.0;817.0;861.0;827.0;886.0;836.0;910.0;796.0;844.0;868.0;859.0;883.0;836.0;880.0;812.0;798.0;868.0;870.0;876.0;884.0;848.0;873.0;819.0;810.0;878.0;870.0;885.0;882.0;860.0;870.0;835.0;690.0;221.0;658.0;294.0
PPTT Right;Intermédiaire;909.0;100.0;785.0;411.0;817.0;577.0;811.0;753.0;857.0;777.0;893.0;819.0;899.0;862.0;806.0;819.0;817.0;861.0;827.0;886.0;836.0;910.0;796.0;844.0;868.0;859.0;883.0;836.0;880.0;812.0;798.0;868.0;870.0;876.0;884.0;848.0;873.0;819.0;810.0;878.0;870.0;885.0;882.0;860.0;870.0;835.0;690.0;221.0;658.0;294.0
PPTT Right;Intermédiaire;909.0;100.0;785.0;411.0;817.0;577.0;811.0;753.0;857.0;777.0;893.0;819.0;899.0;862.0;806.0;819.0;817.0;861.0;827.0;886.0;838.0;913.0;796.0;844.0;868.0;859.0;883.0;836.0;880.0;812.0;798.0;868.0;870.0;876.0;884.0;848.0;873.0;819.0;810.0;878.0;870.0;885.0;882.0;860.0;870.0;835.0;690.0;221.0;658.0;294.0
PPTT Right;Intermédiaire;909.0;100.0;785.0;411.0;817.0;577.0;811.0;753.0;857.0;777.0;893.0;819.0;899.0;862.0;806.0;819.0;817.0;861.0;827.0;886.0;838.0;913.0;796.0;844.0;868.0;859.0;883.0;836.0;880.0;812.0;798.0;868.0;870.0;876.0;884.0;848.0;873.0;819.0;810.0;878.0;870.0;885.0;882.0;860.0;870.0;835.0;690.0;221.0;658.0;294.0
PPTT Right;Intermédiaire;909.0;100.0;785.0;411.0;817.0;577.0;811.0;753.0;857.0;777.0;893.0;819.0;899.0;862.0;806.0;819.0;817.0;861.0;827.0;886.0;838.0;913.0;796.0;844.0;868.0;859.0;883.0;836.0;880.0;812.0;798.0;868.0;870.0;876.0;884.0;848.0;873.0;819.0;810.0;878.0;870.0;885.0;882.0;860.0;870.0;835.0;690.0;221.0;658.0;294.0
PPTT Right;Intermédiaire;909.0;100.0;785.0;411.0;817.0;577.0;811.0;753.0;857.0;777.0;893.0;819.0;899.0;862.0;806.0;819.0;817.0;861.0;827.0;886.0;838.0;913.0;796.0;844.0;868.0;859.0;883.0;836.0;880.0;812.0;798.0;868.0;870.0;876.0;884.0;848.0;873.0;819.0;810.0;878.0;870.0;885.0;882.0;860.0;870.0;835.0;690.0;221.0;658.0;294.0
PPTT Right;Intermédiaire;909.0;100.0;785.0;411.0;817.0;577.0;811.0;753.0;857.0;777.0;893.0;819.0;899.0;862.0;806.0;819.0;817.0;861.0;827.0;886.0;838.0;913.0;796.0;844.0;868.0;859.0;883.0;836.0;880.0;812.0;798.0;868.0;870.0;876.0;884.0;848.0;873.0;819.0;810.0;878.0;870.0;885.0;882.0;860.0;870.0;835.0;690.0;221.0;658.0;294.0
PPTT Right;Intermédiaire;909.0;100.0;785.0;411.0;817.0;577.0;811.0;753.0;857.0;777.0;893.0;819.0;899.0;862.0;806.0;819.0;817.0;861.0;827.0;886.0;838.0;913.0;796.0;844.0;868.0;859.0;883.0;836.0;880.0;812.0;798.0;868.0;870.0;876.0;884.0;848.0;873.0;819.0;810.0;878.0;870.0;885.0;882.0;860.0;870.0;835.0;690.0;221.0;658.0;294.0
PPTT Right;Intermédiaire;909.0;100.0;785.0;411.0;817.0;577.0;811.0;753.0;857.0;777.0;893.0;819.0;899.0;862.0;806.0;819.0;817.0;861.0;827.0;886.0;836.0;909.0;796.0;844.0;868.0;859.0;883.0;836.0;880.0;812.0;798.0;868.0;870.0;876.0;884.0;848.0;873.0;819.0;810.0;878.0;870.0;885.0;882.0;860.0;870.0;835.0;690.0;221.0;658.0;294.0
PPTT Right;Intermédiaire;909.0;100.0;785.0;411.0;817.0;577.0;811.0;753.0;857.0;777.0;893.0;819.0;899.0;862.0;806.0;819.0;817.0;861.0;827.0;886.0;836.0;909.0;796.0;844.0;868.0;859.0;883.0;836.0;880.0;812.0;798.0;868.0;870.0;876.0;884.0;848.0;873.0;819.0;810.0;878.0;870.0;885.0;882.0;860.0;870.0;835.0;690.0;221.0;658.0;294.0
PPTT Right;Intermédiaire;910.0;108.0;782.0;417.0;814.0;584.0;813.0;761.0;858.0;782.0;889.0;825.0;893.0;860.0;801.0;822.0;805.0;854.0;817.0;884.0;821.0;912.0;789.0;845.0;856.0;867.0;872.0;844.0;878.0;821.0;797.0;867.0;856.0;875.0;874.0;846.0;867.0;826.0;808.0;888.0;862.0;889.0;868.0;859.0;856.0;842.0;692.0;218.0;658.0;294.0
PPTT Right;Intermédiaire;913.0;98.0;790.0;408.0;816.0;582.0;825.0;770.0;861.0;792.0;889.0;824.0;888.0;860.0;794.0;819.0;797.0;849.0;801.0;876.0;804.0;898.0;785.0;838.0;852.0;857.0;864.0;842.0;864.0;824.0;790.0;861.0;852.0;875.0;866.0;846.0;859.0;832.0;796.0;878.0;856.0;890.0;870.0;857.0;861.0;843.0;691.0;221.0;658.0;293.0
PPTT Right;Intermédiaire;909.0;92.0;778.0;405.0;822.0;584.0;813.0;763.0;853.0;777.0;878.0;828.0;889.0;858.0;792.0;817.0;788.0;843.0;795.0;872.0;798.0;898.0;801.0;848.0;845.0;856.0;861.0;835.0;862.0;822.0;808.0;868.0;848.0;874.0;864.0;846.0;858.0;832.0;810.0;880.0;854.0;883.0;864.0;854.0;857.0;843.0;691.0;221.0;659.0;292.0
PPTT Right;Intermédiaire;913.0;96.0;782.0;411.0;814.0;581.0;820.0;762.0;850.0;774.0;870.0;809.0;874.0;842.0;780.0;803.0;777.0;833.0;772.0;860.0;776.0;882.0;792.0;828.0;838.0;848.0;861.0;829.0;866.0;812.0;786.0;858.0;840.0;864.0;856.0;833.0;865.0;820.0;795.0;870.0;850.0;877.0;865.0;843.0;867.0;826.0;691.0;219.0;657.0;293.0
PPTT Right;Pointage à droite;908.0;96.0;787.0;410.0;814.0;579.0;814.0;752.0;845.0;764.0;856.0;804.0;858.0;837.0;774.0;790.0;757.0;808.0;754.0;830.0;748.0;851.0;779.0;822.0;822.0;832.0;836.0;817.0;842.0;797.0;776.0;845.0;828.0;854.0;846.0;828.0;846.0;816.0;789.0;860.0;842.0;868.0;852.0;841.0;852.0;825.0;692.0;220.0;658.0;292.0
PPTT Right;Pointage à droite;912.0;94.0;781.0;409.0;818.0;573.0;808.0;754.0;840.0;761.0;856.0;796.0;851.0;826.0;770.0;779.0;748.0;805.0;745.0;825.0;739.0;846.0;774.0;821.0;821.0;827.0;837.0;805.0;843.0;789.0;773.0;846.0;822.0;850.0;844.0;827.0;848.0;811.0;785.0;857.0;828.0;866.0;843.0;842.0;845.0;832.0;693.0;221.0;657.0;291.0
PPTT Right;Pointage à droite;908.0;96.0;785.0;416.0;816.0;569.0;803.0;740.0;832.0;750.0;843.0;785.0;841.0;818.0;757.0;771.0;740.0;792.0;733.0;808.0;724.0;822.0;763.0;804.0;808.0;817.0;836.0;795.0;836.0;785.0;764.0;824.0;814.0;834.0;836.0;808.0;835.0;795.0;770.0;838.0;824.0;851.0;837.0;828.0;837.0;805.0;690.0;219.0;661.0;292.0
PPTT Right;Pointage à droite;916.0;96.0;785.0;414.0;813.0;578.0;805.0;729.0;833.0;741.0;836.0;772.0;834.0;802.0;762.0;755.0;740.0;766.0;726.0;784.0;716.0;802.0;754.0;794.0;800.0;802.0;833.0;782.0;833.0;765.0;758.0;814.0;806.0;825.0;830.0;800.0;829.0;779.0;769.0;836.0;818.0;838.0;837.0;814.0;834.0;792.0;692.0;219.0;659.0;294.0
PPTT Right;Pointage à droite;916.0;96.0;785.0;414.0;813.0;578.0;805.0;729.0;833.0;741.0;836.0;772.0;834.0;802.0;761.0;753.0;740.0;761.0;725.0;780.0;709.0;801.0;754.0;794.0;801.0;801.0;833.0;782.0;833.0;765.0;758.0;814.0;804.0;822.0;830.0;800.0;829.0;779.0;769.0;836.0;813.0;837.0;837.0;814.0;834.0;792.0;692.0;219.0;659.0;294.0
PPTT Right;Pointage à droite;914.0;102.0;785.0;404.0;812.0;579.0;813.0;709.0;826.0;736.0;837.0;762.0;827.0;792.0;756.0;742.0;731.0;750.0;722.0;763.0;707.0;784.0;752.0;782.0;792.0;794.0;821.0;782.0;836.0;764.0;753.0;808.0;796.0;811.0;824.0;795.0;830.0;779.0;765.0;832.0;818.0;833.0;829.0;812.0;828.0;796.0;689.0;217.0;658.0;297.0
PPTT Right;Pointage à droite;908.0;99.0;785.0;409.0;817.0;572.0;805.0;716.0;821.0;726.0;833.0;757.0;825.0;789.0;756.0;737.0;729.0;746.0;714.0;760.0;702.0;774.0;748.0;778.0;795.0;784.0;825.0;772.0;828.0;755.0;754.0;805.0;798.0;816.0;826.0;795.0;825.0;778.0;770.0;829.0;811.0;830.0;832.0;806.0;828.0;793.0;692.0;218.0;659.0;296.0
PPTT Right;Pointage à droite;908.0;99.0;785.0;409.0;817.0;572.0;805.0;716.0;821.0;726.0;833.0;757.0;825.0;789.0;756.0;737.0;729.0;746.0;714.0;760.0;702.0;774.0;744.0;768.0;795.0;784.0;825.0;772.0;828.0;755.0;757.0;795.0;798.0;816.0;826.0;795.0;825.0;778.0;771.0;824.0;811.0;830.0;832.0;806.0;828.0;793.0;692.0;218.0;659.0;296.0
PPTT Right;Pointage à droite;908.0;99.0;785.0;409.0;817.0;572.0;805.0;716.0;821.0;726.0;833.0;757.0;825.0;789.0;756.0;737.0;729.0;746.0;714.0;760.0;702.0;774.0;744.0;768.0;795.0;784.0;825.0;772.0;828.0;755.0;757.0;795.0;798.0;816.0;826.0;795.0;825.0;778.0;771.0;824.0;811.0;830.0;832.0;806.0;828.0;793.0;692.0;218.0;659.0;296.0
PPTT Right;Pointage à droite;908.0;99.0;785.0;409.0;817.0;572.0;805.0;716.0;821.0;726.0;833.0;757.0;825.0;789.0;756.0;737.0;729.0;746.0;714.0;760.0;702.0;774.0;744.0;768.0;795.0;784.0;825.0;772.0;828.0;755.0;757.0;795.0;798.0;816.0;826.0;795.0;825.0;778.0;771.0;824.0;811.0;830.0;832.0;806.0;828.0;793.0;692.0;218.0;659.0;296.0
PPTT Right;Pointage à droite;908.0;99.0;785.0;409.0;817.0;572.0;805.0;716.0;821.0;726.0;833.0;757.0;825.0;789.0;756.0;737.0;729.0;746.0;714.0;760.0;702.0;774.0;744.0;768.0;795.0;784.0;825.0;772.0;828.0;755.0;757.0;795.0;798.0;816.0;826.0;795.0;825.0;778.0;771.0;824.0;811.0;830.0;832.0;806.0;828.0;793.0;692.0;218.0;659.0;296.0
PPTT Right;Pointage à droite;908.0;99.0;785.0;409.0;817.0;572.0;805.0;716.0;821.0;726.0;833.0;757.0;825.0;789.0;756.0;737.0;729.0;746.0;714.0;760.0;702.0;774.0;744.0;768.0;795.0;784.0;825.0;772.0;828.0;755.0;757.0;795.0;798.0;816.0;826.0;795.0;825.0;778.0;771.0;824.0;811.0;830.0;832.0;806.0;828.0;793.0;692.0;218.0;659.0;296.0
PPTT Right;Pointage à droite;908.0;99.0;785.0;409.0;817.0;572.0;805.0;716.0;821.0;726.0;833.0;757.0;825.0;789.0;756.0;737.0;732.0;749.0;716.0;764.0;701.0;779.0;744.0;768.0;795.0;784.0;825.0;772.0;828.0;755.0;757.0;795.0;798.0;816.0;826.0;795.0;825.0;778.0;771.0;824.0;811.0;830.0;832.0;806.0;828.0;793.0;692.0;218.0;659.0;296.0
PPTT Right;Pointage à droite;908.0;99.0;785.0;409.0;817.0;572.0;805.0;716.0;821.0;726.0;833.0;757.0;825.0;789.0;756.0;737.0;732.0;749.0;716.0;764.0;701.0;779.0;744.0;768.0;795.0;784.0;825.0;772.0;828.0;755.0;757.0;795.0;798.0;816.0;826.0;795.0;825.0;778.0;771.0;824.0;811.0;830.0;832.0;806.0;828.0;793.0;692.0;218.0;659.0;296.0
PPTT Right;Pointage à droite;908.0;99.0;785.0;409.0;817.0;572.0;805.0;716.0;821.0;726.0;833.0;757.0;825.0;789.0;756.0;737.0;732.0;749.0;716.0;764.0;701.0;779.0;744.0;768.0;795.0;784.0;825.0;772.0;828.0;755.0;757.0;795.0;798.0;816.0;826.0;795.0;825.0;778.0;771.0;824.0;811.0;830.0;832.0;806.0;828.0;793.0;692.0;218.0;659.0;296.0
PPTT Right;Pointage à droite;908.0;99.0;785.0;409.0;817.0;572.0;805.0;716.0;821.0;726.0;833.0;757.0;825.0;789.0;756.0;737.0;732.0;749.0;716.0;764.0;701.0;779.0;744.0;768.0;795.0;784.0;825.0;772.0;828.0;755.0;757.0;795.0;798.0;816.0;826.0;795.0;825.0;778.0;771.0;824.0;811.0;830.0;832.0;806.0;828.0;793.0;692.0;218.0;659.0;296.0
PPTT Right;Pointage à droite;908.0;99.0;785.0;409.0;817.0;572.0;805.0;716.0;821.0;726.0;833.0;757.0;825.0;789.0;756.0;737.0;732.0;749.0;716.0;764.0;701.0;779.0;744.0;768.0;795.0;784.0;825.0;772.0;828.0;755.0;757.0;795.0;798.0;816.0;826.0;795.0;825.0;778.0;771.0;824.0;811.0;830.0;832.0;806.0;828.0;793.0;692.0;218.0;659.0;296.0
PPTT Right;Pointage à droite;908.0;99.0;785.0;409.0;817.0;572.0;805.0;716.0;821.0;726.0;833.0;757.0;825.0;789.0;756.0;737.0;732.0;749.0;716.0;764.0;701.0;779.0;744.0;768.0;795.0;784.0;825.0;772.0;828.0;755.0;757.0;795.0;798.0;816.0;826.0;795.0;825.0;778.0;771.0;824.0;811.0;830.0;832.0;806.0;828.0;793.0;692.0;218.0;659.0;296.0
PPTT Right;Pointage à droite;908.0;99.0;785.0;409.0;817.0;572.0;805.0;716.0;821.0;726.0;833.0;757.0;825.0;789.0;756.0;737.0;732.0;749.0;721.0;768.0;707.0;785.0;744.0;768.0;795.0;784.0;825.0;772.0;828.0;755.0;757.0;795.0;798.0;816.0;826.0;795.0;825.0;778.0;771.0;824.0;811.0;830.0;832.0;806.0;828.0;793.0;692.0;218.0;659.0;296.0
PPTT Right;Pointage à droite;908.0;99.0;785.0;409.0;817.0;572.0;805.0;716.0;821.0;726.0;833.0;757.0;825.0;789.0;756.0;737.0;732.0;749.0;724.0;766.0;713.0;786.0;744.0;768.0;795.0;784.0;825.0;772.0;828.0;755.0;757.0;795.0;798.0;816.0;826.0;795.0;825.0;778.0;771.0;824.0;811.0;830.0;832.0;806.0;828.0;793.0;692.0;218.0;659.0;296.0
PPTT Right;Pointage à droite;906.0;89.0;786.0;413.0;811.0;574.0;816.0;705.0;828.0;729.0;838.0;760.0;836.0;790.0;756.0;747.0;733.0;757.0;728.0;777.0;716.0;795.0;754.0;782.0;796.0;795.0;826.0;780.0;840.0;757.0;758.0;809.0;806.0;816.0;832.0;800.0;834.0;777.0;773.0;833.0;820.0;833.0;841.0;809.0;832.0;794.0;689.0;224.0;657.0;291.0
PPTT Right;Pointage à droite;906.0;89.0;786.0;413.0;811.0;574.0;816.0;705.0;828.0;729.0;838.0;760.0;836.0;790.0;756.0;747.0;739.0;762.0;729.0;782.0;720.0;800.0;754.0;782.0;796.0;795.0;826.0;780.0;840.0;757.0;758.0;809.0;806.0;816.0;832.0;800.0;834.0;777.0;773.0;833.0;820.0;833.0;841.0;809.0;832.0;794.0;689.0;224.0;657.0;291.0
PPTT Right;Pointage à droite;906.0;89.0;786.0;413.0;811.0;574.0;816.0;705.0;828.0;729.0;838.0;760.0;836.0;790.0;756.0;747.0;739.0;762.0;729.0;782.0;720.0;800.0;754.0;782.0;796.0;795.0;826.0;780.0;840.0;757.0;758.0;809.0;806.0;816.0;832.0;800.0;834.0;777.0;773.0;833.0;820.0;833.0;841.0;809.0;832.0;794.0;689.0;224.0;657.0;291.0
PPTT Right;Pointage à droite;909.0;94.0;784.0;411.0;816.0;569.0;811.0;710.0;841.0;747.0;843.0;776.0;845.0;803.0;757.0;757.0;744.0;782.0;741.0;804.0;742.0;821.0;764.0;792.0;805.0;800.0;843.0;785.0;834.0;771.0;765.0;820.0;812.0;826.0;840.0;803.0;833.0;785.0;774.0;840.0;825.0;844.0;843.0;818.0;830.0;796.0;691.0;216.0;657.0;297.0
PPTT Right;Intermédiaire;907.0;93.0;779.0;411.0;813.0;576.0;805.0;726.0;835.0;739.0;846.0;778.0;849.0;811.0;762.0;763.0;749.0;789.0;752.0;814.0;749.0;837.0;766.0;806.0;817.0;817.0;827.0;788.0;818.0;768.0;773.0;829.0;826.0;833.0;837.0;801.0;826.0;779.0;782.0;843.0;830.0;846.0;844.0;818.0;833.0;795.0;692.0;219.0;659.0;292.0
PPTT Right;Intermédiaire;907.0;88.0;779.0;410.0;812.0;568.0;808.0;725.0;841.0;746.0;849.0;777.0;852.0;814.0;764.0;773.0;755.0;798.0;761.0;824.0;760.0;841.0;778.0;811.0;816.0;814.0;829.0;790.0;822.0;779.0;779.0;834.0;824.0;834.0;835.0;812.0;828.0;795.0;787.0;845.0;832.0;850.0;844.0;826.0;840.0;806.0;691.0;220.0;658.0;292.0
PPTT Right;Intermédiaire;910.0;98.0;781.0;409.0;816.0;576.0;813.0;725.0;837.0;755.0;854.0;792.0;860.0;826.0;768.0;781.0;769.0;809.0;777.0;836.0;787.0;861.0;789.0;820.0;824.0;825.0;842.0;800.0;836.0;784.0;789.0;843.0;832.0;842.0;837.0;813.0;830.0;798.0;796.0;856.0;838.0;859.0;851.0;824.0;836.0;812.0;692.0;218.0;658.0;294.0
PPTT Right;Intermédiaire;909.0;96.0;781.0;413.0;817.0;570.0;804.0;739.0;840.0;758.0;861.0;798.0;866.0;836.0;768.0;785.0;780.0;820.0;797.0;841.0;813.0;860.0;762.0;820.0;828.0;832.0;846.0;814.0;846.0;796.0;773.0;842.0;832.0;846.0;850.0;822.0;845.0;806.0;789.0;857.0;840.0;859.0;854.0;832.0;852.0;820.0;691.0;218.0;659.0;291.0
PPTT Right;Intermédiaire;908.0;93.0;782.0;411.0;812.0;573.0;803.0;744.0;840.0;758.0;862.0;806.0;869.0;840.0;777.0;793.0;793.0;829.0;808.0;853.0;825.0;880.0;765.0;822.0;830.0;837.0;848.0;813.0;849.0;798.0;774.0;844.0;833.0;854.0;852.0;830.0;848.0;819.0;790.0;864.0;844.0;868.0;853.0;843.0;852.0;828.0;692.0;221.0;658.0;296.0
PPTT Right;Intermédiaire;909.0;92.0;780.0;406.0;817.0;574.0;805.0;750.0;841.0;769.0;865.0;813.0;875.0;846.0;781.0;800.0;789.0;837.0;803.0;861.0;816.0;878.0;772.0;827.0;837.0;840.0;856.0;822.0;849.0;802.0;780.0;852.0;840.0;860.0;854.0;837.0;851.0;816.0;793.0;870.0;846.0;875.0;857.0;845.0;853.0;828.0;692.0;216.0;658.0;292.0
PPTT Right;Intermédiaire;908.0;89.0;784.0;412.0;813.0;574.0;809.0;760.0;840.0;777.0;867.0;818.0;876.0;853.0;781.0;812.0;792.0;850.0;809.0;875.0;818.0;896.0;772.0;836.0;838.0;852.0;854.0;828.0;853.0;812.0;781.0;860.0;842.0;868.0;859.0;838.0;850.0;822.0;795.0;878.0;848.0;882.0;859.0;851.0;851.0;841.0;692.0;221.0;659.0;294.0
PPTT Right;Intermédiaire;908.0;89.0;784.0;412.0;813.0;574.0;809.0;760.0;840.0;777.0;867.0;818.0;876.0;853.0;781.0;812.0;792.0;850.0;809.0;875.0;818.0;896.0;772.0;836.0;838.0;852.0;854.0;828.0;853.0;812.0;781.0;860.0;842.0;868.0;859.0;838.0;850.0;822.0;795.0;878.0;848.0;882.0;859.0;851.0;851.0;841.0;692.0;221.0;659.0;294.0
PPTT Right;Intermédiaire;913.0;99.0;786.0;406.0;817.0;577.0;814.0;762.0;840.0;778.0;872.0;827.0;880.0;861.0;785.0;817.0;794.0;856.0;806.0;882.0;820.0;904.0;777.0;841.0;841.0;858.0;851.0;833.0;851.0;814.0;785.0;865.0;845.0;877.0;858.0;851.0;853.0;833.0;798.0;882.0;853.0;883.0;864.0;861.0;859.0;848.0;693.0;219.0;659.0;294.0
